session_id,network_packet_size,protocol_type,login_attempts,session_duration,encryption_used,ip_reputation_score,failed_logins,browser_type,unusual_time_access,attack_detected
0,599,1,4,-0.3811050563347681,1,1.554848495160435,1,1,0,1
1,472,1,3,0.9729086263444565,1,-0.16802062432726886,0,2,0,0
2,629,1,3,-0.9124553984406011,1,2.3018294145782465,2,0,0,1
3,804,2,4,-0.24346069117320943,1,-1.174381128697149,0,4,0,1
4,453,1,5,-0.3308131298209956,0,-1.5604026840728549,1,2,0,0
5,453,2,5,-0.5241477899488299,0,0.5144514040208147,2,0,1,0
6,815,0,4,-0.08217826357971832,0,0.46526874001048996,1,0,0,1
7,653,1,3,-0.9918445667123039,1,-1.3185765772421518,3,0,1,1
8,406,1,2,-0.3180766507698689,2,-0.2074691078164806,0,0,1,0
9,608,2,6,-0.3315718534905097,2,0.523655324739713,1,0,0,0
10,407,2,6,-0.2695577543814526,1,-1.1764888590167772,3,2,0,1
11,406,2,9,-0.764966899176815,1,0.04725992692277573,1,1,0,1
12,548,1,2,-0.7712031655659786,2,0.4264748863974628,2,3,1,0
13,117,1,4,0.05179979392940289,1,0.8012078949258578,2,4,0,1
14,155,1,3,-0.908888360458324,2,0.11930345746015326,3,0,0,1
15,387,0,6,-0.6364537018035039,1,-0.431356595049428,3,0,0,1
16,297,1,8,0.7992638131113545,0,0.07918477563697857,3,2,0,1
17,562,2,1,-0.8964404247416529,2,-1.0983996196819337,2,2,0,0
18,318,1,5,-0.3658418795511414,0,0.3549795569800489,1,4,0,1
19,217,0,2,0.11553122408184115,1,-0.11979601188462154,0,0,0,0
20,793,1,3,-0.85251700353926,0,0.2144020161672631,2,2,0,0
21,454,1,1,-0.6268227129700853,2,0.24008253321672024,1,0,0,0
22,513,1,3,-0.17572612839506851,0,0.9351864818521117,1,2,0,0
23,215,1,8,-0.604742633961996,0,0.737197335584145,2,0,0,1
24,391,1,5,-0.8894096549401166,0,1.1565251278720374,2,2,0,0
25,522,1,4,-0.738849372432459,0,-1.2611237808594626,3,2,0,1
26,269,1,9,-0.8900064713792529,2,0.9904419597480001,0,0,0,1
27,575,1,3,3.1701026732302338,1,0.5030802899548353,0,0,0,0
28,379,2,2,-0.7345441965230791,0,2.5679569769861676,2,0,0,1
29,441,1,7,-0.2387404963545901,0,0.026492740563837762,0,2,0,1
30,379,1,1,-0.4387738264367178,1,-1.3091483061712557,0,0,0,0
31,870,2,2,-0.1506225323572792,1,-0.3344219146608205,1,0,0,1
32,497,1,1,-0.3067482814911005,2,-1.6717875782090479,1,0,1,0
33,288,0,2,0.3132066584522845,0,-1.247742193418091,3,0,0,1
34,664,1,6,1.0910758622754166,2,0.3398123482785057,2,0,1,0
35,255,1,2,-0.6662326808283857,0,1.049799989087634,1,0,1,0
36,541,1,5,-0.8015382015217253,2,-1.0913634432073382,2,0,0,0
37,108,1,7,3.219796217938201,0,-1.421356637924755,2,2,0,1
38,234,1,5,1.0369452243091852,1,1.77545641410881,4,2,0,1
39,539,1,4,-0.5477047369869125,1,-0.12726432343617386,0,0,0,0
40,647,1,2,1.2823786644887685,2,-0.18148149581534975,1,0,0,0
41,534,1,4,0.12142781117687851,0,-1.6626842342400272,3,0,0,1
42,476,1,4,-0.42281172979800125,1,0.3729731059331692,2,1,0,0
43,439,1,5,1.094349413666193,2,-0.4855366051711389,2,0,0,0
44,204,1,4,0.1361561378258965,1,0.033769685346913006,1,0,0,0
45,356,1,2,0.7733572049035353,1,1.9282578137614261,1,0,0,1
46,407,1,7,-0.45774964712591626,1,-1.4085986805257804,3,1,1,1
47,711,1,5,0.6225630212159606,0,-0.6992668665224896,2,1,0,1
48,568,1,6,-0.5428825243292712,0,1.1459318805986025,2,4,0,1
49,147,1,1,0.34315727807400903,0,-0.3836061405071557,1,1,0,0
50,564,1,2,-0.42622310969344174,2,-0.6300739371791146,1,1,1,0
51,422,1,5,-0.4794655808488824,0,0.761881004841688,1,0,0,0
52,364,1,5,0.6120942322281613,0,3.0449898903580834,2,2,0,1
53,622,1,6,-0.8720077833261067,2,-0.008178528690770228,1,2,1,1
54,706,1,4,1.6711396637227143,1,0.759240058037088,2,1,1,0
55,686,1,3,-0.2850594642192242,1,1.593370737165956,1,2,0,1
56,332,1,2,0.020213772666402823,0,-0.8866523654157953,2,0,0,0
57,438,1,4,-0.4793511992782109,1,-0.6440155016860986,1,0,0,0
58,566,2,5,0.04797872549252056,1,1.532453180614551,1,2,0,1
59,695,2,1,0.2506413348743176,0,-0.40592352439602697,2,1,0,1
60,404,1,9,1.055374551183513,1,-0.5399323815592143,2,0,0,1
61,462,1,5,0.9518044667542083,0,-1.6442445618643835,2,0,0,0
62,278,1,8,-0.5574177696957417,0,1.017439129405603,2,1,0,1
63,260,2,6,-0.03478639331153866,0,1.1790401598103488,1,0,0,0
64,662,1,3,0.5348083088267959,2,0.694648096928126,1,3,0,0
65,771,0,6,0.46446024924904405,2,-1.1037654197778577,2,0,1,0
66,485,1,5,1.2457758553803353,2,0.5924132566128486,2,0,0,0
67,700,1,6,0.8060653955845263,1,-0.7426073960302009,4,0,0,1
68,572,1,10,0.2790945370028404,1,-0.9418979770592524,1,0,0,1
69,370,1,1,0.3974715638933822,0,0.4363808301126235,2,0,0,1
70,572,1,6,0.6676517835537484,0,-0.7108582162042941,0,1,0,0
71,807,1,3,0.8426964840510629,0,1.6696315590357191,0,4,0,1
72,492,1,4,-0.565534956964767,0,-0.3808309365194196,1,1,0,1
73,812,2,7,0.5405417641076526,1,1.8082869067582754,2,0,0,1
74,64,1,6,2.0230917732007954,2,1.022569073860904,1,0,0,0
75,664,1,3,-0.738111026447137,2,-1.2743213177381856,0,0,0,0
76,517,1,5,-0.957581760570455,1,0.02650349441907683,1,1,0,1
77,440,2,5,-0.9314287996243329,1,0.08643634678427002,1,0,0,0
78,518,2,7,-0.759427153765449,0,0.6539913717114633,0,0,0,1
79,102,1,3,1.5583601847454533,2,-0.6956950500047957,2,1,0,0
80,456,1,5,-0.8699606519172038,1,-1.2506033710512645,2,2,0,0
81,571,1,5,0.39241303882424144,1,0.8493541639366935,2,0,1,0
82,795,1,6,1.044348997654174,0,-0.8561370539425804,2,0,0,1
83,396,1,6,1.1278315988694976,2,1.5770070006238333,0,0,0,1
84,338,2,2,-0.4595144575618514,0,-0.03303194334888175,1,1,0,0
85,399,1,3,-0.31246573628735014,2,1.4905925948914758,0,0,0,0
86,683,1,5,-0.6107403068556775,0,0.05776164996891382,3,2,0,1
87,565,1,8,-0.8457403725088267,0,-0.7517297006122606,2,0,1,1
88,394,2,4,-0.7653142135115011,0,0.297316401009219,1,0,0,1
89,602,1,4,-0.8606123595957219,0,-0.2745223654374712,1,0,1,1
90,519,1,3,-0.4754775870437867,0,0.9941243694923168,2,2,1,0
91,693,1,4,-0.8179266288091497,1,2.3434191963325643,2,1,0,1
92,359,1,4,-0.4825283433363626,0,0.36572613317271857,3,0,0,1
93,434,2,7,0.9297673845744348,1,-0.3723039963711121,0,2,0,1
94,421,1,7,0.07310437110134557,1,2.285703193287515,3,3,0,1
95,207,2,4,0.09764483839426095,0,-0.8530711520347548,3,2,0,1
96,559,1,3,0.6912830052219929,0,-0.28716541352567754,1,3,0,0
97,552,1,2,-0.9650787841482762,0,-0.10930162714373023,0,2,0,0
98,501,2,3,0.6015363246757057,0,0.15943625497079175,2,2,0,0
99,453,1,5,-0.7855385582861727,0,0.611604545408655,2,2,0,0
100,216,1,6,-0.5760734015542122,0,2.6051703771280836,0,1,0,1
101,415,1,2,-0.6333404354721319,0,-0.7148684721116113,3,0,0,1
102,431,1,2,-0.8942912868796505,0,-1.7498831341551808,2,2,0,0
103,339,1,3,-0.8137938474207722,1,0.43653471792218185,2,2,0,0
104,467,0,1,2.1771315589104336,0,-0.6849130438234012,2,0,0,0
105,580,0,3,-0.07522377976477697,1,-0.5028520689089583,2,0,0,0
106,877,1,4,-0.3544865679013291,2,-0.8456184334010316,0,1,0,1
107,534,1,4,0.4343350165500226,2,1.7176076135848086,2,0,0,1
108,551,1,5,0.7014611617000448,1,-0.6547337147797919,0,2,0,0
109,485,1,6,-0.8890381180911253,1,0.42327237185137967,2,0,0,0
110,116,1,4,0.3657754142075422,0,0.7395558394956299,0,1,0,0
111,494,1,6,1.732266211827512,0,0.4339674869978453,1,2,0,0
112,512,1,6,-0.11228998018550736,1,-0.6212209500054072,1,0,1,0
113,992,1,2,-0.03926671082889216,1,-1.63002242081443,1,2,0,0
114,461,1,3,1.0704097994975275,1,-1.3608791409181544,1,1,0,1
115,560,1,5,0.14939678684368338,1,-0.21159811988313684,2,0,0,0
116,493,2,1,4.436911817861404,1,0.5408162231721709,1,4,0,0
117,266,1,5,-0.6699341688569681,2,-0.11648597362870558,2,3,1,1
118,728,1,9,0.8914805544086132,1,0.07186543604110936,0,0,0,1
119,650,1,9,-0.0438633468413978,2,0.37091072000002845,1,0,1,1
120,658,1,3,-0.5447948108764968,1,0.5163274760651813,1,0,0,0
121,318,1,2,1.1748979128464523,1,-0.8905913275335954,1,1,0,0
122,780,1,5,4.672568230180352,2,1.0274537148298466,1,0,0,0
123,219,0,4,-0.9472552451837822,1,-1.3964366190116155,3,2,1,1
124,617,1,5,1.6337771813018769,0,2.40047179693418,1,2,0,1
125,938,1,5,-0.7769442776812884,0,-0.013463937293023259,2,2,0,0
126,301,1,6,-0.7742898717575702,0,-0.3804524663113663,2,2,0,0
127,386,0,1,-0.9644818280529457,2,-0.22026146658369072,1,0,1,0
128,519,2,8,1.5892232225157397,0,-0.5506575164560465,3,0,0,1
129,399,2,6,0.44108991636842126,0,2.178778122244015,1,0,0,1
130,189,1,1,-0.9519943479028203,0,-0.03689686819662908,2,0,0,0
131,513,0,3,0.013141974938708594,0,-1.04972092721301,0,0,1,0
132,287,1,6,-0.8776905267006812,2,-1.5098032325800599,1,0,0,1
133,594,1,9,0.4078512922308528,0,-0.7326187032271093,1,2,0,1
134,316,2,3,-0.4728449792352115,1,-1.299779634129426,0,0,0,1
135,809,2,4,-0.9537897381023156,0,-0.8314737267213601,1,4,0,1
136,343,1,5,0.7908314957028871,0,-1.24938206445605,3,1,1,1
137,435,1,4,-0.14374844223851005,0,-0.44970547547331785,3,3,0,1
138,662,1,1,0.4996877436885112,0,0.986250366690368,2,0,0,0
139,253,1,1,0.13380384334732418,1,-0.5265945324806229,4,4,0,1
140,545,1,4,-0.42826501323414723,0,-0.38879231726784275,3,4,0,1
141,761,0,1,0.2121703032405066,0,-0.868050294679258,2,0,0,0
142,178,1,3,-0.992746221218234,0,-0.25397118073005676,1,1,1,0
143,536,2,3,-0.5856526125866316,1,2.0995990200369645,0,2,0,1
144,551,2,3,0.5222599706392621,1,-1.2047222171948833,2,0,0,0
145,656,1,5,0.4566971728105294,0,0.07827659882197846,1,0,0,0
146,252,2,4,1.2134508731687133,0,-0.14021211584487364,0,2,0,1
147,235,1,3,-0.04743558763695308,0,-0.4536310012224181,3,0,0,1
148,604,1,3,1.8915573606854315,2,2.6672495233642097,0,0,0,1
149,559,1,3,-0.17812969362951056,0,-1.1221191489116757,2,0,0,0
150,550,1,1,-0.3019487169485408,2,0.1902289961960724,2,0,0,0
151,569,2,7,-0.7844397343970245,2,1.0462893041998862,1,0,1,1
152,363,0,6,0.5267706794631646,0,0.11120111054138174,2,0,0,0
153,546,1,5,0.19010313999601808,0,0.06952430524523665,1,0,0,0
154,558,2,9,-0.37971497467846316,1,-0.09542191726579524,2,3,0,1
155,357,1,9,-0.9151677767668923,1,-0.7439016775203865,2,1,0,1
156,873,2,3,-0.8712337737897236,1,-1.5809901192442872,2,0,0,0
157,594,1,3,-0.8842275008359322,0,0.4309185922943533,4,0,0,1
158,261,1,10,-0.5288532972080823,2,-0.5115776299777393,1,3,0,1
159,631,1,6,-0.8317682423087693,0,-1.3022973685491483,1,0,0,0
160,305,1,6,0.997980262976845,0,0.08792776381670157,1,1,0,0
161,657,1,6,1.3274366396098352,2,-1.038852761047672,3,0,0,1
162,731,2,5,0.9686383283442638,1,-0.43129915798139246,2,2,0,1
163,335,1,3,-0.053147725288966614,1,-1.1753428369344376,3,0,0,1
164,692,2,7,-0.08514151414292945,2,1.082882804040988,2,0,0,1
165,582,2,5,1.2457072016053805,0,-0.5559799137413148,1,0,0,0
166,664,1,8,-0.4775596725551743,0,0.22422045002140178,2,1,0,1
167,879,1,5,-0.9423911656142525,2,-1.3000508277406377,0,2,0,1
168,450,2,1,-0.3613824457508043,0,-0.415225444490752,2,0,0,0
169,349,1,8,-0.18729073941435706,0,-0.49972068991510077,1,0,0,1
170,322,1,1,-0.19694937225405554,0,-0.7417910372168948,1,0,0,0
171,336,1,2,-0.8317361875337163,2,-1.209101623750831,2,0,0,1
172,484,1,5,0.548038144034483,0,0.363574185084813,1,0,1,1
173,568,0,5,0.33127861473474635,1,-0.8026156798431009,2,1,0,1
174,555,1,5,-0.7422271341764245,0,1.2438017456609305,1,0,0,0
175,665,1,6,-0.19292965592554243,1,0.9540480485476539,3,2,0,1
176,502,1,12,0.5810416243838105,1,-0.18695642441244492,1,2,0,1
177,790,2,4,-1.000017450361139,1,-0.7583771153113226,2,2,0,1
178,447,2,3,-0.6805678835723387,0,-1.4881142926685365,0,2,1,0
179,1044,1,4,-0.35821893586555104,0,0.9544321602892497,2,1,0,0
180,625,1,1,0.8885295519789497,0,-0.5762577502008495,3,0,0,1
181,328,1,4,0.6238362446242254,2,-0.2949078994802776,2,0,0,0
182,285,1,7,-0.8413793741415198,1,-0.4328002616683176,2,0,1,1
183,596,1,2,-0.37597123318356696,0,-1.204573104044916,2,0,0,0
184,455,0,2,-0.6383346978318206,2,0.41545637580343797,2,2,0,0
185,642,1,1,-0.48587635898964104,2,-0.43924993220264796,2,0,0,0
186,594,1,4,-0.21668389039236494,0,2.7074369389185655,2,0,0,1
187,485,2,4,-0.30421318831237054,1,-1.3536887164206908,2,0,0,0
188,330,1,2,-0.8525996150534967,0,1.2392825729129422,0,1,0,0
189,197,1,7,-0.8758929478430699,0,0.6364620809273426,2,1,0,1
190,410,1,5,-0.865907526229185,0,0.3367653745978779,1,1,0,0
191,671,1,4,0.8642534858660857,1,-1.252907110104538,3,4,0,1
192,542,2,5,-0.9873827463519397,0,-0.1162971143677222,1,2,1,0
193,250,1,4,-0.7778454326120231,0,-0.88083455727756,1,0,0,0
194,534,1,7,2.1665755149811257,1,-0.4865571697390318,1,0,0,1
195,577,1,5,-0.938394821412245,2,-0.17998920893283335,1,1,0,0
196,323,2,5,-0.9702339018881374,1,-0.30311995079695325,1,0,0,0
197,530,1,5,-0.5095645093745796,1,-0.1678150752805252,2,2,0,0
198,511,1,2,-0.8411301189334083,0,-1.086063783159464,2,0,0,0
199,271,0,3,-0.15944419546186048,1,-1.382673399062361,3,0,0,1
200,571,1,5,-0.5874326871160676,1,-1.3115709690454964,0,2,0,0
201,612,2,3,-0.7694394405277767,1,1.144957367232349,2,3,0,0
202,716,1,3,5.676949941185012,2,-1.4147706900376338,2,0,0,0
203,710,1,2,-0.5835453381843679,1,0.22525399935204635,3,2,0,1
204,224,1,5,0.03409195264371628,1,-0.38297767336841937,2,1,0,0
205,312,1,4,1.0999176954066023,0,-0.5360001662246677,1,0,0,0
206,603,1,8,1.5918331847891147,0,1.8066658507546864,3,0,0,1
207,602,1,7,-0.4709957494312449,0,-0.6560927043670425,3,1,0,1
208,603,1,1,2.7922104774001553,1,-0.31182947869703953,2,0,0,0
209,1270,1,5,0.30357310278284755,1,2.501922298106884,1,0,0,1
210,614,1,7,-0.1175763508698283,0,-1.0301859067761339,3,0,0,1
211,727,0,2,0.1941478332466228,0,1.8088944164694802,1,0,0,1
212,690,1,8,-0.5537318380850762,2,-0.6688066447166007,1,0,0,1
213,630,0,3,-0.4460739440091905,0,0.037264710497796324,2,1,0,0
214,436,1,2,-0.1102443193845381,0,0.15871015508244277,0,0,0,0
215,651,1,7,-0.6053376881393961,0,-0.32876943225455096,2,0,0,1
216,345,1,3,0.4816834849414637,2,0.28645955465682915,1,4,1,1
217,452,2,4,-0.7137910087470917,0,-0.8773712635975277,3,3,0,1
218,402,2,6,0.6129576167706211,0,0.4930039250555319,1,0,0,1
219,516,1,7,-0.8399830020925066,1,-0.4200490812147873,2,0,1,1
220,962,2,3,-0.7585532978109812,0,1.3288873686645541,1,0,1,0
221,126,1,2,0.41478391522372426,0,-0.45171580302504116,1,0,0,1
222,637,1,7,-0.6972864432595511,2,-1.1712136925220344,1,0,0,1
223,177,0,3,0.6059180052892951,2,-1.2326592516589097,1,2,0,0
224,405,2,5,0.5501865808606445,0,2.2516506155221547,0,0,0,1
225,717,0,3,-0.7053160693175314,0,1.5988870455690065,2,4,0,1
226,512,1,2,-0.93067774437054,0,0.543332940503271,3,0,1,1
227,284,1,5,-0.822800212801638,0,0.7974677337582922,1,2,0,0
228,356,1,5,0.4124501451904214,0,-0.5086706939254961,1,0,0,0
229,635,1,10,0.9014927620303919,0,-1.4609742224852797,3,2,0,1
230,353,2,5,-0.5166347804697725,0,0.5411856402121129,0,0,0,0
231,543,1,4,-0.8254099171198576,2,-0.943986142485917,0,1,0,0
232,509,1,5,-0.9280532591243417,0,1.8741575936006383,2,0,0,1
233,369,1,4,-0.7605979229139423,1,0.6233729024360521,1,0,0,0
234,928,1,5,2.955102453277689,0,-0.632708916300064,2,0,0,0
235,626,1,6,-0.8180155857033636,1,0.8819227979109604,1,0,0,1
236,94,1,3,-0.916216467409918,0,-0.9258517053888637,2,0,0,0
237,537,2,4,0.5577607525910758,0,-0.07809194945290174,0,0,0,0
238,367,1,6,-0.03595433015654745,2,1.2471187623505018,1,0,0,0
239,670,2,4,-0.22945264723581638,1,1.6996481814502034,2,0,0,1
240,341,1,4,-0.4037748314157323,1,-1.2252955618920243,1,0,0,1
241,477,1,5,0.22294310653665605,2,-0.8748633489145066,0,0,0,0
242,600,1,3,0.2111195596246258,2,-0.07558851924133561,1,1,0,0
243,673,2,5,-0.44603767798672217,0,-0.48298660524293724,3,0,0,1
244,259,1,3,-0.7364329793276061,0,1.4714395895460737,3,2,0,1
245,433,1,3,0.8640943977120014,1,0.7450840842353933,3,1,1,1
246,405,1,10,-0.8249188023109375,0,1.3537978264312107,1,0,0,1
247,369,1,3,-0.23123312087478085,0,-0.1346444126774977,2,2,0,0
248,853,2,4,0.19214290827243902,0,0.3719964619171714,3,2,0,1
249,580,2,2,0.028076603961811216,2,-1.1645608602278703,2,0,0,0
250,247,1,5,-0.026968470244878993,1,-1.1500217244646866,2,0,0,1
251,683,1,3,0.09690446286989962,2,-0.20304254687160747,0,0,0,0
252,924,2,6,1.1124520003646854,0,-0.24206574279858029,2,0,0,0
253,706,1,4,-0.5453446376797775,0,-0.46510632922772505,2,2,1,0
254,196,1,3,-0.0036450722480803844,0,-0.37998504773608205,1,0,0,0
255,403,1,3,0.2064491847100037,2,-0.3304616675317095,1,0,0,0
256,753,1,2,-0.1002204156658053,0,1.2725426275973248,2,1,0,0
257,358,1,2,1.3650728780999795,1,0.6569785170695455,1,3,1,0
258,588,2,2,0.07387931713293092,1,-0.6964331258087301,4,0,0,1
259,654,1,6,-0.446032075193998,1,-1.3103693433660313,0,1,0,0
260,314,1,6,0.8921819595753944,1,-1.415442630793918,3,3,0,1
261,488,2,5,-0.32387482977687576,0,-0.19779372135529483,0,0,0,0
262,64,1,4,-0.23958661544520113,0,-0.4838654315073712,1,0,0,1
263,295,1,4,-0.12000496111883663,1,0.6888665673966935,4,2,0,1
264,449,1,2,-0.6114376649513144,0,-0.16870562995562904,1,0,0,0
265,250,1,4,0.29612103753769964,0,-1.062111382347003,2,0,0,0
266,826,2,9,-0.9028181558567923,0,0.33189619222259475,1,0,0,1
267,213,2,3,1.058254327258545,0,-0.2060110806208834,1,0,0,0
268,411,1,4,0.42074898822173845,0,-1.4130349372410305,1,0,0,0
269,526,2,3,-0.5640211209824536,2,-0.5225785647484007,2,0,0,1
270,788,1,5,-0.746786088968209,1,-0.14799498102660902,2,1,1,0
271,212,2,6,-0.5086201108436696,0,0.21813780212533937,1,0,1,0
272,732,1,2,0.6550992954093487,0,-0.7869814851687656,4,1,0,1
273,502,1,6,-0.9752355258728719,2,-0.6435564714524804,3,0,0,1
274,303,1,4,-0.36611284365790436,2,-1.6661435326443907,1,0,0,0
275,592,1,1,-0.709676651023376,2,0.4339053815507687,2,1,0,0
276,539,1,2,1.106713768799767,0,-1.106032632220393,2,3,0,1
277,379,1,4,-0.4645711771807789,1,2.127444651286244,1,2,0,1
278,513,2,4,0.20958093811738554,0,-0.6827472256287312,1,0,0,1
279,422,1,5,-0.5572945587186974,0,-1.6470307235532837,1,3,0,1
280,522,0,7,-0.6009989019997155,0,2.1887049689581235,1,2,0,1
281,632,1,6,-0.6067890135390377,0,0.2819077189480295,2,2,0,0
282,817,1,7,0.14525476562805212,2,-0.6978732398555341,1,0,0,1
283,252,2,5,2.380002286606726,1,-0.04750929971793,2,2,0,0
284,926,1,6,-0.7704992132761856,0,-0.3754106438602902,1,0,0,0
285,109,2,3,0.04232659561567555,2,0.9916954069663453,2,2,0,0
286,469,2,3,-0.694116654793604,0,0.30420911390361166,3,0,0,1
287,617,1,3,-0.19717981463469383,1,0.09435297661577416,1,0,0,1
288,556,1,3,-0.21452501467796883,1,-0.9167441114558217,1,2,0,0
289,375,1,3,-0.399726293234742,0,-0.563463716173373,3,0,0,1
290,458,1,6,-0.30562697183294957,1,-1.0334337076620665,3,0,0,1
291,401,1,4,1.1505896880532596,0,0.5844104985551932,2,0,0,0
292,382,2,5,-0.9134999078229493,0,-1.4283992942505315,2,4,0,1
293,669,1,1,0.7960658897774539,0,0.6856163115913049,1,0,1,0
294,571,1,3,-0.3767822241969608,0,-0.13147150134335545,4,2,0,1
295,361,1,4,-0.5950725121530142,2,-0.1261158203795623,0,3,0,0
296,679,0,1,-0.8095555641338856,0,0.11046182164151332,2,1,0,0
297,561,1,4,0.7073047842909378,1,0.5254695335403635,1,0,0,0
298,662,1,6,-0.09595199708683966,0,0.07315870216302146,3,0,0,1
299,625,1,7,0.3177418609491891,2,-0.6557000995128026,2,0,0,1
300,334,0,4,-0.6231170920679959,1,0.23099656182666786,3,0,0,1
301,387,0,2,-0.500175114145544,0,0.36278190721420844,1,2,0,0
302,649,1,3,1.4832607250830083,1,-0.13981452067785766,2,2,0,0
303,622,2,3,2.296528195556165,0,-1.5294070865074187,2,0,0,0
304,495,1,4,0.3616101743826863,0,2.0988862893532727,3,4,1,1
305,523,0,3,0.399785742822115,1,0.4263573850685472,0,0,0,0
306,755,1,1,0.19787169770521307,0,2.412950168752451,2,2,0,1
307,381,1,6,-0.10792868670144212,0,0.37708831547192645,2,2,1,1
308,609,1,5,-0.0883543385578079,1,-0.5277117954548319,4,0,1,1
309,459,1,7,2.3676199563043103,0,0.3046698051666185,2,0,1,1
310,456,2,2,0.4058334202478199,0,-0.7919035894426019,2,0,1,0
311,719,1,6,0.0755380009817214,0,-1.165775225655264,1,0,0,0
312,665,0,2,-0.7947095646816824,0,-0.11394294090452137,1,0,1,0
313,662,1,2,2.8321301769396063,2,-0.7095245989606517,0,0,0,0
314,761,1,5,-0.260731329895227,0,-0.6091899909453212,3,0,0,1
315,504,1,4,1.9185961884297213,0,-1.658153583906798,1,2,0,0
316,636,1,5,0.2637163396946551,0,1.1226972938802084,2,0,0,1
317,437,2,9,-0.9662584005854971,2,1.8299378885689415,2,0,0,1
318,564,1,5,-0.22028491211658638,0,2.0855551649874373,3,0,0,1
319,473,1,3,1.2622336528201994,0,-0.7043141534968039,1,2,0,0
320,519,1,3,-0.9537856064764788,0,-1.3381070560117916,3,1,0,1
321,619,1,1,1.0419323889801795,0,-0.24794695186214624,1,3,0,0
322,336,0,1,-0.041282997906125204,0,-0.9311097462837645,1,4,0,0
323,918,1,3,-0.9615362271998457,1,-1.3573056780678112,0,1,0,1
324,298,2,5,-0.5321074797597517,1,-1.1911726271928682,0,0,0,0
325,257,1,1,-0.9767050141669841,1,-1.572396096411907,2,0,0,0
326,731,1,2,-1.0061164418697022,0,1.4946216783926853,2,0,0,0
327,658,0,3,1.2983407930603303,0,-0.32820097313609375,1,2,0,1
328,624,1,4,0.396350653432285,2,0.34758459946547454,1,0,0,0
329,625,1,4,-0.6602772446171472,1,3.0357299020564708,3,0,0,1
330,497,1,5,-0.8850893134214822,0,-0.014995800054479109,1,2,0,1
331,320,1,5,-0.9509371221758763,0,-0.5122290613651864,0,0,0,0
332,515,2,4,1.526306991248551,0,0.5312907723547107,1,2,0,0
333,364,1,5,-0.008763570037890024,1,-0.5036700441813207,2,0,0,0
334,695,2,5,-0.8298540873557995,0,-0.3552878986956457,1,0,0,1
335,470,1,5,0.1556974364678428,2,0.2995942728667023,1,0,0,0
336,334,1,4,5.912436869578318,0,-1.0798958084603094,1,2,0,0
337,435,1,2,0.5699416312700264,0,-1.0267537394694661,0,0,0,0
338,582,1,4,-0.40620389451168976,0,-0.9877174181543034,0,0,0,0
339,387,0,3,0.7038518431972074,2,0.9893892121951444,3,0,0,1
340,335,1,10,0.37921564381186934,2,0.4991248301792127,2,2,0,1
341,548,1,2,-0.913445589378753,0,0.5372157757222158,0,0,0,0
342,548,2,8,1.6361543671693486,0,1.4683020245935374,1,0,0,1
343,398,2,1,1.1840151541924262,2,-1.7563059724728274,3,2,1,1
344,405,1,1,-0.09964186319235178,0,0.23888135285907428,1,2,1,0
345,546,2,5,-0.2861591900962686,0,-0.36724723662528275,0,1,1,0
346,210,1,5,-0.7450119254230512,2,-1.5837011305995332,3,0,0,1
347,218,1,2,0.8213973611091541,2,2.5010994163338545,1,3,0,1
348,356,1,5,-0.43276816949657626,0,0.1918637470041682,3,0,1,1
349,457,1,8,-0.1272176800632758,0,-1.6403210294221482,2,2,0,1
350,562,1,8,-0.8182429866728783,2,0.5942314121291314,1,1,0,1
351,795,1,5,-0.7631799107714032,0,1.042569652026721,4,1,0,1
352,671,1,3,3.2773447376841505,0,0.1854400143416765,3,2,0,1
353,468,2,5,-0.3150051184029704,0,-0.3734637695639786,1,4,0,1
354,496,0,3,0.7124606680807837,2,-0.4713646826366393,1,0,0,0
355,299,2,5,0.7927564065948778,0,1.4234285499304289,0,2,0,0
356,496,1,4,3.050865463147411,0,0.7678396258220759,3,0,0,1
357,442,1,2,3.1305730903530526,0,0.7381763592779612,3,0,0,1
358,564,1,10,-0.3868670769038869,2,-0.07162017301919577,2,0,0,1
359,334,1,3,2.0455944180976005,1,-1.3381261627986376,3,2,0,1
360,603,1,3,-0.545245508112501,1,1.6994796274548543,1,1,0,1
361,806,1,6,-0.056304273128575985,1,2.246645888741022,0,0,0,1
362,478,2,5,0.7459577871052587,1,1.2264953887469894,2,2,0,0
363,580,1,7,1.4849440875305895,0,-0.6654657649992616,4,0,0,1
364,638,1,4,-0.253185390788256,2,-0.7270104631105924,1,2,0,0
365,419,1,5,-0.45757544486916707,1,0.7330244849433806,1,0,1,0
366,544,1,3,0.31827496018960366,1,-0.5692955158345157,3,0,1,1
367,502,1,2,-0.38879035262804323,1,-0.5605798210508925,2,4,0,0
368,519,1,2,0.12531000146093488,0,1.0580085742290566,1,1,0,0
369,345,1,4,0.6507591172375533,0,-0.1058846353352845,2,2,1,0
370,504,1,5,0.8632221602992315,1,1.3094671818169836,1,0,0,0
371,599,1,5,-0.7093986743786601,0,-0.02028399389079339,2,2,1,0
372,790,2,6,-0.14601790200219344,0,-1.5500154805960322,1,0,0,0
373,691,2,7,-0.98207741229783,1,-1.303263073469629,1,2,1,1
374,930,1,6,0.6177275072297901,1,0.29866046662263473,3,1,0,1
375,346,1,2,-0.8719399048464117,2,-0.24491679170079608,2,2,0,0
376,674,2,1,1.0804834963148784,1,-0.37567071692455434,2,1,1,0
377,536,1,5,-0.4767002572933845,0,-0.21700051997607234,1,0,1,0
378,937,1,6,-0.8216921687360182,0,2.4412450305520577,1,0,0,1
379,338,1,4,0.608011254038456,1,0.3464549175465078,2,0,1,1
380,332,1,6,-0.7805430222017634,2,-0.6444810954644489,1,1,0,0
381,380,2,7,-0.49773366814361264,0,-0.6406703362607921,4,0,1,1
382,75,2,2,-0.15683476432463184,1,2.0604616711514403,1,2,0,1
383,394,1,5,-0.5539032311108433,0,-1.4278047379566816,1,0,0,0
384,348,1,2,-0.8072257064336916,0,-1.119844926415986,3,2,0,1
385,530,1,6,-0.4779268463640778,1,-1.3565822458455592,1,3,1,0
386,568,1,7,-0.8494315123482181,1,-0.13395094513991612,2,0,0,1
387,875,0,4,0.2837899916256763,0,-1.1544216093103796,3,0,0,1
388,690,1,5,-0.8165043308268581,2,-1.0215726376162377,2,2,0,0
389,384,1,4,-0.3380927397392642,1,-1.2078609686108337,1,1,0,0
390,320,2,4,-0.17198028797511117,1,0.017794034670296492,0,0,0,0
391,598,2,2,1.9433563101015716,0,-1.5598208631609964,2,0,1,1
392,235,2,4,-0.9249808455592182,0,-0.48716552595808044,2,0,0,0
393,866,1,8,1.70347158430416,2,-1.2002282111845453,1,0,0,1
394,735,1,2,-0.7703943935475737,1,-1.1957818298134906,2,0,0,0
395,406,1,1,0.8620001126832554,2,0.3129522390114966,2,0,0,0
396,157,1,7,-0.9113877258325288,0,-1.3106829413138095,2,0,0,1
397,770,0,2,3.5519026384282557,2,0.5987414546572922,1,0,0,0
398,477,1,2,0.6686505578381265,0,0.14556236973071246,0,2,0,0
399,747,0,3,-0.9417327705134534,0,-0.8970865017557094,4,0,0,1
400,181,1,5,-0.762806884318256,0,0.5838479624060526,0,0,0,1
401,380,2,4,-0.19899515858992683,2,1.0644211411346036,3,3,0,1
402,501,1,5,-0.25375600202983234,0,0.258719775167639,0,4,0,1
403,509,0,6,0.0013704785398733804,0,-1.0299803415173034,2,2,0,0
404,409,1,3,-0.37452238518640674,0,-0.8004389055743519,0,0,0,0
405,624,1,4,0.3396512930076076,0,-0.3856942084522308,2,3,1,0
406,286,2,4,-0.5720868090553343,1,-0.9830869601221564,0,2,0,0
407,471,1,4,-0.810493461962209,2,0.29673788855862954,2,0,0,0
408,524,1,3,-0.9729132114275221,0,0.1745828018577778,1,1,0,0
409,602,0,5,-0.6084582196879144,0,-0.2385928118234475,1,0,0,0
410,642,1,6,-0.4416938939693605,1,-0.07166794585883474,0,2,0,0
411,275,1,6,0.08659751486524085,0,-1.0491535324005583,1,0,0,0
412,193,1,2,0.6624495851102467,2,-0.3125374664724787,2,2,1,0
413,755,2,6,-0.7286534023419394,0,0.8368230444875997,2,0,0,0
414,566,1,5,-0.31660666428214684,2,1.6020715107209342,2,2,0,1
415,350,1,4,-0.7370888549160161,0,-0.0681302633142143,3,0,0,1
416,810,1,6,2.0630422492200595,0,0.873217111432093,2,2,0,0
417,523,1,1,0.05279257530410986,1,-0.4832677393214181,1,0,0,1
418,735,1,5,0.14439484387415819,2,-1.6343168261802523,2,0,0,1
419,513,1,2,-0.23728747097156505,0,0.6177401015570542,1,1,0,1
420,912,1,6,-0.6711583308620317,0,1.0597913313533076,2,0,0,1
421,851,1,7,-0.7803605082852662,1,-0.4787730912160445,2,2,0,1
422,450,1,4,0.07939404504050757,0,-1.0771185341618172,1,0,0,0
423,694,1,4,1.5829612667586677,1,-1.112519160640177,4,2,1,1
424,629,1,7,-0.764381138653834,0,-0.8441609863862917,0,2,1,1
425,773,1,2,-0.14529088580458974,1,-0.9329600459996843,1,2,0,0
426,307,1,6,-0.24139972685704134,2,2.5719733595932013,3,1,0,1
427,637,1,2,0.0359256625776866,0,-1.0545005464772,1,1,0,0
428,711,1,5,-0.10649858334511265,2,-1.6086495097499265,2,0,0,0
429,148,2,4,-0.6838742843830827,0,-0.5536712417677133,1,2,0,1
430,263,1,3,0.18807239050204005,1,-1.1826858090249739,3,0,1,1
431,92,1,1,-0.6840627922631577,0,-0.22580051805599838,4,0,0,1
432,446,1,2,0.06863367925928762,0,1.3778749301133,1,0,0,0
433,643,1,3,-0.6451909931219915,1,-0.4372106406553044,3,0,0,1
434,800,2,3,-0.9203752784798382,1,1.3167351433804526,1,0,0,0
435,514,1,2,-0.8694629130993139,0,0.20374840501357894,2,2,0,1
436,825,1,8,0.8191778634821973,0,0.29695489495970234,3,1,1,1
437,223,1,5,-0.8762783291954558,0,1.6626517798550344,2,0,0,1
438,159,1,4,-0.5997637001859868,0,-0.938441308034631,2,0,0,0
439,488,1,2,-0.6628937996721652,0,-1.2034770183742955,3,0,0,1
440,576,1,6,-0.9472440823863053,1,0.6188399534479684,2,1,0,0
441,493,2,4,-0.07713724512156997,2,1.1141434749949495,0,4,0,1
442,86,1,4,0.6229168828156039,1,0.3859849368602218,2,0,0,1
443,482,1,3,3.945767426023252,0,-0.4126309300781097,3,0,0,1
444,239,1,3,1.7884882902913997,2,1.9608933153672796,2,0,0,1
445,633,1,5,-0.9564150500074203,0,-1.210933202345073,2,2,1,0
446,573,1,4,-0.705031924991154,1,-1.615456944469993,1,0,0,0
447,312,1,3,-0.4675570369521404,0,-1.1740468217679298,2,0,0,1
448,397,1,2,1.1072258827919477,1,-0.3053076537844645,3,2,0,1
449,288,1,4,-0.5538160719649282,0,0.26202265258562535,1,1,0,0
450,487,2,3,-0.14873362202414642,0,-0.18570023680932637,3,2,0,1
451,691,1,5,0.08816279077127129,1,-0.29167574097370197,2,1,1,0
452,302,2,4,-0.6480557624681752,2,1.8271104043251374,1,0,0,1
453,600,1,2,-0.1208299428403846,0,-0.26376094558204405,2,2,0,0
454,393,1,1,-0.954745349044496,0,-0.05058402560763437,1,0,0,0
455,341,2,6,-0.34240498247305545,0,-0.02061205187520689,2,0,0,0
456,478,1,3,-0.5240588603674684,2,-0.6829059461102608,3,1,0,1
457,292,2,2,-0.5606753181436366,2,-1.6908408317699049,1,2,1,0
458,389,2,2,-0.7355492806038296,0,0.1529896462279967,1,2,0,1
459,260,1,4,0.7235126581228148,0,1.0455241280890937,1,0,0,0
460,892,1,5,1.1650595137524389,0,0.9474584992776028,2,3,0,0
461,507,1,5,1.2199677792991388,0,-0.26623734036915553,0,2,1,0
462,360,0,3,-0.49488743682212877,0,-0.9909249580813846,1,1,0,0
463,542,2,3,-0.7027656215985526,0,0.9623310850398862,1,0,1,0
464,477,1,2,-0.9024954496514743,0,-1.5123224726651892,2,2,1,0
465,455,1,3,0.12719047539647296,0,-1.3947518484028758,0,1,0,0
466,622,1,4,-0.6002883823603727,1,1.2620660006907152,1,0,0,0
467,651,1,6,-0.6784448240184004,2,0.24959818955391383,2,0,0,0
468,393,1,3,-0.5356089744242313,2,-0.43572658512174517,0,0,0,0
469,384,1,5,-0.1849790110538449,1,0.5686129505594031,1,2,1,0
470,444,1,5,-0.8281972059818766,2,0.9707413094200025,2,0,0,0
471,64,1,4,2.300604512283667,0,-1.1944638728756172,0,0,0,0
472,196,2,4,0.33373741417606023,0,0.43535236787413945,2,0,0,0
473,773,2,2,-0.9591293458906203,0,-0.6333024604107858,1,0,0,0
474,828,2,4,-0.6351835067651896,0,1.2457349785356866,1,3,0,0
475,450,2,3,-0.955402111061722,1,-0.9008315839907309,1,3,0,0
476,615,1,6,-0.7427073828538286,0,0.6482821690499551,0,4,0,1
477,562,1,3,-0.664393087276015,1,-1.1471545204768345,2,1,0,0
478,1115,1,1,0.2795409214686692,1,0.7115257270776527,1,1,0,0
479,723,2,3,0.2822859706603126,2,1.1204452551738098,3,1,0,1
480,474,2,3,-0.9606863631842149,1,2.597068104995239,2,0,0,1
481,308,2,5,-0.10566499219551466,0,-0.8057477726199821,2,0,1,0
482,178,2,6,2.289435205417718,1,1.843208553423704,1,1,0,1
483,540,1,8,-0.001107026222910887,1,-1.1138272764261656,1,0,0,1
484,348,1,3,2.2800258286441935,1,-0.10113982033728283,2,1,0,0
485,215,1,2,-0.520742001753342,0,-0.11057551425437079,0,0,0,0
486,370,1,6,-0.381566231553491,0,-1.0501140811208356,0,0,0,0
487,283,1,4,-0.3120126922292777,0,-0.9731876462372292,1,0,0,0
488,837,1,7,1.612483857002878,0,-1.6241629652708995,3,0,0,1
489,676,1,3,-0.5211984648584945,0,1.0166221459718732,1,1,0,0
490,498,1,6,3.161645572467467,0,1.2271844625456645,4,3,0,1
491,795,1,7,-0.21113088605920116,2,-1.056857901891454,3,2,1,1
492,515,1,3,-0.7576043284877629,0,-1.0361274890763073,1,0,0,0
493,327,1,2,-0.8965263538932502,1,-0.47823975589331563,4,0,0,1
494,804,1,4,-0.8148238057475108,1,-0.6561702852763414,1,1,0,0
495,607,1,5,-0.9671036760234112,1,0.4754046125043994,3,1,0,1
496,292,2,6,0.19093942797932345,0,-0.2505403747232634,1,3,0,1
497,461,1,6,-0.2678919152207659,1,0.42490518986860293,3,2,0,1
498,324,1,4,0.35413814853022396,1,0.044547649825257815,2,0,1,0
499,223,2,6,0.5426480830991932,2,1.5679817007234416,1,0,0,1
500,685,2,2,1.7168366924555325,0,0.36286897129645934,2,0,0,0
501,881,2,4,-0.8813092920702884,1,0.15603581700275113,1,0,0,0
502,220,1,2,-0.7984232494402497,2,-0.025620913088483837,3,3,0,1
503,612,1,3,-0.19960477418243383,0,1.6282978341764354,1,1,0,1
504,369,1,4,-0.866777901861966,1,0.07410872081247481,2,0,0,0
505,402,1,4,-0.908894839347195,0,-0.3136638993186973,4,2,1,1
506,381,2,8,0.10851699872548412,0,0.2671060497088458,0,1,0,1
507,327,1,2,0.3041131034186594,2,-1.2929060329745714,1,1,0,0
508,509,1,6,0.8778802329864992,0,-1.3316831866520693,2,1,1,0
509,333,1,3,1.5083354081029474,1,0.5454142733634888,2,1,0,0
510,554,1,3,-0.4135880648068241,0,0.9755517494637524,2,2,0,0
511,489,1,5,2.9646332362788455,0,0.13318798633229492,0,0,0,0
512,452,2,3,-0.9685802488696966,2,-1.4094512229370317,2,0,1,1
513,318,2,6,1.0682172359321374,0,-0.8850213700210934,3,0,1,1
514,384,2,6,-0.6134014541977119,0,0.8348349182149218,1,0,0,0
515,651,1,4,1.5830563267321909,0,-0.4959049228810452,1,2,0,1
516,600,1,2,-0.7517550854768916,0,-1.656300703926526,2,0,0,0
517,304,1,5,0.36612185911038914,0,0.9537072608513986,3,3,0,1
518,519,1,5,-0.4442144144889724,1,-1.1846677712960563,2,0,0,0
519,650,2,2,-0.5192537674647825,1,1.1284268185288329,3,0,0,1
520,166,1,3,-0.945558868502483,0,-1.3968452110657021,2,0,1,0
521,608,2,5,0.23692394757344387,1,1.8474430644355064,1,1,0,1
522,367,1,7,-0.8117696507981735,1,-0.5782046535207984,3,0,0,1
523,614,1,7,-0.37549543259437945,2,-1.210110871275059,1,0,1,1
524,347,1,1,-0.852915352782858,2,-0.40276881561139094,3,2,0,1
525,139,1,2,-0.06446625315792331,2,-0.19477690937539985,0,0,0,1
526,174,2,3,-0.740630150687728,0,0.48269210286026654,2,2,0,1
527,509,1,8,-0.09006544918200182,0,-0.8676699988827946,0,2,0,1
528,551,2,7,1.9724451730678563,1,-0.6909512509506628,0,4,0,1
529,319,2,6,1.572766877922002,0,0.00692153322483298,1,4,0,1
530,627,1,5,-0.7803166496552063,2,0.05522387966932251,2,0,0,0
531,167,2,2,-0.9016226915637034,0,0.7328855389889009,1,2,0,0
532,486,1,2,-0.9635207897055992,0,1.0540562603773078,1,0,0,1
533,257,1,2,0.7854629459605035,0,2.434801809691313,1,2,0,1
534,369,2,1,-0.7162044706342098,1,-0.8227868499140895,3,0,0,1
535,509,0,3,-0.6681691242907918,1,-0.047267205387290116,3,0,1,1
536,327,1,3,-0.746980423082879,2,-0.9666931767382382,4,0,0,1
537,423,1,3,0.8565648165287595,0,-0.6355949904125402,1,0,0,0
538,701,1,2,2.916644270066707,1,1.372376409069176,0,0,0,1
539,384,1,6,0.4234412972647257,1,-0.04018379258674134,0,2,0,0
540,667,1,4,0.7566556751196144,2,0.5878740130391548,3,0,0,1
541,274,2,7,-0.02240616331381577,0,1.0259970337187625,2,2,1,1
542,605,1,4,-0.2425876709234696,0,-0.4015084779125939,1,0,1,1
543,788,1,7,0.29260135844360313,0,-0.36199630922549475,2,0,1,1
544,64,1,1,-0.9708232567329035,1,1.0313258059352584,2,1,1,0
545,340,1,5,-0.9434143954769952,0,-0.6519233249009541,3,4,1,1
546,615,1,5,0.17442490327291585,0,-0.03488829703640841,2,0,0,0
547,459,1,4,-0.592817411237372,2,-1.0769902964007416,1,0,0,0
548,574,2,4,-0.3253356337738028,0,0.02589543124975798,2,1,0,0
549,379,1,10,0.5413897152132778,2,-1.0488632570972931,0,0,0,1
550,517,1,1,-0.1323994507770037,0,-0.48425293485922294,1,0,0,0
551,468,2,5,0.6561918349596104,1,-0.7138157022639952,2,0,0,0
552,733,1,3,-0.4553089923125328,1,0.7327358930054009,1,0,0,0
553,550,1,4,-0.6632055756180294,0,-1.0589155781472566,4,0,0,1
554,567,1,5,-0.7356237081513397,0,-0.22088699602507345,2,2,0,0
555,417,1,1,-0.8642549019049556,1,-0.010355025773897818,0,1,0,0
556,402,1,4,-0.9697323745475954,1,0.7301635623892619,3,2,0,1
557,413,1,5,-0.9523168367894043,2,-1.1652592924952476,2,0,0,0
558,578,2,4,-0.6863828086970326,0,-0.17347775153206513,0,0,1,0
559,415,2,3,-0.6759863239870423,1,-1.2938000551987634,1,0,0,0
560,557,1,5,-0.5187279516810112,0,1.8550244781891707,1,0,0,1
561,915,1,2,-0.09701067278710349,1,-0.9207966990708744,2,0,0,0
562,674,1,2,0.4406736004106748,1,-0.8872660269337416,1,1,0,0
563,434,1,4,-0.7838207685776911,0,0.5776611860135535,2,0,0,1
564,740,1,6,0.4404566065717029,0,-1.511199582653092,2,2,0,0
565,418,1,4,-0.8556579264542835,0,1.0417004928397517,0,2,0,0
566,92,1,7,3.5511146172773382,1,0.3185339959790179,0,0,1,1
567,298,2,7,-0.6666105906332728,1,1.0892005698468576,1,0,0,1
568,125,1,1,0.8392297673777184,0,-0.12505558147944906,2,1,0,1
569,429,2,2,-0.7929568790483013,2,1.9293569224039524,2,0,0,1
570,503,2,4,2.05221645751996,2,-0.15525199990973074,1,0,0,1
571,835,1,3,0.7743866131654139,1,0.23571542468898893,3,2,0,1
572,565,2,3,-0.5549209337501048,1,-1.237835567924515,1,2,0,0
573,456,2,3,-0.45124460842808617,0,1.1610043994580468,2,0,0,0
574,665,1,3,-1.0039524825062123,0,0.4760441237277835,2,0,0,0
575,64,1,5,-0.7133217590467732,1,0.2884782662718639,0,1,0,1
576,547,1,2,-0.6605285067307995,0,0.9986943881709328,1,1,0,1
577,654,2,3,-0.39473421078003057,0,1.071691994800285,2,2,1,0
578,204,1,3,-0.8555867096045588,1,1.698100557767577,1,3,0,1
579,728,1,5,-0.34517257069284135,0,-1.739088064423765,1,0,1,0
580,567,1,5,0.1150333066138523,0,0.41390365148640557,3,0,0,1
581,416,1,4,-0.5358610812317259,0,-1.231892333987691,2,4,0,1
582,626,1,7,-0.7391290305873556,1,-0.10367596392663513,0,1,0,1
583,954,2,5,-0.20085999662316195,1,-0.31033593311784846,1,0,0,0
584,536,1,3,-0.9779278201681106,0,-0.7458247282592544,1,0,0,0
585,549,2,5,-0.5839568954726596,0,-0.953724153789306,1,0,0,0
586,408,2,10,-0.24514143068652294,0,0.107719082752462,1,2,0,1
587,330,1,2,-0.5916345583615603,0,-1.2854909994096493,5,0,0,1
588,666,1,1,-0.5768435813841175,0,-0.6391071417463512,4,0,0,1
589,328,2,3,0.910187743543649,0,-0.5730306582024284,0,0,1,0
590,514,2,5,1.7565542635259865,0,0.8895791184558488,1,0,0,0
591,404,1,5,0.7788894649057605,2,-0.7813460320540851,2,0,0,0
592,595,1,3,-0.9019818538984322,2,1.781259560554555,2,0,0,1
593,566,1,5,-0.6598900529504133,1,-0.7141016187650955,0,0,0,0
594,707,2,4,0.2557119550931845,0,-0.15347388091139758,0,0,0,0
595,397,2,6,2.7196393325546486,1,0.36404124055472364,0,0,0,1
596,446,1,3,-0.7256795262500376,1,-0.5418794024780561,1,2,1,0
597,304,2,2,1.316025469172365,0,-1.036011563238398,3,2,0,1
598,411,1,5,0.35838139878084047,0,-0.20217427209703526,1,2,1,0
599,575,2,4,3.1636077145263175,0,-0.8706732655399696,1,0,0,0
600,651,1,2,-0.9079260819197363,0,-1.0584163991132642,1,0,0,0
601,315,1,8,-0.49717747298499965,1,0.7965750950581717,2,0,0,1
602,673,1,4,-0.346443806537815,0,-0.2666360115990909,1,2,0,0
603,771,1,2,0.12618180060044587,0,1.685418287387821,1,1,0,1
604,582,1,12,0.07150532427364624,1,-0.02406454305959534,1,2,0,1
605,875,1,5,1.4007417104918518,0,-0.21049652484700662,1,1,0,0
606,345,1,6,0.8476310876740947,0,-1.5393309110691562,0,0,0,0
607,251,1,3,-0.949925427336409,2,0.8343025801643086,3,2,0,1
608,144,1,4,-0.32989034878631746,0,0.02354521021167912,0,0,0,0
609,799,2,3,-0.47626872782753793,0,-0.7969839995108515,2,1,0,0
610,630,2,6,4.950779179179133,0,-0.8463561913781115,0,0,0,0
611,488,1,6,-0.4410204386571942,0,0.11332160300781169,1,2,0,0
612,555,1,2,0.15939901033997955,1,1.1193390266588148,1,0,0,0
613,274,1,1,-0.6674699553764992,0,-0.8594564362250162,1,1,0,0
614,989,2,6,-0.03802173987959201,1,-0.20003683798212094,1,0,0,0
615,525,2,4,-0.7724389986562821,0,1.0008685388008827,2,4,1,1
616,521,1,4,-0.0667039875015544,2,-1.2243738896550742,2,2,0,0
617,645,2,6,1.0531568021691717,2,-0.5455217237919049,2,2,0,0
618,596,2,1,-0.988106402959714,0,0.7207804516384555,1,3,0,0
619,544,2,4,-0.2935000584842002,0,-0.18713510962049285,3,0,0,1
620,341,1,2,3.099325161726034,1,1.3926684024753664,3,0,0,1
621,594,1,3,-0.8314235827866872,0,0.6278692078777856,1,2,0,0
622,876,1,1,-0.8017804086468906,0,1.922495298265383,3,0,0,1
623,769,1,6,-0.3605552300633647,0,-0.4548887622423937,0,0,0,0
624,818,1,3,1.0750184875243132,0,0.08914963294256309,1,1,0,1
625,397,1,3,-0.16645592667525846,0,0.635930149319047,2,0,1,0
626,302,1,5,-0.28500168100959217,1,-0.6024970024963151,2,0,0,0
627,474,1,2,-0.9155595314060976,0,-1.3096118891760147,1,0,0,0
628,511,1,1,2.3178082707843606,0,-0.050654188933472344,1,2,0,1
629,718,1,8,-0.5742227763022605,0,-0.5392589922511078,0,0,0,1
630,161,2,2,-0.712812240229459,1,1.2564464283024015,2,1,0,0
631,805,2,4,-0.4682044316815363,2,-0.8456887497811588,3,2,0,1
632,468,1,4,-0.4639800262972191,1,-1.0871123977860682,1,4,0,1
633,414,1,3,-0.3839078652937862,2,1.2104472336855125,0,3,0,0
634,297,1,2,0.1785464962056955,0,-1.281630912748567,2,0,1,0
635,169,1,3,1.0512783014206162,0,-1.1952611726269675,3,1,0,1
636,664,2,3,-0.9478342399847118,2,-1.4716352784221414,1,0,0,0
637,514,1,4,-0.3214797619934108,0,-0.5328038576502676,3,0,0,1
638,242,1,5,-0.46433420994934665,2,-0.2214114150517228,1,1,0,0
639,240,2,5,-0.9967369055360661,1,-0.13346799922042202,2,0,0,0
640,432,1,3,0.7165900692999275,2,-0.059779995990624606,1,2,1,0
641,833,1,3,-0.8958167167320871,0,-0.6066443628127713,3,1,0,1
642,448,1,3,-0.8838980273556704,0,-1.5678319158129672,0,2,0,0
643,199,1,5,-0.9575139432737197,0,-0.790569231597669,3,1,1,1
644,450,1,7,-0.7803709989212904,0,-0.4570506307597956,1,0,0,1
645,445,1,1,-0.809962998667769,2,0.659342801187524,0,0,0,1
646,64,1,5,-0.5730538758212305,0,0.06381576603312548,1,1,0,0
647,489,2,3,0.08719935524997666,1,-1.6613677302616796,2,2,1,1
648,453,1,2,-0.9510859303157742,1,-0.5080969015047204,0,0,0,0
649,639,2,3,0.9938493649217301,0,0.6866090851977754,2,3,0,0
650,869,1,1,-0.605723671312601,2,-0.46931614983541664,3,0,0,1
651,725,1,5,-0.0589754072910344,2,2.894733616269801,1,2,0,1
652,446,1,3,-0.9955794388527601,1,-0.6193983394900592,1,0,0,0
653,278,1,3,-0.544678746772272,2,1.7814605966838157,0,1,0,1
654,1014,1,7,-1.0057754679468809,0,-0.6879560278504657,1,2,0,1
655,511,1,6,-0.8239004835013505,0,0.49661192812285826,1,0,1,0
656,502,2,1,-0.4037787393044719,0,0.9165488078560599,2,2,0,1
657,495,1,2,-0.2288707311783175,2,0.18270209905223772,3,0,0,1
658,539,1,6,-0.8390573617127869,1,0.06881860819666032,2,0,0,0
659,471,2,3,0.3828402488774746,2,1.7984079253813765,2,0,0,1
660,385,1,3,-0.7947922614161997,0,0.7115715514803856,0,0,0,0
661,390,1,6,-0.8826367815570788,0,-1.4273848359230357,2,0,0,0
662,493,2,4,-0.595331209761959,1,1.443099134514145,1,3,0,0
663,391,1,9,-0.1924776749130169,0,-0.3994092917291107,1,0,0,1
664,357,1,7,3.5700178416722212,2,0.7506402624981896,1,2,0,1
665,521,1,6,-0.4560783087002369,0,-1.6900957611304486,2,1,0,1
666,449,1,2,-0.4432586640912663,1,-0.790279878530511,1,2,1,0
667,800,1,5,-0.9456518390861045,1,0.2351390516613751,0,0,0,0
668,64,1,4,0.4686046672979271,1,-0.02951297816042332,1,0,0,0
669,718,2,1,-0.8038077662406395,1,0.535797109728856,1,0,0,0
670,749,2,3,0.381194047030119,0,-1.0695659128464068,3,0,0,1
671,85,1,8,1.4482216261369627,2,-0.768404835961433,0,0,0,1
672,431,1,5,0.4790868543438959,0,-0.9251202982465846,2,0,0,0
673,425,2,4,0.038199742108229816,0,-1.3592496719495601,2,0,0,0
674,218,1,3,-0.06590918686212698,1,-1.6227250224482463,0,0,0,0
675,344,1,3,-0.39307099021479197,1,0.2887173841000649,2,0,1,0
676,277,1,2,-0.849076884400816,2,0.9928011316093809,1,0,0,1
677,850,2,9,0.5267807506396782,2,-0.9197663311837249,1,0,0,1
678,687,1,5,-0.34798756717191226,0,-0.35000708464492947,1,1,0,0
679,754,0,2,-0.008521872649676653,0,-1.1184930467979666,1,1,0,1
680,644,1,1,-0.5314303377285555,0,0.6543769253236312,3,0,0,1
681,274,1,10,-0.7799879368392296,0,0.5543912792353739,1,0,0,1
682,395,1,7,0.6627235038249956,0,-1.2749377817625114,4,3,0,1
683,597,1,3,-0.5815433227718558,1,-0.9192191275374341,0,0,1,0
684,255,2,1,1.0415697879206933,2,-0.2799564294796646,2,0,0,0
685,642,0,6,2.4231124216238755,2,-0.21653548752515167,0,0,0,0
686,451,1,1,0.7943018454399919,0,0.05079433659049837,2,1,0,0
687,425,0,5,-0.8683963652877851,1,-1.0460597827543658,2,3,0,1
688,642,2,2,0.9562297482888962,1,-1.5369753863201356,2,2,0,0
689,588,1,3,-0.2627129643526963,1,-1.8245813868669714,1,0,1,1
690,427,1,9,-0.7268465886496565,0,-0.7775351022594459,2,4,0,1
691,731,1,3,-0.9084078511260179,0,-0.6341202336383361,1,0,0,0
692,283,1,5,-0.6758492469547618,2,-0.08272902131451956,3,0,0,1
693,623,1,5,-0.8575019258501368,1,2.5411286944444607,1,0,0,1
694,618,1,3,-0.9814405266649181,1,-0.13185725316579688,3,0,0,1
695,438,1,5,3.470778192821756,2,-1.3662109005685392,2,0,0,0
696,565,2,4,0.803639654750632,0,-1.162342770299888,0,2,0,0
697,249,2,4,0.35812529721857994,0,0.16215603059375922,2,2,0,0
698,684,1,2,-0.7897506320500405,0,-0.2829788754025498,2,0,0,0
699,463,1,3,-0.9792545818154803,1,0.9673618589390104,0,0,0,0
700,395,1,6,-0.3325338021330928,0,-1.4186138643045154,1,1,0,1
701,709,1,4,0.36887744995150856,1,-0.6296497734211568,2,3,0,0
702,359,1,1,2.3408455574205145,0,0.13195831165858604,1,0,0,1
703,218,1,4,0.8810233576743677,0,1.7556337562045314,1,0,0,1
704,188,1,1,1.2700371719958035,2,1.2698708076441279,0,4,0,0
705,621,1,5,-0.7305254863844508,0,0.19387213686433336,2,0,0,0
706,243,1,5,-0.8361746774249844,0,1.1286343567867267,0,0,0,0
707,850,1,6,-0.7182696420600059,2,0.48363959831127334,0,2,0,0
708,83,2,4,-0.856142196758413,1,-0.5340237512507864,2,0,0,0
709,839,0,2,0.6213932769653346,0,1.3904462356562792,2,1,0,0
710,542,1,2,1.3654967867353873,0,1.169597460701653,1,2,0,0
711,480,1,4,-0.6343699948981045,0,-0.3630936632812091,0,2,0,0
712,391,1,1,1.1229039085373624,1,0.893203172017536,0,0,1,0
713,579,1,1,-0.9502887389529404,0,-1.0171577161087744,0,0,0,0
714,492,1,7,0.14267263842777017,2,0.4099116900419708,1,4,1,1
715,720,1,6,-0.24535031898234372,1,0.28288813369032867,2,0,1,0
716,522,2,3,-0.6783365049771946,0,-0.9762429958627032,2,0,0,0
717,530,1,5,0.4790005569479793,1,0.24926487253476937,2,0,0,1
718,427,2,2,-0.7654742764285533,0,-1.3527423960699705,4,0,0,1
719,488,1,5,-0.46055864098263466,0,-0.034796417517486494,1,1,0,0
720,561,1,8,0.25066897976041147,1,0.393422635699541,3,0,0,1
721,157,1,5,-0.5879738176623254,0,-0.6805573702620143,0,1,0,0
722,230,1,2,0.958682722784599,1,-0.20148251931535638,2,0,0,0
723,648,1,5,1.032055257993667,2,-1.4390072193084817,2,0,0,0
724,534,1,5,-0.7776850185432266,2,-0.4558442253009974,2,0,1,0
725,463,1,7,-0.41742922899695306,1,1.7249759648674998,0,0,0,1
726,503,1,5,-0.43254214970486515,2,-0.22181642397515502,1,1,0,0
727,569,1,2,-0.47113741754454075,0,0.49181831461799097,3,2,0,1
728,392,2,4,-0.29885306084819696,1,-0.43288798755096747,2,4,0,1
729,344,1,6,-0.9292664377822503,0,0.4512345377870528,3,0,0,1
730,539,1,2,1.0676094893466919,0,1.2970140515774147,0,0,0,0
731,304,1,2,-0.6596432412300373,1,0.5484002605747781,2,0,0,0
732,581,2,1,-1.0060185314490668,0,0.1695840608541008,1,2,0,0
733,159,1,4,0.1673931752759064,0,-0.3738777934106564,3,2,0,1
734,705,1,4,0.06126952319415943,0,0.9306732250777763,2,2,0,0
735,594,1,5,3.1460511604445287,0,0.1162127401550681,3,2,0,1
736,551,1,1,0.28412232784246483,0,0.9097870418522813,0,0,0,0
737,696,1,6,-0.5964267892503551,0,-0.7244646636468741,1,0,1,0
738,833,2,5,2.0937463311276066,0,-0.5858960772266986,3,2,0,1
739,702,2,4,-0.5454195960738328,2,-1.3982349292649032,0,0,0,0
740,131,1,6,0.7432929161000247,0,0.6226317038652321,2,0,0,0
741,244,1,4,-0.5918929437496004,0,-0.12309449014271916,3,0,0,1
742,375,1,1,-0.9570757921941638,0,0.10036227613277232,0,2,1,0
743,505,1,2,0.33820057300300743,0,1.8526865381013895,2,0,0,1
744,603,2,5,-0.5693898078885639,0,-1.4339594094605956,2,1,0,0
745,354,1,4,-0.5869609189890532,1,0.3599171558860939,2,2,0,0
746,537,1,3,0.27189488215081264,2,1.7163010393976739,2,4,0,1
747,348,1,7,-0.6125586798680884,1,1.2125385550612633,2,2,0,1
748,377,2,2,-0.8801402092234959,2,-1.3707988614432711,3,0,1,1
749,218,1,5,-0.4806351167343782,1,-0.4494918558075364,1,0,1,0
750,315,1,5,0.7581913762877984,0,-0.016185209840051167,1,0,0,1
751,229,1,3,-0.8659828565554333,1,0.10251197675723653,2,0,1,1
752,304,1,1,-0.18553369102829165,1,0.35629296130361576,2,3,0,1
753,710,0,3,-0.8635772466992374,0,-0.7180215718492486,1,2,0,0
754,310,1,3,-0.9565683098992713,2,-0.9689541574864114,1,1,0,0
755,1026,1,8,-0.5237739935669337,2,-1.2739586317181455,1,2,0,1
756,598,1,2,0.08306729592271854,1,-0.38766396600181857,1,1,0,0
757,536,2,4,-0.6808028517030422,0,1.6354895269460143,1,2,0,1
758,328,1,5,-0.40767509035736577,0,-0.016719087110618664,2,0,0,0
759,640,1,4,-0.32035594074455126,1,0.34133788306825197,1,0,0,1
760,384,1,3,0.8642662924792079,0,-1.4660258090615201,1,0,0,1
761,524,1,5,0.7304837392022547,0,1.0401225965437646,3,2,0,1
762,1012,2,1,-1.0054734430216554,0,0.21816320618701313,3,1,0,1
763,480,2,2,-0.4644368305729794,1,-0.10608674557678514,1,1,0,0
764,729,1,4,0.07775287931468054,1,-1.204880943333949,1,1,1,0
765,359,1,4,0.9380508683461432,1,-0.4729904026376715,4,0,0,1
766,493,0,5,-0.9568731976890403,0,0.6324494524605637,1,1,1,0
767,854,1,4,-0.00142643305606992,2,-0.941104231016759,2,0,0,0
768,374,1,1,0.8689502234176435,1,0.2748713076928049,3,1,0,1
769,862,1,8,-0.7083588331864404,1,1.462735606454535,5,1,0,1
770,641,1,3,-0.7742024553080488,1,-0.7037978072923686,1,2,0,1
771,387,1,2,-0.36625594961949365,1,-1.1694530478970737,1,3,0,1
772,626,2,5,2.3338148099477283,2,-1.3564213942870598,2,0,0,0
773,694,2,2,0.19284568260977933,1,0.18131607908720482,1,0,0,1
774,624,1,6,-0.4459331686122605,0,1.2122451756784738,1,2,0,0
775,185,1,5,-0.9864198110984251,1,-1.3364749179645303,1,0,1,0
776,354,1,1,-0.1803953671700209,0,-0.46283089105756003,0,1,0,0
777,450,1,6,-0.5716146222701441,0,0.7639903284951575,1,1,0,0
778,485,1,4,-0.7989099994261873,0,1.6706747224008622,1,2,0,1
779,624,1,6,-0.30257135477917324,0,-0.8500925696617283,1,0,0,0
780,535,0,3,-0.5831153305139585,0,1.6633145910573648,4,4,0,1
781,232,2,5,-0.9676943085329934,0,-1.1540001774993616,2,1,0,1
782,576,1,1,0.3070527411038116,1,-0.5586833011472258,1,0,0,0
783,622,1,5,0.3336188387189205,1,-1.599598287833735,3,0,0,1
784,611,1,4,-0.02686942840301853,0,-0.9807470999307195,0,2,0,0
785,716,0,4,0.8612611393092553,0,0.3481402773635581,1,0,0,0
786,666,1,2,-0.776854240477262,0,0.6383704176097755,2,0,0,0
787,591,1,4,-0.664948004287248,2,-0.5143961492867211,1,1,1,1
788,485,1,5,-0.383677409092995,0,-0.09039414783819533,2,0,0,1
789,167,2,5,-0.9447413364238627,0,-0.6715134805728539,0,4,0,1
790,585,2,3,1.179134653789057,0,-0.6151248239657999,1,0,1,1
791,541,1,2,-0.32175925892992485,2,-0.19980858281443434,1,1,0,1
792,554,2,5,-0.6086124058748845,0,0.3544876480531279,0,0,0,0
793,244,1,4,-0.3467391248469675,0,0.9951270638052759,1,0,0,0
794,283,1,2,-0.6079094738273682,0,-1.0689488020043816,1,1,1,0
795,710,2,5,-0.6648598439798744,2,-1.0937504720254432,1,1,1,0
796,492,2,4,-0.40346921169920613,0,1.931203527327357,1,2,0,1
797,636,1,2,-0.33903128028175256,1,0.10556966203592819,0,3,1,0
798,505,1,3,-0.43015280877597545,1,2.0838746415713416,1,0,0,1
799,505,2,6,-0.20037759446200953,0,-0.6229580259837091,1,0,0,0
800,687,2,4,0.5478786294323825,2,0.8067831355555469,2,4,0,1
801,396,2,4,-0.9478824542544596,0,0.12637875418053376,1,0,0,0
802,519,1,4,0.6894066786012343,2,-0.1781444176296883,1,0,0,0
803,407,0,3,-0.7439669634828697,1,-0.30989470557511856,2,0,0,0
804,413,0,3,-0.7124237003625755,2,-1.730158109589104,2,3,1,0
805,438,1,4,-0.07727195105394828,0,0.9123086557165788,0,2,0,0
806,544,2,2,2.7717316214111625,0,0.5564468394855846,1,0,0,0
807,404,1,4,-0.9900111674490424,0,2.827485451817565,1,0,0,1
808,751,1,5,0.12944676534077482,1,-0.6267878218512817,1,0,1,0
809,321,1,5,0.20621602924079513,0,1.6801508204736313,0,1,0,1
810,462,1,5,-0.14079813641649755,2,1.059754138413903,2,0,1,0
811,412,1,7,-0.997959815225073,1,0.15996550735174497,2,4,0,1
812,789,2,4,-0.059635857303992484,2,-0.28209468552798755,2,4,1,1
813,539,1,2,-0.8835839785865317,1,-0.3442836791822596,2,2,0,0
814,706,1,4,-0.9251912110742659,1,-1.1355050703914227,1,2,0,0
815,202,2,4,0.20341589083953127,0,-0.2618141231161505,3,0,0,1
816,553,1,3,0.21747689534819617,2,-0.40842609140281055,0,0,0,0
817,677,1,5,1.2363122185081254,1,-1.4590741019273588,2,0,0,0
818,516,1,3,-1.004419510406072,0,-0.24602561028637246,1,3,0,1
819,713,1,5,-0.5236920072279836,2,0.7744866366921687,2,0,0,1
820,396,1,6,-0.9953046563835846,2,-0.3136345214417687,2,4,0,1
821,781,2,1,-0.5465139777465756,0,1.2887542176051627,2,1,0,1
822,959,1,3,-0.3197018648321417,2,-1.20755073280583,1,0,0,0
823,427,2,5,-0.2405259335112562,0,2.430383184354935,1,0,1,1
824,410,1,6,-0.5603940826369855,0,-0.4384883788151516,1,0,0,0
825,790,1,4,0.3062947228934985,0,-0.4794586063346846,0,0,1,0
826,815,1,4,-0.4615242524489721,2,-0.07529282116083838,2,2,0,0
827,395,2,5,-0.26742365661025047,1,0.9467389280873321,1,0,0,0
828,415,1,3,0.6295201996455749,2,-1.2563704871941863,1,3,0,0
829,443,1,2,-0.8130638475434047,1,-1.2865070646931793,2,0,0,0
830,231,1,1,-0.6142714218546064,2,-1.2164461764518295,2,0,0,0
831,316,1,5,-0.25831940497763406,2,-0.81856119188774,2,0,0,0
832,299,1,3,0.47644624933509133,2,0.9773759712119363,1,0,0,0
833,346,1,8,-0.4443938112296247,0,-0.04774512438699929,3,0,0,1
834,493,1,2,-0.9310224984903136,0,-1.1519350581096657,4,0,0,1
835,546,2,5,3.563505899907595,1,0.7596722936266035,1,0,0,1
836,810,1,4,0.2438609598874161,0,0.057352264097430584,0,2,0,0
837,300,1,4,0.29683721392656415,2,0.35417899052344914,0,0,0,0
838,696,1,7,-0.37148792189729746,2,-1.4344548580092416,1,0,1,1
839,457,1,4,-0.20238000366744444,0,-0.5669092304092896,1,0,0,0
840,490,2,7,4.20379388399893,0,1.866987167966699,3,0,0,1
841,634,1,3,-0.08826045844294782,1,0.6650329306018229,3,0,1,1
842,275,1,6,-0.7565517514702532,1,-1.0149845505525403,4,2,1,1
843,576,2,8,2.3839591379571092,1,1.2898149178946987,2,4,0,1
844,533,1,6,-0.22300117350431883,0,1.206751234528284,0,0,1,0
845,598,1,4,-0.9866165859295293,0,0.5890639230273312,1,2,0,0
846,557,1,5,-0.14151431625023725,1,1.8340118320691001,3,0,0,1
847,991,2,3,-0.9335325938745691,1,-1.0930477885622873,2,0,0,1
848,372,0,1,-0.24514559142120246,0,0.8251491521064386,2,4,0,0
849,393,2,1,0.7668171908826468,0,1.2085601095618712,2,4,1,0
850,375,1,3,-0.22056976099959918,0,0.14641867875147468,4,2,0,1
851,388,0,6,-0.5323428834027266,0,-1.6585937657374312,2,0,0,0
852,372,1,2,1.1709922506561967,2,0.6233394075675883,2,0,1,0
853,737,1,1,1.6624084666736498,0,1.0647879046071733,0,1,0,0
854,784,2,2,-0.5736383402681069,2,-1.1194755508201149,1,2,0,0
855,385,1,5,-0.3050047165116375,0,-0.4644972313829632,3,2,0,1
856,333,1,3,3.1316612354430657,1,0.7534360326839179,2,1,0,0
857,594,1,3,-0.8083746120739467,1,0.10342683542059601,1,0,0,1
858,389,1,5,-0.647773941098114,1,0.9579361463826855,2,2,0,0
859,626,2,2,-0.43895081459767776,0,0.9540164336716948,0,0,0,0
860,540,1,3,-0.8996984102316309,0,0.7090353358955713,2,0,0,0
861,196,1,1,-0.6849255595348147,1,0.21560836965686692,2,0,0,0
862,809,1,8,-0.20764616833726907,1,1.1187682498418,2,2,0,1
863,859,2,6,-0.7440148617884516,0,0.23677032139656734,2,0,0,1
864,377,2,4,0.17121504442353097,0,-1.579926362555059,0,4,0,1
865,422,1,3,-0.5733569506423101,2,-1.3152770944467347,2,0,0,0
866,557,0,2,-0.912170580490911,2,0.38409560846044594,0,0,1,0
867,566,2,1,0.4630318199378456,0,-0.1412205997201015,3,0,0,1
868,631,1,5,-0.1555656594838735,2,0.5661869117511704,2,0,0,0
869,902,1,6,0.7641282046455399,1,-0.7637384771874138,0,0,0,0
870,464,1,5,-0.5537098322735512,0,-1.363906655821436,0,0,0,0
871,340,2,1,-0.9879595023334439,0,0.1665090810147003,2,1,0,0
872,224,1,7,-0.9592330213134885,1,1.7923718218373057,5,2,0,1
873,353,1,1,0.6061942788615741,2,-1.2933758292951678,0,0,0,0
874,493,1,3,-0.47010925688028693,0,0.05794120076461543,0,1,1,0
875,858,2,3,2.8020452546712162,1,-1.1008680495741763,2,2,0,0
876,396,1,1,0.7962171027497487,2,0.5807151384045125,2,2,1,1
877,544,2,3,-0.9913325940997546,2,-1.2431649501874058,3,3,0,1
878,496,2,3,1.067063365772608,0,2.1379811520597043,3,0,0,1
879,737,1,4,-0.7644167030276198,1,1.1777170377152364,2,3,0,0
880,1005,1,5,-0.33043531989781655,0,1.4261747487717684,1,2,1,0
881,393,1,2,-0.2903439295141178,1,0.9382327686089369,2,0,0,0
882,402,2,4,-0.9452325210252442,1,0.39212229844494284,1,3,0,0
883,708,1,3,-0.8712765066672129,1,-0.8717811977702826,0,0,0,0
884,636,1,6,-0.44847069891369407,0,-0.9456631520261982,2,0,1,0
885,869,1,4,0.03867620406191679,1,0.4579007633311862,1,0,0,1
886,616,1,1,-0.6955244587723864,0,1.8875767439114752,2,2,1,1
887,428,2,5,-0.24769869790432136,0,-0.8855555513091217,0,3,0,0
888,618,1,5,-0.5230770171933387,1,-0.41130689447974617,4,0,0,1
889,721,2,5,0.0043770992704089025,2,-0.8990586521446604,1,3,0,0
890,664,1,7,-0.4460175434442695,1,1.4830854715776796,3,0,0,1
891,601,1,5,0.932806357483656,0,-0.6437535331720782,1,0,0,0
892,713,0,5,3.181819783328966,2,1.3997887744997095,1,0,0,0
893,733,1,3,1.4763132711646556,0,-1.2175371953231415,1,2,0,0
894,776,2,4,-0.820059138522486,0,1.0204078783601886,3,2,0,1
895,629,1,6,-0.38645071248334334,1,-0.5783498895723332,2,0,0,0
896,466,1,5,-0.3833731120734274,0,0.464602475854167,1,0,0,0
897,529,1,4,0.8590000757522932,1,-0.5738838637711178,1,2,0,0
898,741,0,3,-0.5584077525575456,1,1.800271782898554,0,0,0,1
899,336,0,2,-0.19661132152050878,1,-1.4302572233660267,2,0,0,0
900,573,1,4,-0.05204443968629189,0,-0.9299599644383147,1,0,0,0
901,421,1,1,-0.8875991188148219,0,-1.0175737657496722,0,4,0,0
902,505,1,6,-0.17755710585449028,2,-0.2602326258872173,2,2,0,0
903,755,1,7,-0.71954021880562,0,2.0400073312583062,1,3,0,1
904,538,2,3,-0.7724597772609367,0,1.340841573077334,2,0,0,0
905,509,1,1,-0.7148378518535851,0,-0.8065123612401873,2,2,0,0
906,228,0,3,-0.901434808341441,0,-1.2922363016000107,1,0,1,0
907,649,1,6,-0.9343478326686977,0,-0.9688455074811336,0,0,0,0
908,629,2,5,0.05083104976018479,0,-1.8032007906139966,2,0,0,0
909,932,1,7,1.8703495556766403,2,-1.564033812404984,2,0,0,1
910,438,1,3,0.17678926520167984,2,0.9960722894880598,4,0,0,1
911,543,0,2,-0.6277206411022923,1,-0.6217473221240266,2,1,0,0
912,549,1,1,-0.5928531571287095,1,-0.7524916415509899,2,0,0,0
913,815,2,4,-0.21499006787059066,0,0.9159828368346522,3,2,1,1
914,480,0,7,1.0386889766790983,2,-0.389366946799417,1,4,0,1
915,555,1,4,-0.7777690243991806,0,0.9587668612078377,1,0,0,0
916,621,1,4,-0.364989946423682,0,-0.07245550857750666,1,0,0,1
917,537,1,3,-0.3050129610437288,0,-1.6773896199897567,1,1,0,0
918,410,1,4,1.7147711454831036,0,-1.6141665331111943,1,2,0,0
919,538,1,6,-0.22653716308392768,0,2.3917242705182717,3,1,0,1
920,714,1,4,0.5361133986814497,0,-1.1755455756372961,0,0,0,0
921,294,1,5,-0.9143960194325063,2,-0.7218511589750595,2,2,0,1
922,526,1,1,-0.6052024787111048,1,0.33166278400518384,2,2,0,0
923,359,1,5,-0.046446840873037534,1,0.6561861820951252,1,0,0,0
924,739,1,4,0.14356007400338475,0,-0.8956323246956615,2,0,0,0
925,195,1,3,1.1937935192575249,0,0.41893115032753386,3,3,1,1
926,388,1,2,-0.0999790924695823,1,0.22640860931145534,3,0,1,1
927,575,1,4,-0.6601237763956073,1,0.5466748603163483,1,2,0,0
928,813,1,4,-0.2200648401999239,2,-0.90812839288684,1,0,0,0
929,486,1,3,0.2565424441127351,0,1.9807041313045142,2,1,0,1
930,388,1,6,0.5524253308018405,0,-0.49479538115459265,3,0,0,1
931,876,2,6,1.9344587210065125,1,-0.3557945031621474,2,0,0,0
932,210,1,7,-0.7925964653146971,2,-1.1259765835822646,2,1,0,1
933,64,1,2,0.09221090406062513,0,0.605315973858819,1,1,0,0
934,588,0,1,-0.7805145732432555,1,-1.081524347323773,1,2,0,0
935,399,2,5,-0.6187887408946274,0,-0.7880890329718325,1,0,0,1
936,295,1,5,-0.8511888574816185,2,1.5697087325345902,1,0,0,1
937,641,1,3,0.5002501752354134,1,1.004620721967603,1,1,0,0
938,548,1,2,1.4874598241390935,0,-0.9025512262560385,1,0,0,0
939,387,1,5,-0.9769585565016051,1,-1.3528990996189119,2,2,1,0
940,243,0,6,0.7001986953358383,1,0.08973794095510779,1,3,0,0
941,674,1,4,-0.7263855538718568,0,1.2016944903306528,0,0,0,0
942,630,2,3,-0.32904003770091156,0,-0.6163401032837039,0,0,1,0
943,480,1,3,0.39489892176254887,0,0.08603241049450336,1,1,0,0
944,869,0,4,-0.28883333155112195,2,-1.2083753893081388,1,2,0,0
945,285,1,7,-0.7403805711136068,0,-1.4179723448650645,3,0,0,1
946,194,1,7,1.3987926527248484,0,0.054628052799524505,2,2,1,1
947,361,1,4,-0.09210430079577464,0,2.327012800100387,2,3,0,1
948,490,1,4,1.7152439046797507,1,-1.2302289599091822,0,4,0,1
949,548,1,4,0.8991498197368335,0,1.297106832935276,0,0,0,0
950,451,2,7,1.1201100382583427,2,0.4995686132356833,0,2,1,1
951,570,1,4,-0.5512252864738644,0,0.16381340063587396,2,4,0,1
952,249,2,3,3.4341061027362607,0,-0.9104419581915979,2,0,0,0
953,788,1,5,0.9380391069729098,0,0.5512408673326171,1,0,0,0
954,483,1,2,-0.5889293148902918,0,0.6316331257297916,0,0,0,0
955,723,0,4,1.298244837724231,0,-1.2361386980671765,1,0,0,0
956,568,1,1,0.42388251949303946,2,-0.30939527160185915,1,1,0,0
957,591,1,4,0.30568641818962894,1,0.22063774374976075,0,0,1,0
958,613,1,5,-1.001511561228903,2,-0.6874602578505024,1,0,0,0
959,589,1,7,-0.9846470618996802,0,1.045554113827971,3,2,0,1
960,628,2,2,0.19917803235562787,1,-0.6388481719661395,3,0,0,1
961,765,1,2,-0.6756043439309225,1,1.112795934045538,1,0,0,0
962,539,1,2,-0.9465328015030223,0,-0.2785607176606609,1,0,0,0
963,641,2,5,-0.6653048644864853,1,0.5353319728760484,1,3,0,0
964,482,1,5,0.8428280192528061,2,0.6232147741647077,2,0,0,0
965,788,1,6,-0.3609624703683181,0,-1.0204881852224794,1,2,0,0
966,364,0,4,-0.035510564859088045,0,2.1487234821613135,2,0,0,1
967,860,1,3,0.6316481171837061,2,-0.6208228021907589,0,0,0,0
968,491,2,4,-0.6105515011642701,0,-0.14975122058613902,2,4,0,1
969,213,1,2,-0.9964635581416363,1,-1.369562742425591,1,2,0,1
970,525,2,4,-0.6106317466331492,0,-1.437103731738781,2,0,1,0
971,363,2,6,2.1848775995411245,1,0.08792037644126498,3,0,0,1
972,668,1,4,-0.338284402778129,1,0.5422542531835459,3,2,0,1
973,369,1,3,-0.1499276597962286,1,-0.5431171850968026,2,0,0,0
974,410,1,3,0.4454589474812937,2,-1.5448084937577162,1,0,0,0
975,122,2,3,-0.8836850301576099,0,-1.057114270943223,3,0,0,1
976,409,1,4,0.3387780435306381,2,-0.4834617237529242,1,2,1,1
977,64,1,1,-0.6483516860681807,0,1.088538415110745,1,0,0,0
978,183,1,3,-0.508182093944271,1,-0.7608931909857332,0,2,0,0
979,652,0,3,-0.6884859057962719,0,1.0214662455758614,3,0,0,1
980,657,1,6,-0.8383163182637476,0,-0.7715998165316719,3,1,0,1
981,585,1,6,-0.5516257422659661,1,1.2908332013590176,3,0,0,1
982,306,1,4,-0.9067433001237345,0,-0.32901130468000517,1,0,0,0
983,490,1,5,0.8868668786876681,0,0.37303720710613497,3,0,1,1
984,499,1,6,-0.6364173170438961,0,1.3319211245891,2,0,0,0
985,268,1,1,0.07046322879507325,1,-1.0315893965305545,1,0,0,0
986,800,2,4,-0.6498841597661916,1,-0.144091053555883,2,4,1,1
987,675,0,3,-0.7672066497866501,2,0.4688599997292285,1,1,0,0
988,455,1,2,0.2640699171991817,2,-0.6792045581474904,2,0,0,0
989,505,1,8,-0.012973291755515893,1,1.836491655344472,3,2,0,1
990,541,1,2,-0.7576248699923548,0,0.17061522142807664,2,0,0,1
991,91,1,1,-0.044684556753921946,0,1.357836404169263,3,0,0,1
992,450,1,1,-1.002763660027035,0,0.13603726295500534,2,1,0,0
993,363,1,2,-0.8098415056348514,0,-1.1331017335271683,1,1,0,0
994,299,1,2,0.31541642997491076,2,-0.8732780846854706,2,3,1,0
995,443,2,4,-0.4709554645987956,2,-1.216555501409448,2,0,1,0
996,859,2,6,-0.7762830757070406,0,0.28272642893386246,1,1,0,0
997,628,1,6,-0.29076595622183077,2,0.022764677467613008,2,1,0,0
998,385,1,8,-0.3712747647619216,2,-0.2610430875634402,0,0,0,1
999,614,2,8,0.014255751123222927,2,0.1177565689061087,1,0,0,1
1000,779,0,6,-0.9312730581555243,0,1.017992499993679,1,0,0,0
1001,684,1,3,0.7325671323470517,0,0.2644370988828394,4,0,0,1
1002,511,1,6,-0.9467937352858979,0,-1.812040768006428,1,2,0,1
1003,370,1,5,-0.3926569316437963,0,-1.0276335079986827,3,0,0,1
1004,639,1,4,0.2528225373825916,0,-0.8127891047736471,3,2,0,1
1005,578,1,6,-0.5778071063303749,0,-1.643501215083056,1,2,0,0
1006,679,1,5,1.4425666979615632,2,0.1550973507638583,0,2,0,0
1007,627,1,3,0.4236291223600413,0,-0.4131923378864125,2,0,0,1
1008,709,1,4,-0.4431671446709671,1,-0.364224564116714,0,0,0,0
1009,392,1,3,-0.8012645453320122,2,0.5645528956970016,2,0,0,0
1010,763,0,2,-0.9626941043389564,2,-1.0836294555657018,1,0,0,0
1011,539,1,8,0.6375738539240514,1,0.8606945440947533,0,2,0,1
1012,915,1,4,-0.7881607480387097,1,1.411915759837405,0,2,0,0
1013,362,1,2,-0.6882292588795883,0,-0.7350143175519617,2,2,0,0
1014,847,1,2,-0.9972527112732364,0,1.6379434644990143,2,0,0,1
1015,539,1,3,-0.9891542106506992,0,2.734360699895805,3,4,0,1
1016,369,1,2,-0.7414800374648046,0,0.6504545110678759,2,0,0,0
1017,403,1,5,1.0899118704945114,2,-0.2974451840012456,1,0,0,0
1018,435,1,4,0.5359480689189892,0,-0.49296864275137087,2,2,0,1
1019,584,1,5,0.48636363010411043,0,-0.4076166098703593,2,0,0,0
1020,604,2,4,0.77678288536122,1,-1.0501566761775794,2,1,0,0
1021,385,1,2,-0.7977853215281897,1,1.9461252719148414,1,2,0,1
1022,495,1,4,2.924546921844763,0,-0.5235609734094602,2,1,0,0
1023,928,1,5,-0.7391325319706432,0,-0.9412798865278967,1,0,0,0
1024,845,1,1,-0.8426516302121299,1,0.1494564558083438,1,0,0,1
1025,587,1,5,-0.6528457069857525,1,0.6957389727298118,2,0,0,0
1026,507,1,4,-0.23895849144998507,1,-0.30778781424757673,2,1,1,0
1027,524,0,5,-0.872712161593369,0,0.7453522830860849,1,0,0,1
1028,622,2,2,0.35684723688157144,0,-0.03251470997113071,0,0,0,0
1029,295,1,5,-0.5354656492264238,0,0.3719142374822162,3,0,0,1
1030,448,2,4,-0.15321120129117843,0,-0.5961761996190684,2,1,0,0
1031,166,1,1,0.33992572240401214,0,-1.257300857700695,3,1,0,1
1032,579,0,4,1.3535112853813778,2,0.9884337636993231,1,0,1,0
1033,629,1,4,0.732552134877501,1,1.2726243997207396,4,0,1,1
1034,403,1,10,-0.22364789024653764,1,-0.9242519732812605,1,0,0,1
1035,814,1,5,3.8028843643615775,0,1.5967455070678087,3,0,0,1
1036,254,1,3,-0.2405042483738553,0,0.944520427295726,2,0,0,0
1037,207,2,3,-0.22693335404707646,0,2.5445541139633447,1,0,0,1
1038,544,2,2,-0.832359898643851,0,-0.6798491933405343,1,2,0,0
1039,709,1,6,-0.8440975158016577,1,-0.7478417864504839,2,0,0,0
1040,836,2,3,-0.819940600272348,1,-0.5058571918013106,2,1,0,0
1041,408,2,2,-0.09650250449821021,2,1.0926313456937615,2,2,0,0
1042,715,1,1,-0.4622601829798134,1,-0.7866389882310604,3,0,0,1
1043,492,1,4,-0.5119602182632951,2,0.1340396814918839,2,2,0,0
1044,465,1,6,-0.8690724619544183,2,-0.2550526863843375,0,0,0,0
1045,676,1,5,-0.5198696000891665,2,0.23148598291100486,0,2,0,0
1046,630,1,5,-0.5249518313543816,1,-0.5157371890186511,2,0,1,0
1047,184,1,5,-0.021564497105918984,0,-1.2813995327551004,1,0,0,0
1048,795,1,1,-0.5077694102040619,0,-0.08920019183984793,4,1,1,1
1049,776,1,4,-0.45599732035901563,2,3.113795034550118,2,0,0,1
1050,374,2,3,-0.6842261836829483,0,1.8876698759852657,1,1,0,1
1051,579,1,6,-0.8644622517662433,0,1.6250111971086862,3,1,0,1
1052,598,1,2,-0.6450783444006771,0,-0.14130149189205832,0,0,0,0
1053,552,1,4,-0.963410040129163,1,2.124750355803144,1,2,0,1
1054,389,1,5,-0.7761795167423005,2,-1.040945611483226,0,0,0,0
1055,365,1,7,-0.6081767485369673,0,-1.1293558804102932,3,2,1,1
1056,494,1,3,-0.847763927613391,0,0.7096393417677436,0,1,0,0
1057,734,1,6,0.10435568749591914,1,0.19058754682172682,2,1,0,0
1058,608,1,3,-0.6726651210489117,1,1.2117854122762481,3,2,0,1
1059,425,1,4,-0.03564730186723189,0,-0.5139372479447067,1,0,0,0
1060,654,1,5,0.04228197622242682,2,0.9835684950739589,2,4,0,1
1061,64,1,4,-0.4048137244640927,1,-1.095627811301431,0,4,0,1
1062,729,1,3,-0.40146246589146317,0,1.7715483740830773,0,0,0,1
1063,152,1,3,-0.12199044782033967,0,-0.9423454786621484,3,0,1,1
1064,427,1,5,-0.6982317986706726,0,1.2894974854842425,1,4,1,1
1065,276,2,7,-0.9860227542120931,2,0.8793973324956321,1,4,0,1
1066,241,1,3,0.045540209723341045,0,-0.39734081147450956,3,3,1,1
1067,732,2,6,-0.05400429894330335,0,-0.7039159260253747,1,0,0,0
1068,406,2,3,-0.3498174276310237,0,-0.4706184180760774,1,2,0,0
1069,569,1,7,1.113357831036909,1,0.7630196865767025,1,0,0,1
1070,490,1,3,-0.2851751761107853,0,2.0693621474424253,2,0,0,1
1071,595,1,5,-0.6400037629940097,1,-0.6165918799685453,4,4,0,1
1072,515,1,13,0.26362727714725775,0,1.0864175922441965,0,1,0,1
1073,243,1,3,2.3290406843845757,2,1.499382300982238,2,0,0,0
1074,699,1,8,0.3500906708676979,1,0.5977420883923302,2,0,0,1
1075,401,1,5,1.4282889211423864,0,0.8048054276763474,2,0,0,0
1076,188,1,3,-0.8862319491977481,0,1.2759617217978785,2,0,0,0
1077,414,2,7,-0.8767052982704282,0,-1.000288218247437,2,0,0,1
1078,800,1,4,-0.837041647445535,1,-0.8681997390172971,2,0,0,0
1079,670,2,5,0.22640507347191538,1,-0.7900879391838238,1,0,0,0
1080,430,0,7,-0.505609576691396,2,1.610063833573594,0,3,1,1
1081,430,0,6,-0.34723059926826244,0,0.47221307138211227,1,0,0,0
1082,435,2,4,-0.6989710110518315,0,0.3076767893176067,3,1,0,1
1083,915,1,3,0.347106730414662,1,0.5046191795446827,2,0,0,0
1084,576,1,6,0.8906081516040366,1,-0.3648511772662233,1,2,0,0
1085,586,1,4,-0.8302717119196933,1,1.4449231649103946,0,2,1,1
1086,706,1,2,-0.7901030218517497,0,-1.1135192886860532,3,3,0,1
1087,547,2,2,-0.5861712850100503,2,-0.516548169202025,1,0,0,0
1088,448,0,5,-0.6735110276432346,0,1.9287993650869553,2,1,0,1
1089,460,1,1,-0.23660934902240352,0,-0.13601988863030862,2,1,0,0
1090,485,1,5,0.41266586681106754,0,-0.9890248360689198,0,0,0,0
1091,492,1,4,0.5954310508051278,0,1.5729084292504008,1,0,0,1
1092,645,1,1,-0.7701074700231721,2,1.4376197831636386,3,0,1,1
1093,510,1,4,-0.811487056369766,0,1.2811022844376672,4,0,0,1
1094,646,1,1,-0.5480628645308877,0,-0.21605386305243168,1,0,0,0
1095,483,2,2,-0.845287499631388,0,-1.2960960315954622,1,2,0,0
1096,515,1,4,-0.9099308847158097,0,-1.0326655423755737,1,0,1,0
1097,100,2,3,-0.7252767470698438,2,-0.7633876413409904,0,0,0,0
1098,683,1,5,-0.49852423687416886,2,-0.25081554269235784,4,3,0,1
1099,569,2,2,-0.10637095520026213,0,-0.1347023014735554,1,2,0,0
1100,699,1,3,0.29883348527352144,0,0.012116756943528274,1,0,1,0
1101,64,2,3,-0.7514840696821478,2,2.7366332603879475,3,2,1,1
1102,917,1,4,0.7287131386352576,1,-1.1815043413199104,2,0,0,0
1103,472,1,2,-0.9730276521631704,1,-1.3738319644386707,1,0,0,0
1104,721,1,3,-0.41076266196354433,1,0.9178094405078335,0,0,1,0
1105,292,2,2,0.011869795636354513,1,-1.3791658247610596,0,0,0,0
1106,622,1,4,-0.6577088126784657,0,-0.2283254378260311,1,2,0,0
1107,289,1,2,0.16284277865629704,1,0.6170835269148311,1,2,0,0
1108,375,1,4,1.0444227763335727,1,-1.3229080536522662,1,4,0,1
1109,882,1,9,-0.9126494142479376,2,1.1376700311212884,0,2,0,1
1110,461,2,9,-0.27699618649049934,0,-1.0597077345693464,0,0,0,1
1111,543,1,1,-0.9885908829108567,0,-0.9234328070426547,2,1,0,0
1112,674,1,1,-0.6743475846792183,0,-0.08747203857494663,0,0,0,0
1113,599,0,1,-0.8580757699023317,1,0.5764937403523032,2,0,0,1
1114,530,2,5,-0.012239461179102957,1,0.3039968636377978,0,2,0,1
1115,572,2,6,-0.7170494404034193,0,-0.3316164993037212,2,0,0,0
1116,980,1,5,-0.6703530317102812,1,0.6646096114923741,1,0,0,1
1117,488,1,2,-0.773723760103098,1,-0.06548219289396023,1,0,0,1
1118,540,1,5,-0.7236358917902571,0,0.6821634074448969,1,0,0,0
1119,710,2,4,-0.7484713499553343,0,1.1686443287307113,1,0,0,1
1120,721,1,5,0.2094900177144307,2,0.4931530365589005,2,4,0,1
1121,737,1,2,2.1647007503690414,1,-1.0107311053757526,2,1,0,0
1122,627,1,2,-0.3225520246928718,1,-0.24060836796276355,2,0,0,0
1123,271,1,1,-0.07492975439026103,2,-0.08724719634793493,1,4,0,0
1124,826,2,7,0.7255901109692624,0,-0.9219311611292358,1,0,0,1
1125,270,1,3,-0.3503512905121236,0,0.19000979642537105,0,1,1,0
1126,560,1,1,-0.6421485313011212,0,-0.26060126594166133,2,4,0,0
1127,349,2,6,2.059081829557015,0,-1.1983498480933878,2,1,0,0
1128,487,1,4,1.3986934950781835,2,-1.179364805039615,2,1,0,1
1129,565,1,6,-0.7546875541061628,0,-0.006034073085980764,0,4,0,1
1130,564,0,1,0.22716526749624222,0,0.9270955739425969,1,0,1,0
1131,584,0,5,0.05161812352058256,0,-0.09062591703871378,3,1,1,1
1132,822,1,4,0.058830373531515344,2,0.8778197550428666,1,0,0,0
1133,590,1,2,0.7979846774746182,1,-0.011155433653018814,0,2,0,0
1134,451,1,3,0.13247587274398254,1,-0.6289086307668352,1,0,0,0
1135,692,2,5,-0.26557409833905815,0,-1.7913878826210963,0,0,1,0
1136,737,2,3,0.8953408276687665,0,-0.7539461961916379,0,0,0,0
1137,254,1,4,-0.6949379984857946,2,-0.06169103116250966,1,1,0,0
1138,619,1,3,0.14858146550386575,1,0.3031698611307251,1,2,1,0
1139,640,1,10,0.2218486618156759,0,-1.2449191035035805,2,0,0,1
1140,440,1,2,1.0697266003285306,1,0.5351157349336085,0,1,0,0
1141,775,1,2,5.482807967996694,0,-0.1957183271804033,4,2,1,1
1142,469,2,6,-0.1784996635096341,0,0.2856337581338778,0,0,1,1
1143,525,1,3,-0.33409332385728796,1,0.5976079500422576,2,0,0,0
1144,465,1,3,-0.07417753921870432,0,-1.7090765049406886,0,0,0,0
1145,503,1,6,0.0854314298762145,2,1.2003543707977498,1,0,0,0
1146,280,1,1,0.26168268098142833,1,1.3477740350515153,3,2,0,1
1147,211,1,5,-0.6720207364017065,2,0.3184295414735313,1,0,0,1
1148,818,1,1,-0.32891477580324346,0,0.9783801921156736,1,0,0,0
1149,330,1,9,-0.5364460709660884,1,-0.6589789890645468,2,1,0,1
1150,301,1,3,-0.9676428855558565,1,-0.09348928007569958,2,3,0,0
1151,69,1,6,-0.05140795586055135,1,-0.30623348406979545,3,0,1,1
1152,372,2,1,1.1056010812827564,1,-0.6158168842573208,3,3,0,1
1153,235,1,3,1.5799196964505742,1,1.4085935016695053,2,0,0,1
1154,828,1,5,-0.2667976536784542,0,-0.7722183429258747,0,0,0,0
1155,701,2,3,0.46888659467256905,2,1.01005909802015,1,2,0,0
1156,362,1,5,0.25965954728294643,0,-0.3435990247021617,1,2,1,0
1157,950,0,5,-0.7434875073673971,2,-1.0685165042539388,1,4,0,1
1158,696,1,6,-0.9417767893642377,2,-1.6537997461655236,0,1,0,0
1159,435,2,6,0.3934345216323478,1,-0.8272305095784859,0,0,0,1
1160,64,0,5,-0.6699330988678035,2,0.3521256878532446,1,0,0,0
1161,958,2,2,-0.19710669185220803,1,-1.3076910646065034,2,2,0,0
1162,222,1,4,-0.2527043485641669,2,0.05126459169635941,0,1,0,0
1163,170,1,2,0.7242923465939751,0,1.2703091673107927,3,1,1,1
1164,704,1,5,0.04445504627882634,0,0.10712229646285906,3,2,0,1
1165,987,1,3,0.9025110367811698,1,-0.7149591858478164,2,1,0,0
1166,776,2,3,0.4112559100796711,0,1.744616475691279,0,0,0,1
1167,612,1,3,7.828078283223435,1,-0.145614015048696,4,0,0,1
1168,618,1,7,1.0203922348510228,0,1.1794412598805095,2,2,0,1
1169,670,1,7,-0.7667264570497063,2,1.7375153744622995,2,0,0,1
1170,651,1,4,2.301956794263818,1,0.5027165390589671,1,0,1,1
1171,556,2,1,-0.5850412645467026,0,-1.1134482946497402,0,2,0,0
1172,520,2,5,-0.055783370456516414,0,-0.5717914066333489,2,0,1,0
1173,487,1,6,1.876777926181029,1,0.48677474473714816,1,0,0,0
1174,349,1,2,-0.7627366836849775,2,-0.09539201576046526,0,1,0,0
1175,443,1,3,0.9724081226797053,0,-0.5926920468669431,0,3,0,0
1176,161,1,4,2.105296844869796,0,0.3436443081087444,1,0,0,1
1177,480,0,1,0.947423711301683,2,-1.2823798766039312,3,0,0,1
1178,302,2,2,0.7315637644901604,2,0.07522196713664517,1,1,1,1
1179,279,1,4,-0.6952514934955755,0,-0.11698278233594644,3,1,0,1
1180,535,1,5,-0.47620280603031206,0,1.6797338677623184,1,1,0,1
1181,778,1,2,0.4450543252142099,1,1.2842323218104692,4,0,0,1
1182,683,1,2,-0.87996408577635,1,1.5693892854818838,3,0,0,1
1183,185,1,3,1.2221890400345958,1,0.09303365219083709,2,2,0,0
1184,302,1,2,-0.7677825870401173,0,0.28618840948448343,2,0,0,0
1185,688,1,4,-0.16168294973943814,0,-0.6791820320560563,0,1,0,0
1186,303,1,3,-0.8949689052364397,1,0.46250972112545524,1,2,0,0
1187,455,1,2,-0.7995639126481358,0,0.14405067562296858,1,0,0,0
1188,610,0,4,-0.11213300062023451,0,-0.5603794335666858,3,1,0,1
1189,306,2,3,0.016218860634727213,1,-1.0307742879886241,1,3,0,0
1190,521,1,3,-0.6881215394317656,0,-0.7590910737837505,2,0,0,1
1191,233,1,4,-0.8788886921360747,1,-1.529016278004656,1,0,0,0
1192,379,1,3,-0.19671505932141684,1,0.07078911340387954,1,2,0,0
1193,563,1,5,0.860093707279034,0,0.2916492470864163,1,0,1,0
1194,181,1,2,-0.779067660236781,1,0.2586767108379248,1,0,0,0
1195,588,2,6,0.18847994837878787,1,-0.15904500147996403,2,0,0,0
1196,496,1,3,-0.5119659019280494,0,-1.07634710720769,2,1,0,0
1197,610,1,4,1.9073618706408064,1,0.38361458072205096,2,2,0,0
1198,544,1,2,-0.9202085490846907,0,1.3619573120457367,2,0,0,0
1199,772,2,1,-0.9663775775159885,0,1.6739932176118888,3,2,0,1
1200,525,2,5,-0.872854286855853,0,-1.0018874756958034,0,2,0,0
1201,414,1,1,0.5435019472935412,1,-1.5217897614287956,2,0,0,0
1202,524,1,1,1.5968591430182904,1,0.33476007410182457,1,0,0,0
1203,608,1,3,0.7503268182761167,0,-0.6563984229497354,2,2,1,0
1204,509,1,4,0.27900832964172984,2,-1.5171864119335223,3,3,0,1
1205,508,1,6,-0.9475409702117906,0,0.7231805665842336,1,1,0,0
1206,359,1,4,-0.7631943583463472,0,-0.3667314729420145,3,2,0,1
1207,367,1,1,1.7781579048168112,0,-0.8122558412558917,1,1,1,0
1208,219,1,3,-0.016243191507079143,0,0.2394238587819961,3,2,0,1
1209,849,1,1,-0.36534803255643344,2,-0.6132226845485811,0,1,0,0
1210,251,2,5,0.06663792635470708,1,-1.1738618474470237,1,1,0,0
1211,361,1,4,-0.807764455827631,1,-1.5291126938719992,2,1,0,0
1212,356,1,3,1.2640059739065233,0,-0.5121218464407176,3,1,1,1
1213,678,1,5,0.07838181238801778,0,0.730720835680196,0,0,0,0
1214,441,1,5,-0.3597462119139047,2,0.25637877488462657,3,0,0,1
1215,749,1,3,-0.38607981763316984,0,1.4238619376790067,0,1,0,1
1216,365,1,4,0.7497591531416102,0,1.4168264956644416,3,1,0,1
1217,555,1,6,-0.6335965777139476,0,-1.4356194672560998,3,1,1,1
1218,332,1,3,-0.8578500413135935,0,-1.7857559656904667,2,0,0,0
1219,929,1,2,-0.798965078415914,1,-0.7687459322438761,3,1,0,1
1220,262,1,1,-0.9218005760024449,0,-1.040523213291249,0,1,0,1
1221,561,0,7,-0.28675100701377043,2,2.013374858566499,3,0,0,1
1222,626,1,6,0.14236266212651172,0,-0.8731678064456861,1,0,0,0
1223,582,1,3,1.7564527888726669,0,-0.9566238216199999,1,4,0,0
1224,462,1,1,0.4054392489829521,2,-0.6639283478386194,0,0,0,1
1225,474,2,5,-0.1179790713846913,1,-0.18541677492224315,2,0,0,0
1226,508,1,5,1.0209824218362757,1,1.036830011863751,0,1,0,0
1227,470,2,3,1.2577979186456154,0,-0.5883753945306508,0,2,0,0
1228,692,2,5,0.25956371323817884,0,-0.1807441871833272,1,0,0,0
1229,942,1,7,-0.9489430767146778,2,-0.529980229553146,0,2,0,1
1230,388,1,4,-0.656993484697658,1,0.013829713142571637,3,0,0,1
1231,226,1,4,-0.5911089364218648,0,0.41534640165495035,0,0,0,0
1232,482,2,7,5.03884067355282,0,-1.2012377086570625,2,0,0,1
1233,1015,1,5,-0.3732781674638626,0,1.5262244080036829,2,0,0,1
1234,339,1,2,0.45165870709967243,2,-0.9974481694295292,2,0,0,0
1235,827,1,4,0.701777367375876,1,1.0309293809508546,0,2,0,0
1236,835,1,2,0.06941492126005527,1,-1.2576605267799823,3,0,0,1
1237,389,1,6,-0.9891028468483196,1,-1.4115951951994774,2,0,0,1
1238,613,1,3,-0.9879905671522463,2,0.8980851318201117,2,2,0,0
1239,825,1,6,0.7293533855435907,1,0.5590962057363331,3,0,0,1
1240,424,1,6,0.35925857279371265,0,0.7238730737280875,3,0,0,1
1241,459,1,6,-0.22661686423204075,0,-0.06800361811829551,2,0,0,0
1242,383,2,4,-0.71680296299424,1,-0.8772632123431997,2,0,0,0
1243,297,1,4,-0.9156078201742964,0,-1.6166427665523952,0,4,0,1
1244,370,2,4,-0.8253496342274356,1,-0.18179771176353934,1,3,0,1
1245,255,1,1,-0.12475575722796683,0,-0.8289796639077707,2,3,0,0
1246,506,1,4,-0.2051010047219341,0,-0.6500680040398367,1,0,1,0
1247,346,2,4,1.8753258015045748,0,-1.0819017629128969,2,0,0,0
1248,546,1,4,2.199022810223323,0,-0.030899930792517714,1,0,0,0
1249,188,0,2,-0.1351644059771365,0,-0.36006977700347625,1,2,0,0
1250,566,2,1,0.8651787481824254,0,-1.2926358601226378,1,2,0,1
1251,666,1,5,0.6933580619341984,0,-0.18665265673209322,0,2,0,0
1252,101,1,7,0.4118331856031537,0,0.10786033283983536,3,0,0,1
1253,574,1,5,-0.4229610957534268,2,-1.2795211284061117,0,1,0,1
1254,745,1,6,-0.5061106691217658,0,-0.5374967592922495,2,2,0,0
1255,258,1,3,-0.6959156908434027,0,-0.7691771081708277,1,1,1,0
1256,834,1,2,1.8055307142819657,1,1.5957399745414629,1,2,0,1
1257,583,1,3,0.8211974576282383,2,-0.0708261175506205,1,0,0,0
1258,358,1,5,-0.8095928908706297,0,-0.3043931996251934,1,0,0,0
1259,488,2,6,-0.7119201716172018,0,-0.35968984931810205,1,0,0,0
1260,611,2,6,-0.12232006546451969,1,-0.16325058115391178,2,0,0,1
1261,515,1,5,-0.4649906563536395,0,0.20742834186274878,1,4,0,1
1262,607,2,4,-0.7630830231499858,2,3.16042434579737,1,0,0,1
1263,315,1,6,0.5850677522533058,0,0.37332524518628407,0,3,0,0
1264,533,1,4,-1.0062826706874148,1,0.34605204444853904,1,0,0,1
1265,217,1,2,-0.5801864141243005,1,-1.7608092027396163,0,0,0,0
1266,477,1,4,1.687432860451771,0,-0.40537811335305535,3,1,0,1
1267,319,1,4,0.4468976391009586,0,0.2342245963147667,3,0,0,1
1268,352,2,3,-0.4861289680235453,0,-1.233077494139611,1,1,0,0
1269,747,0,2,1.6785248843814222,1,-0.7769251592805825,1,2,0,0
1270,718,1,4,1.3422677984550704,2,-1.1388011387044035,1,0,1,0
1271,621,2,5,-0.9529238798075998,0,-1.1596724957073992,2,0,0,0
1272,281,1,3,-0.8686260927203306,0,1.8330188227966087,1,0,0,1
1273,436,1,5,-0.5097288892972945,1,0.8671575967404785,2,0,0,1
1274,742,2,4,1.6881203488183512,0,-1.5227513166728723,1,0,0,0
1275,528,1,2,0.8831199444534221,0,-1.7177998794704739,1,1,0,0
1276,963,1,4,-0.9580873589226502,2,0.061741309749190766,3,1,0,1
1277,578,1,4,-0.27747491364477467,2,1.4863756096343692,1,0,0,0
1278,538,1,4,0.28777361710860544,2,-0.4156051380678266,3,2,0,1
1279,438,1,6,-0.6794898409830511,0,1.8643823292708335,0,0,0,1
1280,526,1,8,0.29606483355720786,0,1.8622869477888857,2,4,0,1
1281,469,1,1,-0.5383764448060676,1,-1.245814951382562,1,0,0,0
1282,641,1,3,-0.6821078362192252,0,-1.3677819603967356,1,2,0,0
1283,691,1,4,-0.5008357693928276,0,-0.6593774697073487,2,2,0,0
1284,342,1,2,2.055482075242459,1,-1.081955281365563,2,1,0,0
1285,233,2,1,1.3893917841515124,1,1.2946355087839685,1,4,0,0
1286,132,1,4,1.486889543849459,1,-0.8876441577793646,3,0,0,1
1287,601,1,2,1.528235141397838,0,-0.7984970078069966,1,0,1,0
1288,279,1,5,-0.808160201300987,1,1.0997816575145458,3,0,0,1
1289,69,1,1,1.2947752813940845,1,-1.3423240712104503,3,1,0,1
1290,577,1,3,-0.7651784417415304,0,1.7229975671920688,1,0,0,1
1291,998,1,4,0.8442480157414446,0,2.175626823937902,1,0,0,1
1292,498,0,4,-0.21385908725199393,1,-0.6612360008874106,2,4,0,1
1293,667,1,5,-0.728787933113222,0,0.4578110652419801,2,3,0,0
1294,516,1,2,-0.49081455445737204,0,-1.2827537952136172,0,2,0,1
1295,480,1,4,-0.43009395227375236,0,-0.8164953223796577,0,0,0,0
1296,683,1,5,0.3358589472099707,2,0.7104663209755256,1,0,0,0
1297,441,1,4,-0.060488975847087394,0,-0.8217232244230087,1,3,0,0
1298,553,1,6,0.7182136656623005,0,1.2518733186518733,2,0,0,0
1299,564,2,4,-0.49371116743408916,0,0.3262037751235657,1,4,0,1
1300,366,1,3,0.37637096720995683,2,-0.9384429579824215,1,0,1,0
1301,698,2,2,0.5931252488044881,2,0.4435407736014566,1,2,0,0
1302,465,1,3,-0.9415230641133157,0,-0.12370395272235253,1,0,0,0
1303,348,1,2,-0.5287899994070446,2,1.3051346468413945,1,1,0,0
1304,607,1,3,1.2007046457649775,1,2.2902506089804127,0,3,0,1
1305,320,1,3,0.2336926483926003,1,-1.4015829613734874,0,0,0,0
1306,505,2,3,-0.4565495439686705,0,0.7699098663122805,1,0,0,0
1307,498,1,3,-0.8023258998562762,0,-1.2899704797298925,1,0,0,0
1308,717,1,3,-0.9045256557143024,1,-0.0013356171887293142,2,0,0,0
1309,594,0,5,-0.7428900440279238,0,-0.3599994414435306,2,0,0,0
1310,494,2,2,-0.7224382198593867,2,-0.02222686925209915,2,2,0,0
1311,663,2,3,-0.536864140472811,2,-0.7898606624468747,3,1,0,1
1312,778,2,4,-0.8098328112559302,1,0.027306424003179456,1,3,1,0
1313,611,1,3,-0.8472861466244827,0,0.826043070663652,0,0,0,0
1314,502,2,6,0.8818254508492308,0,1.1189249167598574,2,0,0,0
1315,237,1,4,-0.7158919095759079,0,0.6783219242243731,2,0,0,0
1316,286,2,4,-0.16913732529755152,2,-1.719497453409577,5,0,0,1
1317,438,2,3,-0.7817973240023142,1,1.830265995342621,1,0,1,1
1318,378,1,4,-0.3195106355281218,0,-0.009199497027646256,3,0,1,1
1319,462,2,5,-0.6783804947441591,1,0.5096199119913938,3,0,0,1
1320,511,1,2,-0.9155120651183061,0,-1.0457404456821302,4,0,0,1
1321,605,1,4,3.0881485527590677,0,-1.3780236170505842,4,0,0,1
1322,485,1,3,-0.38527252542658336,0,-0.7205962426868228,4,0,0,1
1323,597,2,2,-0.5000274329964861,2,-1.2589295111465235,3,0,0,1
1324,512,1,6,-0.7820226631135964,1,0.43862392864392086,1,0,0,0
1325,104,1,5,-0.31225585353061114,0,-0.6697552261658003,1,1,0,0
1326,312,1,5,0.01782589804653521,0,-0.642195586006201,4,2,0,1
1327,471,0,4,-0.6383151432918852,0,-1.0230445601329559,1,0,0,0
1328,258,1,5,-0.34194484367022127,1,0.3199063085096677,3,2,0,1
1329,619,2,5,-0.7326363253044316,0,-1.588189644810365,2,0,0,0
1330,806,2,1,-0.24487692727261506,0,0.017277475583225774,3,0,0,1
1331,743,1,5,0.5660484419148654,0,0.8755183254512704,2,0,1,0
1332,457,1,2,-0.9446999279016194,2,0.04244505827832871,1,1,0,0
1333,798,2,5,-0.26592195172199007,0,0.5178722411396297,1,0,0,1
1334,529,2,1,-0.48938862270740885,2,-1.7027576539268185,2,0,0,0
1335,432,2,3,-0.9296234551648792,0,1.0811276888743575,0,0,0,0
1336,377,1,3,1.8622857547143528,2,-0.6736766252364528,1,1,1,0
1337,439,2,8,-0.701829313199413,1,1.3290901200226624,0,2,0,1
1338,422,1,5,-0.16213892068651634,2,0.30498094128151254,1,0,0,0
1339,534,1,3,-0.533694346660127,0,-0.5346868566158286,1,0,1,0
1340,532,2,3,-0.6861960051746924,0,0.09035206869760308,3,3,0,1
1341,500,1,3,-0.24602289098355262,0,1.8495653443613929,2,0,0,1
1342,587,2,4,0.18014915492519448,0,0.5472406677288192,2,0,1,0
1343,738,1,2,0.5580532145465952,2,1.8124987134972028,2,1,1,1
1344,689,2,3,0.01422291752897632,0,-0.07599914568987386,2,0,0,0
1345,203,1,5,-0.24792411642288575,2,0.7398791413968301,1,0,1,0
1346,64,1,4,0.5195542915191302,1,0.8259579023767454,3,3,1,1
1347,686,2,5,-0.2667296870967245,2,-0.664572914599192,0,2,0,0
1348,226,1,3,2.7130689476746572,0,0.6950049021594567,0,0,0,0
1349,455,1,5,-0.2469688243977052,0,-0.20908719003491824,1,2,0,0
1350,265,0,10,-0.619720495596356,0,1.3664472363861595,3,0,0,1
1351,139,1,3,-0.4065168311543737,1,1.9645551947715665,1,0,0,1
1352,608,0,3,-0.32303344390848693,2,-1.4662842027676852,1,0,0,0
1353,651,1,4,-0.6688099103983557,0,-0.23009784032302938,1,2,0,0
1354,384,1,1,-0.8320520951264404,1,-1.2728510388963385,3,0,0,1
1355,64,2,5,-0.4336682776288553,0,0.33881912931955965,2,0,0,0
1356,390,1,5,1.304325777070853,2,-1.0129288341077516,0,3,0,0
1357,578,1,3,-0.7077371986288338,2,-0.504031133370692,1,1,0,0
1358,204,1,2,-0.551056477106782,0,-1.2273774747454267,1,4,0,0
1359,536,2,3,0.434033690312714,1,2.348195005384337,1,0,0,1
1360,496,1,6,-0.9205409243565041,1,1.8598555521332663,0,0,0,1
1361,615,1,4,0.7652977597473186,1,1.5703618966439787,3,4,0,1
1362,523,1,3,0.28786641639898847,0,0.6455233974778193,1,0,1,0
1363,305,1,3,-0.196244815062467,2,-1.5827763454822383,1,2,0,1
1364,739,1,1,-0.7687842796039346,0,1.404190527601554,0,3,0,0
1365,468,1,5,-0.9089432278693741,1,-1.2812421447041338,1,1,0,1
1366,494,1,3,-0.739759598463226,0,0.8496152689852924,2,0,0,0
1367,313,1,5,0.4499941896308274,1,1.367760243524976,3,2,0,1
1368,411,1,2,1.748922358387747,2,-0.25142277078706843,3,0,0,1
1369,323,1,6,0.3539996076477282,0,-0.5379935938506216,1,0,0,0
1370,465,1,5,-0.2450837748955689,2,0.7848517015756395,2,2,1,1
1371,842,2,3,2.053040168776907,0,1.4990970528437275,0,4,0,0
1372,225,1,7,0.7858349854150576,0,-0.49023511589352164,1,0,0,1
1373,177,1,3,0.0770028230460864,0,0.028939639434051218,1,2,0,0
1374,794,1,2,-0.968561532571149,1,0.06565965975526909,2,0,0,0
1375,458,1,2,-0.6627627833845966,0,0.1950950057461773,3,4,0,1
1376,366,2,6,-0.633094543866648,2,-0.8950560448496209,3,2,1,1
1377,707,0,4,-0.5740212792511029,0,0.06724129569732462,0,0,0,0
1378,378,1,5,-0.5061450762993298,1,0.6631587427335428,1,1,0,0
1379,865,1,6,1.8429836062337341,1,-0.979948889771557,2,0,0,0
1380,635,1,6,0.36957848650122055,0,0.3928159264902565,2,0,0,0
1381,402,1,1,0.1896997189028331,2,2.3248192199785382,1,0,0,1
1382,931,2,5,-0.44233943604834214,0,-1.3299059281430459,0,2,1,0
1383,378,1,6,-0.5890174214811785,2,-1.7702121293001203,2,0,0,0
1384,648,1,5,-0.8783333231250294,0,0.6172173128094519,3,0,0,1
1385,559,1,5,-0.39332676934443656,0,0.47708010720805827,3,4,1,1
1386,760,2,4,-0.7740923329185675,2,-0.7552091960775908,3,0,0,1
1387,812,1,5,-0.5034351646472982,1,0.3893694955919462,2,0,0,0
1388,506,2,1,-0.8348911901185314,1,-0.9658938000662485,1,0,0,0
1389,349,1,4,-0.5790716836333075,0,1.4591587041356588,1,4,1,1
1390,591,1,9,-0.9631826026665423,0,0.8364644032506924,0,0,1,1
1391,364,2,7,-1.0017189230298376,1,0.7837775073821057,2,0,0,1
1392,902,1,3,1.0665082941630295,1,1.806858482706693,2,0,0,1
1393,527,1,6,0.03482220229436732,0,0.4328078621156923,2,1,1,0
1394,426,1,2,-0.10680274137500656,0,-0.0906230751868772,2,1,0,0
1395,536,1,5,-0.2744189175971943,2,0.11331995777047121,2,2,0,0
1396,230,1,4,0.3115950521830959,2,0.9229327298037843,0,1,0,0
1397,305,2,5,0.34733722775077563,0,0.3448367585020576,1,3,0,1
1398,740,1,2,1.7761500663784962,1,0.3227335803417996,1,1,0,1
1399,368,2,3,-0.7228178085303407,0,0.6521584288864719,1,2,0,0
1400,290,1,5,0.55645914958139,2,-0.3299892245309798,0,1,0,0
1401,607,1,2,3.801139624894062,0,-0.05913759478698757,1,4,1,1
1402,737,1,6,-0.9779090110705545,1,-0.24807150506940143,3,2,0,1
1403,643,2,4,-0.5314787601592225,1,-1.5647015201457,0,2,0,0
1404,699,2,2,-0.4253121828280483,0,-1.0116028128036483,2,0,0,0
1405,348,2,2,0.7466420270306608,1,1.0953634205970832,1,0,0,0
1406,215,1,5,-0.9937883744355291,0,-0.4106234950723217,1,4,0,1
1407,800,1,2,-0.0794203837360447,0,-0.869444813475315,1,1,0,0
1408,435,1,2,1.2612550342715034,0,1.7941236740364404,0,0,0,1
1409,449,2,4,-0.8454031365124318,2,-0.734692415662743,0,0,0,0
1410,765,1,5,-0.8829490250059336,2,1.5146877739159794,1,0,0,0
1411,611,1,3,7.588134326506268,2,-0.10626253827699846,3,0,0,1
1412,591,1,4,0.7704762222126497,2,0.09156533250025517,3,4,0,1
1413,933,1,4,0.20796683307858527,0,-0.09739093547587878,1,1,0,0
1414,371,1,5,-0.49003502142698696,0,-0.43960041896650925,3,1,0,1
1415,685,2,3,0.9489048791642222,2,-1.3760990677022478,0,2,0,0
1416,511,1,3,1.5969022440559655,0,-0.014875391465856902,3,1,0,1
1417,553,2,6,0.33295585349990675,2,0.7191307226062595,2,0,0,0
1418,805,2,5,-0.4915340350493589,1,-1.0706576682070008,0,4,1,1
1419,601,1,8,-0.11693826542428323,1,-0.22455191462150062,0,2,0,1
1420,607,1,2,-0.902377024976933,0,-1.324452814988001,0,0,0,0
1421,714,1,6,-0.8329250477118026,0,-1.163406512695577,0,4,0,1
1422,427,2,6,0.5462757214239617,1,1.8475769082981837,2,0,1,1
1423,332,1,6,-0.9776014091861376,0,-0.7867453866289008,2,2,0,0
1424,291,1,4,-0.9565542444942211,0,-1.1847023865916335,3,1,0,1
1425,106,1,4,-0.28641911820477295,0,-0.19739742247346537,1,0,0,1
1426,911,1,4,-0.8177014118038924,1,-0.3513220823755814,2,1,0,1
1427,279,1,1,-0.6542011244715832,1,-1.1332849664200118,0,2,1,0
1428,455,1,2,-0.4902885053079869,0,-0.5897429788326758,1,0,0,1
1429,444,2,5,-0.2565628487465232,0,0.988529211965369,1,0,0,0
1430,561,2,5,-0.6687408730122105,0,-0.8533636030908612,1,1,0,1
1431,663,1,5,-0.33580310739793917,0,2.8155659245435762,2,3,0,1
1432,672,1,3,-0.5368275616418295,0,0.6864292971687255,2,0,0,0
1433,383,2,4,-0.9219166643274793,1,1.3958334084552904,0,2,0,0
1434,466,1,8,1.0449883532462731,1,0.11739874533397653,3,0,0,1
1435,556,2,7,-0.6718150546536166,1,0.5471638633150527,1,1,0,1
1436,450,1,1,-0.05179903403744928,1,0.12868172852723814,1,1,0,0
1437,821,1,5,-0.14994512799903803,1,-0.8345287167446956,1,2,0,0
1438,598,1,5,-0.7819659551571213,0,-0.6890085723649659,2,0,0,0
1439,646,1,2,-0.9769277644917504,0,1.2183121696136343,3,2,0,1
1440,632,2,6,0.9697918354208577,0,0.342489877077246,1,0,0,0
1441,734,1,3,-0.3075610777800795,2,-1.4128848057050127,1,2,0,0
1442,536,1,4,-0.4634844805344589,0,2.002286945490263,1,0,1,1
1443,240,1,1,0.456047511873941,2,-0.6856568426936861,2,0,0,0
1444,579,2,8,-0.9735662343987731,1,0.2555701455593023,2,0,1,1
1445,369,1,2,0.4659830778309864,1,-0.6916999905656529,1,0,0,0
1446,394,2,2,-0.47308483937388296,0,-0.5977763050758284,1,0,0,0
1447,617,1,5,-0.19203534292328134,1,2.1312685908699724,1,0,0,1
1448,747,1,3,0.4120906433715908,0,0.10435043696578104,2,1,1,0
1449,504,2,4,-0.20289511911202468,0,-0.4163884802504707,2,0,0,0
1450,561,1,6,-0.9430115357912291,0,-1.3874158271289205,3,1,0,1
1451,840,1,3,0.3185853524030364,2,0.5862706417138629,1,0,0,0
1452,548,1,8,0.5618848853947087,1,-0.9851168639569017,2,3,0,1
1453,1020,1,5,-0.37757671256882747,1,-0.9251658924072229,2,1,1,0
1454,613,1,1,-0.41984468167447886,2,0.8587945352654656,0,0,0,1
1455,147,1,4,-0.7126512653779179,1,0.9337585673572709,1,1,0,0
1456,650,1,1,0.04307382958206262,0,0.6030400661980864,0,0,0,0
1457,576,1,4,1.1656239528383334,2,1.6330583140330777,1,3,0,1
1458,757,1,3,0.07739127618635243,0,-0.7883348074749406,0,0,0,0
1459,634,1,3,0.49280032924856515,0,-0.9876664430348332,1,2,0,0
1460,472,0,4,0.8399843038978848,0,1.2446902615384585,4,0,0,1
1461,255,2,4,-0.7471132889576616,1,-0.37051753247329433,3,0,0,1
1462,458,1,2,-0.48473610656395855,2,-1.4442967289911222,1,0,0,1
1463,329,1,4,-0.4254496917311944,1,1.3649132167835736,2,0,0,1
1464,383,2,3,-0.1753937232777941,0,-0.2542277813963677,2,2,1,0
1465,617,1,3,-0.9565690876799362,1,-0.9094747624171671,1,1,0,0
1466,833,1,6,-0.10497449453481733,1,1.1822798032362025,2,0,0,0
1467,578,2,5,-0.9135925754856435,1,-0.15955195850201961,1,0,0,0
1468,260,1,5,0.6630464482640986,0,-1.4834062558187113,1,0,0,0
1469,588,1,3,2.3459110488326704,0,0.477420147272235,1,0,0,1
1470,739,0,3,-0.6598663366300381,0,0.8311074318620635,2,2,0,0
1471,378,1,5,-0.28932654356716964,1,1.2759088673427712,1,0,1,0
1472,473,1,1,0.7544079626811436,1,0.7188353685777126,3,1,0,1
1473,502,1,3,-0.6235761384930145,1,-0.7045529118042068,3,0,0,1
1474,343,1,3,-0.8332182787696351,0,-0.6322667547126791,4,0,0,1
1475,629,2,7,0.3585666706972308,0,0.8773133884739209,0,0,0,1
1476,475,1,3,0.21114190662251617,1,-0.18965796307078378,2,0,0,0
1477,583,1,6,-0.1496016779571005,0,-0.7996088253306569,1,0,0,0
1478,322,2,3,1.9317555911438853,1,0.4954779936086598,0,2,1,0
1479,412,1,6,2.1489852694556104,2,0.7202840339017581,1,2,0,0
1480,644,1,7,1.003163237061558,0,-0.39579813061790886,3,2,0,1
1481,425,1,5,-0.6551856167537128,0,-1.403594349972263,1,2,0,0
1482,845,1,3,-0.7481356536054805,2,-0.7492656228239983,1,0,0,0
1483,420,1,1,0.8293095793388408,0,0.47647072846048694,2,2,0,0
1484,544,2,3,0.06385914713502469,2,0.2924870366478607,3,2,0,1
1485,686,2,1,-0.49485535777782086,2,-0.9259551825556582,0,2,0,0
1486,216,1,5,-0.47163494578782866,0,0.17866764510221297,2,1,0,0
1487,147,1,1,0.9445211421579095,1,0.6177537813371075,1,1,0,0
1488,194,1,9,-0.826591560357623,0,0.13860065389539103,2,0,0,1
1489,752,1,8,1.9233084717521969,0,-1.2245939273860682,1,0,0,1
1490,389,1,5,0.012254467274471336,1,0.18487351560550558,2,0,0,0
1491,1011,2,3,0.5860479976700183,0,0.28653144081272225,2,1,0,0
1492,387,1,6,-0.5365334143605704,2,-0.5273936849395249,4,0,0,1
1493,536,1,3,-0.10870102320915584,1,0.5138695653127903,1,2,0,0
1494,808,1,4,0.40207956234427905,1,1.2127088237182344,0,0,0,0
1495,901,1,2,-0.4269446184059423,0,2.505970667890005,2,0,0,1
1496,912,1,2,-0.3271208823843811,1,-0.26640373546974827,2,2,0,0
1497,741,1,3,-0.12049102407543812,0,-0.32434912131924626,3,0,0,1
1498,704,1,4,-0.9412378185663873,1,-0.02109682629692498,2,0,1,0
1499,618,1,5,1.015261318086383,2,1.0291672683626634,2,2,1,1
1500,655,1,6,1.0415538190548568,0,-0.6693135506177552,3,1,0,1
1501,389,1,3,-0.6717417822060665,0,-0.17407815016936315,0,0,0,0
1502,336,1,1,1.1471256326229962,0,-0.07446839092354059,2,3,0,1
1503,499,2,5,0.38275454524156294,2,0.3840228812912214,1,2,1,0
1504,465,1,1,-0.3365021132596189,1,-0.2723505264085484,1,2,0,0
1505,409,1,3,-0.5732126513031267,1,-1.4732557751587008,1,0,0,0
1506,639,1,2,-0.489361803218712,1,1.241661020880665,2,0,0,0
1507,691,2,4,-0.2303321690166996,2,-0.3001437227364303,0,2,0,1
1508,517,1,2,-0.46686054146965894,0,0.23513151941331403,1,1,0,0
1509,795,1,5,-0.4534106937798296,2,-0.6747319549127337,1,2,0,0
1510,271,1,3,-0.7769284881854972,2,0.27645225616291713,1,2,0,0
1511,461,1,5,0.24351727271496865,0,0.7131916261776269,0,4,0,1
1512,356,1,2,-0.05123046298856267,0,0.7419711881572261,1,0,0,0
1513,126,1,2,3.8905029248488643,2,0.04308399621019351,0,1,0,1
1514,483,2,3,-0.8529910488164021,2,-1.2441713952329245,1,0,0,0
1515,475,1,3,-0.8850573893920674,2,0.6062277050587658,3,0,0,1
1516,802,1,1,-0.26993601151296065,1,1.3498568863731242,2,0,0,1
1517,626,1,1,-0.840182807876203,0,-0.2904824400851317,1,4,0,0
1518,295,1,6,-0.04854467667096751,0,0.5531287775259375,2,4,0,1
1519,870,1,3,-0.785834324280254,2,1.5430532074487893,2,4,0,1
1520,744,2,5,-0.3368816920913937,1,2.809346406595726,1,2,0,1
1521,616,0,1,-0.04673996409628519,0,0.4146893091112227,0,0,0,0
1522,454,1,5,-0.38483221432345177,0,0.12702591366202795,2,2,0,0
1523,308,1,4,-0.6156332976198041,0,-0.3084587956275439,0,0,0,0
1524,425,1,2,0.5429001741139688,0,1.4488545424146226,1,0,0,1
1525,717,1,3,0.9537571693428709,2,1.6256325188683833,2,2,0,1
1526,876,1,4,-0.676497510602327,2,-0.12922235916331562,2,1,0,0
1527,808,2,6,0.6995755179119099,2,-0.5276215669627194,3,4,0,1
1528,402,2,1,-0.5023931161053964,0,0.9802056711006546,2,0,0,0
1529,276,1,2,-0.32774179964015,0,-0.02337323492608776,2,1,0,0
1530,528,1,5,-0.7397191154937233,0,-0.9993558396605333,1,0,0,0
1531,146,1,5,-0.008310060270687772,0,0.9049393114279887,1,0,0,0
1532,564,1,4,-0.89965494882101,0,-0.014880037627631215,1,4,0,1
1533,470,1,4,-0.09696047569975759,2,-1.0161542679783426,0,3,0,0
1534,406,1,2,3.647717805893408,2,-1.6255042616182571,4,0,0,1
1535,181,1,1,0.41631905572026173,0,-1.52384991257724,1,3,0,1
1536,602,1,4,1.2848225138440437,0,0.5030678917073083,3,0,0,1
1537,393,1,5,-0.3732155958574927,0,-1.2826105336043827,3,1,0,1
1538,266,2,3,-0.851970631064732,1,1.0809001939354004,0,0,0,1
1539,64,1,3,-0.6617221467625736,1,0.10667366888184918,2,2,0,1
1540,494,1,1,-0.9567321468079417,1,-1.3482383810579783,3,1,0,1
1541,854,1,4,-0.2991821449700467,2,0.039206886548683054,1,1,1,0
1542,832,1,2,0.058929142083229406,0,1.660260713816155,0,0,0,1
1543,408,1,3,-0.44593624451796665,0,-0.09073902488485704,1,0,0,0
1544,379,1,9,-0.16541958845489144,0,0.6109758417240206,1,1,1,1
1545,593,1,4,-0.6145604109223003,0,1.8772068264323518,3,0,1,1
1546,300,1,3,-0.9165602245225768,1,0.3668540018206536,2,2,0,1
1547,560,0,2,-0.43256659378962425,0,-1.4288673048748275,1,0,0,0
1548,653,1,7,-0.20067713532988513,0,1.0016379582257584,2,4,0,1
1549,745,1,1,3.1146811188365384,1,-1.3438121785349206,1,0,1,1
1550,479,1,3,-0.5739774292911621,1,-1.2472031616392723,3,2,0,1
1551,459,1,3,0.1439757671915457,0,0.43683409737786744,2,1,1,0
1552,324,2,5,0.7511739401265963,0,1.3557416250000216,2,0,0,0
1553,334,1,3,-0.5923266488114284,0,-0.159942410855384,0,2,0,0
1554,454,1,1,1.695836325899201,2,0.26609606619846515,2,4,0,0
1555,573,1,6,-0.5870477020061595,0,0.8806674018149971,2,3,1,0
1556,682,1,4,2.551997530302359,0,-0.2072398971253988,2,0,0,0
1557,339,2,5,-1.0056674233520486,1,0.030854993639655045,1,4,1,1
1558,798,1,1,0.01491454106714553,0,-0.7554540262569889,2,4,0,0
1559,445,1,3,0.5790936379209124,0,-0.5623900376224265,2,0,1,0
1560,495,2,5,-0.6736610376287777,0,-0.9066495172833432,0,0,0,0
1561,350,2,3,-0.8812494562107789,0,0.09038880430371152,2,0,0,0
1562,64,1,1,-0.9827717630129972,2,1.5414880896552097,2,0,1,1
1563,676,1,3,-0.9292218010191955,1,0.23185222420446305,1,0,0,0
1564,647,1,2,-0.21133565768462417,0,-0.8900823004586601,1,0,0,1
1565,443,1,6,0.8507520703548653,1,-0.0207672283982856,2,0,0,0
1566,513,0,4,-0.9415376311822957,0,0.13863853576045698,0,0,0,0
1567,603,1,4,-0.8856975233875667,0,-0.3207977051440137,2,0,0,0
1568,187,1,5,-1.0026600810189878,0,-1.2118503204555195,0,0,0,0
1569,394,2,3,-0.6705241910462157,1,0.3997479788036247,1,0,0,0
1570,658,1,5,1.5769926644735008,0,0.1231959260283003,3,2,0,1
1571,249,1,5,-0.6789765704962305,1,-0.5332846619881197,3,1,0,1
1572,558,2,8,-0.4166574865148211,2,-0.5311168428448862,0,0,0,1
1573,228,2,8,-0.8073140927953197,0,-0.5628520633656153,2,3,1,1
1574,593,2,5,-0.8821311415329043,1,-1.1440432531287217,0,0,1,0
1575,492,1,5,-0.8030474240434885,2,-0.06520467266016364,2,0,0,1
1576,176,2,4,-0.7675560680015902,2,-0.3972507301476359,2,0,0,0
1577,732,1,3,-0.8658842322228713,1,-0.003758419746749711,1,2,1,0
1578,353,1,6,0.5870003829645232,1,-0.9539335266834881,1,0,0,0
1579,337,0,3,-0.34813667566879614,1,0.5476212287198491,2,2,0,0
1580,540,1,5,-0.21857600627154283,2,0.8692449160382273,1,0,0,0
1581,729,2,1,-0.5303975160864643,0,0.25767033910092246,1,0,0,1
1582,296,1,8,-0.7671566520332679,1,1.6018226638669755,3,0,0,1
1583,512,1,4,-0.9075712316029506,0,0.37322173760287086,0,1,0,0
1584,585,2,3,-0.9275515352616134,0,0.8953953728916908,2,0,0,0
1585,638,1,4,-0.7996237281713079,1,0.8079436093804618,1,0,0,0
1586,535,1,4,0.9228676681602814,1,0.8085028293734509,2,2,0,0
1587,426,1,3,-0.7596517565033585,0,0.783552776668088,1,1,0,0
1588,334,2,4,-0.562150365664369,0,-0.6991472999679315,2,2,0,1
1589,517,1,7,-0.1429432560890531,0,2.7519996380255165,1,2,0,1
1590,285,1,3,-0.27938735453247043,2,1.9514606844702722,2,4,1,1
1591,64,1,3,0.10694236643855029,0,0.7731013868127967,2,1,1,0
1592,587,2,5,-0.7881095169805492,0,-0.29360034366905075,1,0,0,1
1593,680,2,8,-0.2527373600675362,2,-0.026948107868589134,1,0,0,1
1594,64,2,4,0.47701948391033694,1,0.01749827290380541,3,1,0,1
1595,298,1,3,-0.5092695852724666,2,-1.7583077149313702,1,1,0,0
1596,623,1,5,2.6249534823565828,2,-0.7569919340907371,1,0,0,0
1597,911,1,2,-0.1304937663239941,0,-0.667987965400063,2,1,0,0
1598,504,1,4,0.13472834316069535,1,-0.8961084025295004,2,2,1,0
1599,354,1,6,-0.382865517267573,1,0.04662495146101516,0,0,0,0
1600,463,0,6,0.9763492294150825,1,0.42519297080143736,2,0,1,0
1601,774,2,4,-0.3970579819273371,1,-0.8032004894308167,3,1,0,1
1602,370,1,2,1.8930278651001016,0,-0.7368898761032447,1,2,0,0
1603,340,1,4,-0.6341518921461456,2,-1.2520339447374123,2,0,0,0
1604,403,2,7,1.0350252664104675,0,-1.5812224736237246,1,0,0,1
1605,309,1,6,0.029418709512929103,0,-1.2165732717093738,0,2,0,0
1606,524,1,6,0.6242785221024726,0,-1.126514729891396,1,0,1,0
1607,824,1,6,-0.9687765491514575,1,-0.2007068224066438,2,0,0,0
1608,564,1,3,-0.6775819690621853,2,-0.010424032513498703,2,0,0,0
1609,449,2,2,0.9020556068124634,0,2.5194986391720504,1,3,1,1
1610,441,1,3,-0.618100590431325,1,2.9639491810235246,0,0,1,1
1611,187,1,3,0.26051793923333305,0,2.7041214048818025,2,0,0,1
1612,676,1,4,3.927243893927303,0,0.09694634269597435,2,2,0,0
1613,484,2,9,-0.8095274124726837,2,0.9221214152715671,1,0,1,1
1614,463,1,4,-0.45812305972967676,2,-0.1270685824342557,1,0,0,0
1615,1138,1,6,-0.8243044911147773,1,0.7419665608758873,3,1,0,1
1616,559,2,3,-0.8374256640944194,1,-1.014701022552971,1,0,0,0
1617,349,0,7,0.01177633201071154,0,-0.4231857382828359,3,0,1,1
1618,414,0,2,-0.791812662569087,1,0.36976505894616585,1,0,0,0
1619,729,2,5,-0.3375592906619717,1,-0.24185930232042846,3,2,0,1
1620,522,1,4,2.871362805664455,0,-1.3637317340108726,2,0,0,0
1621,212,1,6,-0.5957812795503376,2,-0.6099138035577241,3,2,0,1
1622,683,1,8,1.0960212742092992,1,1.3478329847480066,0,0,0,1
1623,366,1,1,-0.49445268525836644,1,0.25370102630333735,4,0,0,1
1624,874,0,4,-0.6976682326163569,0,1.5322059997376103,1,1,0,1
1625,716,2,3,-0.5910081982230225,0,-0.762770345622847,0,0,1,0
1626,410,2,5,-0.8689230139522189,1,0.09974624057925725,2,0,0,0
1627,756,1,4,0.1478196172375591,1,-1.053657405335232,2,0,0,0
1628,513,2,1,-0.2843570134172208,1,-1.0435459893645778,1,0,0,0
1629,670,2,4,-0.04012697408120467,0,0.11292563022278347,2,0,0,0
1630,596,1,4,-0.640590456375403,0,-0.5159083372514134,3,2,0,1
1631,330,2,2,0.07001597177908055,1,0.7050840266134627,2,2,0,0
1632,371,1,6,-0.8249473092400494,1,0.6040429721789372,3,2,0,1
1633,705,1,2,0.06710786248790139,1,-0.18484368505491378,3,2,1,1
1634,433,1,2,-0.9217981792779766,1,-1.3297570637563894,1,0,1,0
1635,419,1,2,-0.4878463840019874,2,-1.611888147243767,2,2,0,0
1636,308,1,1,-0.050809701459960326,2,1.7879739790071412,2,1,0,1
1637,584,1,2,0.9583829215836286,0,-0.1940293659327121,0,0,0,0
1638,912,0,2,0.6942550624160038,0,-1.103523297200008,1,0,0,0
1639,286,1,4,-0.24651875949038368,0,2.063543577648439,2,4,0,1
1640,504,2,2,1.1776066677256125,1,1.4283936292911776,1,1,0,0
1641,782,1,4,-0.2907935643983777,0,0.7010475211936521,2,0,0,0
1642,484,1,4,-0.26733903517621943,1,0.25768212848878114,0,3,0,0
1643,590,1,5,0.2888662034848651,0,-0.8794970126248715,2,3,0,0
1644,287,1,5,1.1300038051376375,1,-0.6885532781631154,0,2,0,0
1645,585,1,4,-0.06898544444953676,0,-1.1173035072839443,2,3,0,0
1646,462,1,6,1.9272799938659682,0,1.400500576128399,2,0,0,0
1647,697,1,4,-0.7386112308822724,2,1.0998411043626755,2,0,0,0
1648,737,1,2,1.6173410831398605,0,0.14092186561545714,1,0,0,0
1649,1017,2,5,-0.752999107288138,2,0.6761214974844532,2,3,0,0
1650,615,1,6,-0.24766749064903082,0,0.43642596939266287,1,3,1,0
1651,565,1,4,0.6090921600782158,0,-0.900899942715551,2,2,0,1
1652,538,1,4,0.6371628671475832,0,-0.31660205287302495,2,3,0,0
1653,429,1,6,-0.676343336332106,1,-0.03668641166276675,1,1,1,0
1654,567,1,4,3.326189293568569,0,3.024822937120093,4,0,1,1
1655,440,0,3,-0.9223899057111521,2,2.0744247883701528,0,2,1,1
1656,533,2,5,-0.971856584319493,1,-1.3686870346764042,2,0,0,0
1657,763,1,3,0.8658002123264258,1,-0.9945034508244698,1,0,0,0
1658,298,1,1,0.7307068350388493,2,-0.34576543788643793,4,2,0,1
1659,727,1,2,0.2610918466872939,0,1.1120501753907408,2,0,0,0
1660,763,2,3,0.9269341930185286,2,1.4217049132182047,2,2,0,0
1661,476,1,5,-0.8573460633245009,2,-0.9739055439477019,1,1,0,0
1662,75,1,3,-0.9055646195093037,1,-0.7155252890759007,3,0,0,1
1663,378,2,4,2.538556982968746,0,-0.5109143380595871,3,4,0,1
1664,759,2,3,-0.01233964775512658,1,0.5140309080727692,2,3,0,1
1665,495,2,3,1.5590753621095699,2,0.221833794347991,3,0,0,1
1666,300,2,4,1.4018052348861443,0,-0.44401999091400546,2,0,0,0
1667,399,2,5,0.06906216807506045,0,0.001488914833551059,1,0,0,0
1668,668,1,6,-0.00080739215654925,1,-0.616731547372786,3,0,0,1
1669,609,1,5,-0.5540369350789102,1,0.8971410345319019,2,0,0,0
1670,452,2,4,-0.8436320209814316,0,2.535133145903693,3,1,0,1
1671,426,1,5,0.17225293094821098,2,1.3270533973031837,1,0,1,1
1672,421,0,3,0.7242178762238237,2,-0.757519095765593,1,0,0,1
1673,315,1,6,-0.20779121563392675,0,1.3032286459193,1,1,0,0
1674,823,1,1,-0.9547628862006442,2,1.6362005162708684,1,2,0,1
1675,435,1,2,-0.8486309218017333,0,-1.5610698173138393,1,2,0,0
1676,743,1,4,-0.8984849799306326,0,1.2749740804199197,2,0,0,1
1677,804,1,5,0.08291370337494713,0,0.7274140368414737,1,0,0,1
1678,699,2,3,-0.16172406634421746,0,-0.33517763881280915,2,1,0,0
1679,413,1,4,-0.36883117747495625,2,1.7043585403557873,2,0,0,1
1680,580,2,2,-0.2105017474820105,0,0.19419808433219352,2,0,0,0
1681,495,1,4,-0.6794446712403497,1,0.7972324874362847,2,1,0,0
1682,319,1,5,0.6534029907843395,0,0.5145449532226087,2,0,0,0
1683,564,1,6,-0.6027490611488897,0,-0.3527807417314798,2,3,0,0
1684,264,1,4,0.04346959843642557,2,0.031691828160988554,1,2,0,0
1685,737,2,7,-0.5036625382065042,1,-0.15429153571990148,2,0,1,1
1686,407,2,4,-0.9316806998030561,1,1.310566803413749,1,0,0,0
1687,540,2,2,-0.7057950094999063,1,0.7612040328131011,4,1,0,1
1688,556,0,1,2.4046871969030494,0,0.6351480598619063,1,4,0,0
1689,448,1,2,-0.7928673041855036,0,0.6937292395765868,0,0,0,0
1690,617,2,2,-0.8951175610994039,0,0.35856760494997414,1,2,0,0
1691,405,2,2,-0.6578692917845425,2,0.2269904682626426,3,0,0,1
1692,674,2,2,1.1311994134315573,1,0.8240357098093904,2,0,0,0
1693,230,1,3,-0.6362999695400191,0,-1.08621432794926,0,2,0,0
1694,525,0,6,-0.45841254161022976,0,-0.5843983133219816,0,0,0,0
1695,887,1,2,-0.6303461736887496,2,1.380686238805699,1,2,0,0
1696,299,2,9,3.5766143353259774,0,2.438575855394598,1,0,0,1
1697,364,1,3,8.133703375505071,0,0.5599479111796675,2,0,0,0
1698,602,1,3,-0.3373256981102977,0,1.1932936822881883,3,0,0,1
1699,535,1,5,0.5546940465428516,2,0.50697492282723,3,0,0,1
1700,570,1,2,-0.7550787491360156,1,0.06307921065083268,3,4,1,1
1701,597,1,8,-0.5309754314956782,1,1.0497238425538526,1,2,1,1
1702,626,2,6,0.14894346646538162,0,-0.1528782157849035,4,0,0,1
1703,721,1,3,-0.6647672419603669,0,0.6655768608845206,1,0,0,1
1704,581,1,2,-0.7490112876870044,0,0.6719100074035392,2,0,0,0
1705,451,1,2,1.5898789210724034,2,0.17129661606827923,3,2,0,1
1706,634,1,4,-0.7229691295452468,2,-0.5876668973321215,2,0,0,0
1707,879,1,11,-0.945712009618726,0,1.588007581829033,4,2,0,1
1708,473,1,4,0.4065543144652323,0,0.5589729627366083,1,4,0,1
1709,305,1,6,-0.7243541608868855,2,0.24250491761115778,0,2,1,1
1710,721,1,1,-0.39947080669670454,0,-0.41771320211583046,1,0,1,0
1711,475,1,5,-0.8875576226361972,0,-1.0360739025342807,1,2,0,0
1712,65,1,5,-0.9356749975150114,0,2.858191699432779,3,0,0,1
1713,669,1,5,-0.3803089632040185,1,1.1765294986440662,1,0,0,0
1714,392,0,2,-0.5897253755280473,2,-1.4644496414344608,1,0,0,1
1715,481,1,5,-0.2907477382334416,0,1.7915593239816023,1,0,0,1
1716,566,1,5,2.42484546941321,0,0.6068861836182592,1,2,0,1
1717,538,1,5,-0.47570756335969167,0,0.2692895612022925,2,0,0,0
1718,641,1,4,-0.06913748415640815,0,-0.3027289336925051,2,1,0,0
1719,412,1,4,-0.9034165941177269,2,0.6517625361836449,1,0,0,1
1720,602,1,4,1.2000635399621378,0,0.08618096651048551,2,0,0,0
1721,448,1,4,0.6593263385548424,0,-0.7707313524786863,0,0,0,0
1722,647,1,2,-0.25624004056156796,1,-0.5365284951799065,0,2,0,0
1723,623,1,2,-0.8018245665308891,0,2.3750992052038424,0,0,0,1
1724,312,1,5,-0.44334105110682714,0,0.34642575483947247,2,0,1,0
1725,717,0,5,-0.6488880811141792,0,-0.8170434929847569,2,0,0,0
1726,392,1,6,4.287149978410567,1,-1.2838063853229134,3,0,1,1
1727,661,1,4,-0.32134049312634083,0,-0.2807587290855397,3,1,1,1
1728,573,0,5,-0.4499051777886107,2,-0.8955384249367739,1,4,0,1
1729,867,2,2,-0.8195034877784412,0,-0.9677231332659284,2,2,0,1
1730,455,1,6,-0.7299292212479546,2,1.7168740344934081,3,3,0,1
1731,430,2,1,0.256745920264754,0,0.21080783594155666,1,1,1,0
1732,496,1,5,-0.2292602617938126,1,0.8824573405579355,0,0,0,0
1733,439,1,3,-0.5570746427774391,2,-0.13207588402108594,4,1,0,1
1734,659,1,2,-0.6494239901356897,1,-0.3794708276788096,3,2,0,1
1735,176,1,8,-0.7799656338996793,0,0.8319632676472929,2,0,1,1
1736,289,1,4,-0.9727885624117276,1,-0.1275101471718754,0,0,0,0
1737,286,1,6,2.8355071570012296,0,-0.24455119932501684,1,1,0,0
1738,690,1,4,0.4148515995808855,0,-1.6553570079287654,2,3,0,0
1739,842,1,2,1.6663594315147519,2,-0.32730050292279045,1,0,0,0
1740,479,1,7,-0.4668083171485966,1,0.995445962111222,2,1,0,1
1741,466,1,5,1.0624004876478257,0,2.3513305897280867,0,2,0,1
1742,514,1,2,-0.7067547750323858,0,-0.050672259822837094,2,1,0,0
1743,732,1,5,-0.2826675734723846,1,-0.5695738380399622,0,0,0,0
1744,314,0,13,-0.7777500358238396,0,-0.2003094420525235,0,0,0,1
1745,547,1,2,0.48841665405740387,0,-1.172563218358209,1,0,0,0
1746,695,1,3,-0.3077389395854706,0,1.3134441579634812,1,0,0,0
1747,600,2,4,-0.22627387052087497,1,-0.2165140905343924,3,2,0,1
1748,537,1,6,0.9878896505238348,0,-0.20887043325857102,4,1,1,1
1749,700,2,6,0.35917059771567317,0,0.0756864428226315,0,1,0,0
1750,64,1,1,2.439295856391193,2,0.5937947838809048,1,2,1,1
1751,635,1,2,-0.47922377495788115,2,-1.0653982761605925,2,1,0,0
1752,369,1,4,-0.3784050712896099,0,0.2405099092253367,2,2,0,0
1753,133,1,3,-0.03614686512962916,0,-0.873882333794328,0,0,0,0
1754,602,1,5,-0.39366733050235536,1,2.401571172744099,0,2,0,1
1755,774,2,6,-0.4545029502965115,1,0.9041141059983246,1,1,0,0
1756,472,2,5,-0.5843668012338361,0,1.3182967716144967,1,0,0,0
1757,690,1,4,0.805706449820274,1,-0.9462946563077228,2,2,1,0
1758,822,2,4,-0.23236080035616458,1,-0.5324870423238658,2,1,1,0
1759,762,1,3,-0.05691584785710127,2,-0.5045434630468185,1,1,1,0
1760,827,1,5,-0.7757124796595954,0,1.1454492025550997,2,2,0,0
1761,648,1,6,-0.7128539342676316,0,-0.8297984863633326,0,0,0,0
1762,515,2,2,-0.5855668850096865,0,-1.1429385466179658,2,0,0,0
1763,179,1,6,-0.3709856866898209,2,2.0090307556675113,2,0,0,1
1764,450,1,3,-0.9621746738028859,0,-1.5745058956097562,0,4,0,0
1765,331,2,3,1.2223606254226704,1,-0.47988085316372386,1,0,1,0
1766,934,1,4,1.3725410232744457,2,-0.016692816463424798,1,1,0,1
1767,464,1,1,0.09441740543750858,2,-0.49650302105165806,1,0,0,0
1768,524,1,4,-0.6214980879370413,0,1.8517927013777966,0,1,0,1
1769,610,1,1,-0.5128975113884199,2,-0.8786924079122816,4,0,0,1
1770,508,1,3,0.3392178732823262,1,0.3683470858026536,1,4,1,0
1771,839,0,4,-0.6648205340539625,2,-0.4118162109979637,1,2,1,0
1772,375,1,4,-0.05298367550245741,0,-0.08987644261322145,0,1,0,0
1773,538,1,2,1.3999354972349778,1,-1.1035551397661776,2,0,0,0
1774,351,1,6,-0.47044292808220517,1,-0.14786471197542592,0,0,0,1
1775,235,1,4,-0.10832572657056581,1,1.757772827421057,2,0,1,1
1776,377,1,5,1.676548453708537,1,0.3552010860519012,1,2,0,0
1777,492,2,5,-0.5843516488432072,0,1.0744788352567898,1,0,0,0
1778,414,1,3,0.44211218625797016,0,-1.0578650755032473,1,2,0,0
1779,361,1,2,0.4231721393143391,1,0.9049938435950114,1,0,0,0
1780,218,1,5,1.6752020650447996,0,0.3997822390484434,1,0,1,0
1781,483,1,3,0.9816468425855491,0,0.22731013522043889,2,3,1,0
1782,199,2,12,0.39736201723196296,2,-0.56898868578591,2,0,0,1
1783,652,2,5,0.021447093972048827,0,1.2778828857443916,1,1,0,0
1784,516,1,2,-0.7271459501278603,0,-1.651489183253065,1,3,0,0
1785,208,2,4,0.121743869337807,0,-0.6040427008919547,0,0,0,0
1786,438,1,5,-0.6787580557526507,0,1.2314449222183996,0,2,0,0
1787,349,1,6,-0.41810217512850106,2,0.31766399590061317,1,2,1,0
1788,563,1,1,0.2501058052037114,0,0.8224561253433004,1,1,1,0
1789,768,1,3,0.1349400874299569,1,-1.19339520396412,3,1,0,1
1790,124,0,6,-0.4862748577756752,0,1.2689398682082107,1,1,0,0
1791,523,1,6,-0.8026975070485107,1,1.2634372134882064,2,0,1,0
1792,467,1,3,-0.334628716078715,1,-0.15794987341225483,1,4,0,0
1793,634,2,4,-0.6878131255818823,1,-1.1188445301636858,1,0,1,0
1794,542,1,2,-0.7078692922449268,2,0.19963532571050127,2,0,0,0
1795,349,2,3,-0.6053989442287371,2,0.17987558203030615,1,0,1,0
1796,436,1,3,0.23805213461506677,2,-1.4583763358572823,0,4,0,0
1797,340,1,3,-0.308378823233683,1,2.198804692836688,1,0,0,1
1798,715,2,5,-0.5328011365719111,1,0.6956964747466023,0,3,0,0
1799,504,1,3,1.3401333547330585,0,0.07488715446432746,1,0,0,0
1800,880,2,1,0.23993359984767174,0,-0.055072232093028126,1,4,0,0
1801,487,1,5,-0.31369199306224055,0,1.772922610465584,2,0,0,1
1802,358,2,4,-0.45156692080394667,1,-1.4398052941370831,0,0,0,0
1803,197,1,3,0.7300209984442944,0,1.1963513326100645,4,0,0,1
1804,139,1,3,-0.8147601764674132,0,-0.798810554332311,2,0,0,1
1805,183,2,5,0.10188230021700419,1,0.1988762447418622,2,3,0,0
1806,553,1,7,-0.9862613892097346,0,-0.28457783025237693,0,1,1,1
1807,601,2,4,-1.0007591609642652,1,-0.7552356670753232,4,1,0,1
1808,183,2,4,1.7230875601470872,1,-0.6268680329947446,2,0,0,0
1809,679,2,5,-0.27401183504543464,2,1.2964895380624806,1,0,0,0
1810,403,2,4,-0.6228881687090035,0,0.43874836533495015,2,4,0,1
1811,529,1,1,0.6024539447284656,0,1.8201825339903799,1,0,0,1
1812,822,1,1,3.252005515519026,0,-0.9176987091713418,1,0,1,1
1813,679,1,6,-0.9722452929140937,0,0.3398996059250249,2,0,0,0
1814,446,1,4,-0.9685023331323455,0,-0.6874375704200666,3,0,0,1
1815,321,1,3,0.954625474206254,1,-0.396690123248001,3,4,0,1
1816,69,1,2,-0.18042075231125584,1,0.2224101359667151,1,2,0,0
1817,356,1,7,1.1721364832281485,1,0.7231625903722628,2,0,0,1
1818,457,1,2,0.19868009748400028,1,1.0134202476238907,3,2,0,1
1819,302,1,3,-0.36101270137238417,0,-0.7707837066518742,0,2,0,0
1820,473,2,3,-0.8289000470592752,2,-0.23759214444234358,1,2,0,1
1821,515,1,3,-0.5053527547519574,2,-1.515927390397574,2,0,0,0
1822,455,1,5,0.5657168323762687,0,-0.6813979169474454,2,0,0,0
1823,369,2,3,-0.7368450254809807,0,-0.7013130017512255,0,1,1,0
1824,533,1,4,0.2594960044104532,0,1.5332520525935638,2,3,0,1
1825,588,0,4,-0.7188606035760468,1,-0.5681510620454808,3,0,0,1
1826,281,1,7,-0.37446986811960215,0,1.782588842722103,1,1,0,1
1827,782,1,4,-0.9170341872906967,1,1.028887666207979,0,0,0,0
1828,480,1,1,-0.39052574519221206,0,0.1695910462013262,3,0,1,1
1829,503,2,5,-0.043093337919291486,0,-0.4689298300626031,1,2,0,0
1830,641,1,5,-0.16515609926525443,0,1.3215510763158038,2,2,1,0
1831,546,2,3,-0.47728835168512895,2,0.3863562296339632,2,3,0,0
1832,690,1,5,-0.5384251984111067,0,-0.7736760990423652,1,3,0,0
1833,557,1,5,-0.68022551970615,2,1.82699604320744,1,0,0,1
1834,377,1,5,0.47419836668181,2,0.29935628606714504,2,0,0,0
1835,572,1,4,0.5444058425110772,0,0.5318560994867221,2,1,0,0
1836,271,1,2,-0.33682453693447767,0,1.4304936747989843,0,0,0,0
1837,521,2,1,-0.5174484402863728,2,-0.304561201736972,1,2,1,0
1838,493,1,1,0.023989720589097163,1,-0.18450699965677445,3,2,0,1
1839,458,1,5,-0.17808343493684461,0,0.2843862896846582,2,1,0,0
1840,474,1,2,0.11131874520599214,2,0.32180907901429884,0,0,0,0
1841,123,2,1,-0.6363159328869931,0,-1.0445614031262713,1,1,0,0
1842,390,0,3,0.571488493886821,0,-1.3092392728957276,0,0,0,0
1843,518,2,3,-0.6204715167453322,0,0.17309009543376214,1,0,0,0
1844,531,0,4,-0.45606511177924697,1,0.7600118534723499,2,3,0,0
1845,294,2,6,-0.8633856658536213,0,-0.7068204531484592,0,0,0,0
1846,753,0,8,0.9587469728285141,2,0.5353302681879475,1,0,0,1
1847,326,2,3,0.0433911179073455,0,0.5541422037292307,1,0,0,0
1848,693,1,5,-0.7350251739358532,0,0.8937003138214165,1,1,0,0
1849,585,1,4,0.9333889013263607,2,0.9138703322170842,0,1,0,0
1850,370,1,6,0.23306226539938218,2,-0.5852703672746509,1,0,1,0
1851,855,1,7,-0.4141702170490632,0,0.3015915737077765,0,0,0,1
1852,261,1,9,3.6601334888735026,1,-0.7709310754048802,1,0,0,1
1853,683,1,2,-0.5895390857778302,1,0.007292336749949418,1,1,0,0
1854,700,2,4,-0.9012116735176781,1,-1.4857186370317523,2,0,0,0
1855,365,1,5,0.3369565524129267,1,-1.0587257993450283,2,0,0,0
1856,778,2,1,0.4312082470951702,2,1.1746766528676076,0,2,0,0
1857,449,2,4,-0.9460500513342255,2,1.9583100901508899,3,0,0,1
1858,557,0,6,0.7329584543710086,2,0.814468982341031,2,0,0,0
1859,552,2,2,0.5135439690061969,0,-0.37132409531269134,0,2,0,0
1860,473,2,3,1.6909871196557156,0,-1.2943768301723928,1,0,0,0
1861,662,1,3,-0.8795214361033046,0,0.4473814712997152,1,1,0,0
1862,658,1,5,-0.07385572386466606,2,0.5198115828805778,2,3,0,0
1863,150,1,4,-0.7559094803846477,0,-1.1279476737284946,0,4,0,1
1864,760,2,2,-0.4892550583880025,0,-0.4781527520423119,0,4,0,0
1865,167,2,6,-0.694592300363684,2,-0.24507276707719683,0,1,0,0
1866,706,2,7,-0.40110929335200574,0,0.322825920064341,3,0,0,1
1867,725,1,4,-0.8860461757613542,0,-1.2161198438110947,2,0,0,1
1868,281,1,4,-0.6399733244157156,2,-0.44221316206858646,0,0,1,0
1869,417,1,1,-0.933047609541058,0,-1.7084148749458845,3,2,0,1
1870,278,1,3,-0.31935356787219804,2,-1.7379812853610668,0,2,0,0
1871,457,1,2,-0.6499020137434941,0,-0.9269314006570679,2,2,0,0
1872,438,1,5,-0.1002651071550173,0,0.3902885036188659,3,0,0,1
1873,655,2,7,-0.38782039705335086,0,1.2430960673938052,2,1,0,1
1874,762,1,6,-0.7235678531253056,2,-0.4758488951356156,0,0,0,0
1875,779,1,4,-0.8973745975785447,1,-1.1676845911086586,2,0,0,0
1876,387,0,3,0.41570198316576373,0,0.5301581334609825,1,0,0,0
1877,458,1,3,0.01202505832567896,1,0.0008189524672473884,2,0,0,0
1878,163,1,5,-0.9738070283224143,0,0.5773533048290909,1,0,0,0
1879,338,1,7,3.6134308318784774,1,0.9131604185513251,2,3,1,1
1880,692,1,3,0.03830458394536576,0,-0.6525037521359209,1,1,0,0
1881,823,1,6,-0.7717366137578758,2,1.5882987582047357,2,2,0,1
1882,253,1,4,0.8591944242624268,1,-1.4912125800678941,1,1,0,0
1883,381,1,5,1.166591480603113,2,0.7556872272687492,4,0,0,1
1884,494,1,4,-0.14071797596899752,1,0.5745839078727495,3,0,0,1
1885,556,1,3,1.1969887597620932,1,-0.2269271405002916,1,1,0,0
1886,338,2,8,-0.977751976584949,1,-1.5512762073153843,2,0,0,1
1887,584,1,5,1.945205267097971,1,-0.7929595332839817,2,1,0,0
1888,405,2,8,-0.947952122803608,0,1.1494283484290786,2,1,1,1
1889,497,1,3,0.03801953256144092,1,-1.7464768418525078,2,3,0,0
1890,609,1,6,-0.5761235766910121,1,-0.15427834254232875,1,0,0,0
1891,501,2,5,-0.9670723297488591,0,2.270308461711091,0,0,0,1
1892,412,1,4,1.686546365072912,0,-0.41476227150791756,0,0,0,0
1893,478,1,5,-0.8599391251400186,0,-0.31061393562975564,2,0,0,0
1894,482,1,3,0.9473822611646788,1,-0.26879333751233775,1,0,0,0
1895,425,1,1,-0.6000192159706863,0,0.5188028990227613,2,1,0,0
1896,448,2,5,0.3667910165022271,0,1.4132576156799077,0,0,0,1
1897,819,2,3,-0.7095258583849593,0,-1.1582554499733784,2,0,0,0
1898,612,1,6,-0.11719019655433949,0,2.1430082335857428,0,0,1,1
1899,440,1,5,0.626808055866747,0,1.2639144581840254,2,1,1,0
1900,639,1,1,-0.15846869864617522,2,1.2281442602003279,1,1,0,1
1901,433,0,6,-0.6355285679036174,0,0.39306626972426706,1,0,0,0
1902,734,2,1,-0.73748450546162,1,-0.7827797736242013,0,1,0,0
1903,573,2,9,-0.8124442765755052,2,0.5876596578734756,1,0,0,1
1904,478,1,6,0.8485103128160916,2,0.16915843529370392,2,1,1,0
1905,589,2,4,-0.047704615369213284,1,-0.9469224877441433,2,0,0,0
1906,185,1,2,-0.2850652761484451,2,-0.8524679631345725,4,0,1,1
1907,274,1,3,-0.7158343875567503,0,-1.3753215030927652,2,0,0,0
1908,261,2,4,-0.4294204870181299,1,0.12491284620004178,2,0,0,0
1909,528,1,6,-0.023578427714498074,2,0.08401026467592465,2,0,0,0
1910,846,0,2,-0.9319929266865339,0,-1.010897419655018,2,2,0,0
1911,946,1,2,-0.5528139994605075,0,0.9488888844849127,3,2,1,1
1912,627,2,3,-0.72940148371287,1,-0.3702857655960259,3,3,1,1
1913,600,1,4,0.0498192776046985,0,-0.8820355498700204,2,4,0,1
1914,139,1,1,-0.059849740088331604,0,0.5689346923284783,2,0,0,0
1915,391,1,3,-0.6459430819736344,2,0.2999122283753482,2,0,0,0
1916,342,1,3,-0.9646148877758057,0,-0.19527453857686153,0,1,0,0
1917,375,1,2,-0.8025269278443511,0,0.8901058543263405,1,0,0,0
1918,466,1,7,-0.8304558586533092,2,0.23446612214813745,1,0,0,1
1919,405,1,2,-0.15326351889773354,0,0.5287867029698381,0,0,0,0
1920,104,1,8,-0.8192180800789375,2,0.014138294638022438,1,4,0,1
1921,649,1,5,-0.33818741022815413,0,0.8879616463343747,2,0,0,0
1922,285,1,7,-0.03828594261234611,2,-0.5273345212014229,2,2,0,1
1923,547,2,1,1.1449533009090207,2,-0.8735602623474243,1,0,0,0
1924,914,2,2,-0.7219868506323948,0,-0.16611549374321455,3,0,0,1
1925,316,1,4,-0.7986610400559796,2,-1.285579525815092,1,1,0,0
1926,64,1,4,-0.8143550945971338,1,1.1812524326613691,1,2,0,1
1927,442,2,8,-0.5532683236422602,0,0.24354421516925237,0,1,0,1
1928,720,1,1,0.057520172263854835,1,1.721783721364238,3,0,0,1
1929,891,1,2,0.12549903114860364,0,-1.5239588728774272,4,2,0,1
1930,254,1,3,-0.7668743184819113,2,-0.780750646245633,3,2,0,1
1931,599,1,5,-0.8647789354779194,0,-1.5359330798899686,1,4,0,1
1932,406,1,5,-0.40225329391326087,0,-0.6620031439879038,0,0,0,0
1933,478,1,2,-0.8530537265459662,1,-0.37580592018407183,1,0,0,0
1934,1028,1,3,0.6970007759530998,0,-1.4225810790824325,3,2,0,1
1935,199,1,7,-0.918757094335106,1,0.20325438089169054,4,2,0,1
1936,550,1,4,0.41067045281324493,0,1.4481179431391455,0,2,0,0
1937,593,1,8,-0.963534799422483,1,-0.7085022355482559,0,0,1,1
1938,717,1,4,0.6652268444385828,0,0.6141435854661624,2,0,0,0
1939,519,1,3,-0.004422355211545328,2,1.2833421891580457,1,0,0,0
1940,561,2,5,-0.6120556172539907,1,1.0528014489244015,1,0,0,0
1941,421,1,7,-0.4789115947211227,0,1.4249506047479537,0,1,0,1
1942,553,1,5,0.1309528219553971,0,-0.3825855673154277,1,0,0,0
1943,431,1,3,-0.7990167855491216,1,-1.1562496092636616,1,1,0,1
1944,624,1,5,1.240096095342411,0,1.6290651712176791,2,0,0,1
1945,426,1,3,-0.33710075207251833,2,-0.1627281796461744,0,0,0,0
1946,575,1,6,0.444229080213937,0,-0.18655943092488422,2,0,0,0
1947,494,2,1,-0.28915975682693207,2,-0.41427950577555533,2,1,0,0
1948,725,1,6,-0.3955877798922088,1,-0.3383042861512912,3,1,1,1
1949,489,2,4,-0.3628746873931166,0,0.8453915899109201,0,0,1,0
1950,145,1,1,-0.5489728636433694,2,1.5846993594538024,2,0,1,1
1951,752,0,1,0.33427047280797195,2,-0.29697064750938246,2,0,1,1
1952,318,2,3,0.8959125917168702,1,0.35504613396038603,0,0,0,0
1953,369,0,4,0.9519298436774807,0,-0.30418253277998597,2,0,0,0
1954,380,1,4,-0.8765208643997338,0,-1.4288381924381037,0,4,0,1
1955,774,1,5,0.4494513277715953,1,-0.8667849172533669,2,0,0,0
1956,72,2,3,-0.7809648809962836,0,-1.4623945500318762,1,0,1,0
1957,1127,2,8,-0.9954010894786475,1,-1.5805887944580435,0,0,0,1
1958,711,0,5,-0.6801409072196075,1,0.1559673265588563,1,0,0,0
1959,544,1,8,-0.6554035283540512,1,-0.6793685515594527,2,3,0,1
1960,489,2,4,0.6801157636941437,1,1.6128467272618054,1,2,0,1
1961,557,1,3,0.37164490863703536,0,-1.4522392394469053,1,0,0,0
1962,604,1,3,-0.9178650657684966,0,-0.840280005524301,1,0,0,0
1963,629,1,4,-0.6066555808829678,1,0.14689586190803972,3,2,0,1
1964,611,1,3,-0.7135016331952512,0,-0.17761019570031758,2,4,0,0
1965,517,2,5,-0.08740730194521308,0,1.0689570953849907,1,0,0,0
1966,460,1,2,-0.21471775744767393,0,-0.779120493157405,1,0,0,0
1967,469,1,4,0.1475904118640433,0,0.49252361792919064,2,1,0,1
1968,461,1,6,1.449507740773032,1,0.5342745461269123,4,0,0,1
1969,726,1,2,-0.451944371411462,1,-0.9488997056078505,1,0,0,0
1970,618,1,4,0.07725904604036109,0,1.6975097698009876,3,0,0,1
1971,64,1,5,1.540288913756566,1,-1.46521462772571,2,2,0,0
1972,631,1,7,-0.2143436500582981,0,-1.3236372342935536,2,0,0,1
1973,538,2,2,-0.6329903162032252,1,0.6941427590334461,2,0,0,0
1974,496,0,4,-0.48338142617158086,2,0.058859842859549434,2,0,0,0
1975,422,1,3,0.4210635510986477,0,-0.7058370136560391,1,0,0,0
1976,724,1,3,0.2868936490801056,0,-0.3194486978246304,2,0,0,0
1977,689,1,7,0.395691883808953,1,0.017672836002416634,1,0,0,1
1978,345,2,8,0.37520684479860195,2,-0.15025528640250987,3,2,0,1
1979,581,1,2,1.5668729365018506,0,-0.5568245618617167,3,0,0,1
1980,305,1,10,0.4607542270356553,0,-0.15003505353987953,1,0,1,1
1981,224,1,4,0.959223620344694,2,-0.11755718688128797,1,0,0,0
1982,374,0,6,-0.14065533855852386,0,-0.2566312335262276,1,0,0,1
1983,672,1,3,0.043098494973916615,0,0.6719881323690564,2,0,0,0
1984,690,1,2,2.4840917959401816,1,-1.4771869821287569,1,2,0,0
1985,602,0,3,1.0695749686674958,0,-1.0223533497348165,1,0,0,0
1986,645,1,6,0.520004586382047,1,-0.13364490566256035,0,0,1,0
1987,603,2,3,0.16872059760961358,1,0.6974710136435031,1,2,0,1
1988,371,1,6,-0.5563029026238221,2,1.0425753836240148,3,0,0,1
1989,586,0,4,-0.1999396559351779,0,-1.3159884380557139,2,2,0,1
1990,660,1,1,-0.9501886270871214,1,-1.5013689533161398,0,0,1,0
1991,650,2,6,-0.4605285692562678,1,-0.24052709637619296,0,2,1,1
1992,737,1,4,-0.8871690228756371,2,0.07099539271095155,3,1,0,1
1993,641,2,1,0.31873018632487243,0,0.3430197254489415,2,2,0,0
1994,570,1,2,1.2587851945009783,1,-1.032800772546132,1,1,0,0
1995,714,1,6,-0.8133345231468704,1,-1.4685682619603422,4,1,0,1
1996,494,2,4,-0.7211029552696574,1,0.06536129070504915,4,0,0,1
1997,323,1,6,0.9701439933521748,2,0.5979972912205374,5,0,0,1
1998,467,1,3,-0.11131774359313198,1,0.61839183470105,1,2,0,0
1999,351,1,3,-0.10521734546538757,1,-0.9684288284554098,2,2,0,1
2000,364,2,4,-0.1661843002411773,1,-0.40424737654104925,2,2,0,0
2001,471,1,2,-0.7574221472132066,0,-1.4939743203654574,2,1,0,0
2002,341,2,3,-0.7243074845521769,0,-0.0251380480870621,1,0,0,0
2003,438,1,1,2.031822548666019,0,-1.1328294017745437,1,2,0,0
2004,121,1,3,0.2995370437082604,1,-1.3332344357827624,1,2,0,0
2005,542,1,4,-0.9114556786036323,0,-0.9009591956249101,2,2,0,0
2006,500,1,1,-0.7513181617002885,1,1.9161514711202883,1,3,0,1
2007,336,1,3,-0.004520975453887778,0,-1.5301693662426552,2,0,0,1
2008,631,1,1,-0.6688392945980132,1,-1.2004151268070764,2,1,0,1
2009,687,1,4,-0.7129121453399563,0,0.14645765861074933,2,1,0,0
2010,178,0,4,-0.7779176576473543,0,-0.9535687381972222,3,0,0,1
2011,347,1,8,-0.7988934850823086,0,-1.165144847595615,0,2,0,1
2012,346,1,5,-0.04144270190074096,2,-0.8680173545657351,1,2,1,0
2013,312,1,5,1.3953637518282238,0,2.27962002212864,1,0,0,1
2014,665,1,3,-0.5521504745370426,0,0.9072500072734752,2,0,0,0
2015,461,1,5,-0.8761008126554609,2,0.09219678479291929,1,0,0,1
2016,447,1,5,-0.8728646461877753,0,1.1824457683543252,3,0,0,1
2017,99,2,2,1.7519102499571884,1,0.03819190725013974,1,4,0,1
2018,627,1,3,-0.24267277322771,2,-0.7744609750472503,1,0,0,0
2019,252,1,3,-0.3692405671642199,1,1.6409567287550457,2,2,0,1
2020,511,1,5,1.2440036995722443,1,-0.4195196795705655,0,0,1,0
2021,555,1,3,-0.28829981123829057,0,-0.7464453334256318,2,0,0,0
2022,772,1,4,-0.34159146629541787,1,0.21620480450475824,2,2,0,0
2023,238,1,4,1.6493240228307007,2,0.17507291033503647,1,2,0,0
2024,64,1,4,-0.35354380688675,2,0.9354626573936462,1,2,0,0
2025,536,1,5,-0.503517545033439,1,-0.876226641823375,2,0,0,1
2026,860,2,3,-0.12150705991119028,0,-0.6437250649577372,2,1,0,0
2027,747,1,3,2.8391441319429482,2,0.9893054678943184,2,0,0,0
2028,541,1,5,2.3683550622327614,0,-0.8058055167162255,2,3,0,0
2029,401,1,7,0.512001251335421,0,-0.4482463833584264,1,2,1,1
2030,661,1,7,-0.30433447118749224,0,-0.9896050103368966,0,1,0,1
2031,305,1,4,1.1610937607339056,0,0.45345219051484276,1,0,0,0
2032,595,1,2,-0.454910137152686,1,0.007731708444152107,2,2,0,0
2033,601,2,5,0.03164872644070172,0,-0.33661626770578607,2,0,1,0
2034,712,1,5,-0.8067323862761885,0,1.3847556218475943,3,1,0,1
2035,1051,1,4,0.09323880293455603,0,-0.7539370886425592,1,1,0,0
2036,578,1,4,-0.6792324316002151,0,0.17305860875397505,2,0,0,0
2037,398,1,5,0.4947061574447683,1,0.329718135533877,0,0,0,0
2038,494,1,4,-0.46422653506513345,1,0.31468782630417796,1,0,0,1
2039,146,1,1,-0.4910016071797521,1,-0.08056605324604967,0,1,0,0
2040,361,1,4,0.3882893561185095,1,-0.7996652996215079,1,0,0,0
2041,418,1,3,-0.4444589222925558,0,1.4721822720040394,2,3,0,0
2042,395,1,6,0.2653645843398878,1,0.9742013372896505,3,0,0,1
2043,530,2,4,0.9566130680129432,1,2.7640979116543902,3,4,0,1
2044,335,1,5,-0.8581484120507291,0,-1.2376590624787678,0,0,0,0
2045,724,1,4,-0.34467270226925933,0,-1.2774899263281825,2,0,0,1
2046,500,2,2,1.9404829618754775,0,-0.9772129852760325,2,0,0,0
2047,498,2,3,0.6929894070008721,0,-0.7338892183374071,2,4,0,0
2048,434,2,3,2.6891007658256996,0,-0.38822390353368014,1,0,0,0
2049,531,1,5,0.9940873991475516,0,1.883117048055188,1,1,0,1
2050,665,2,9,-0.630135493206736,0,0.33278020730362723,0,0,0,1
2051,326,1,4,-0.8070722374808054,0,0.6930827348291774,1,0,0,0
2052,368,1,5,-0.7674156873214963,0,0.30517379093014807,1,1,0,0
2053,439,1,6,-0.7592004660260248,0,2.165476738610963,2,0,0,1
2054,230,2,6,-0.9277598769251955,1,0.5162667479708303,2,2,0,0
2055,336,1,6,1.4056377290097422,0,0.007361344791594251,1,0,0,0
2056,404,1,4,-0.2976751339297692,2,-0.9658907953860615,1,1,0,0
2057,674,1,11,-0.8992651761121028,2,0.9779827753693549,3,2,0,1
2058,552,1,6,0.4548945799233999,1,-0.5541250782461684,0,2,0,0
2059,538,2,3,-0.6071391967577996,0,0.9194180519745907,0,1,0,0
2060,670,1,1,-0.9329175709353892,2,0.7636542924109428,0,0,0,0
2061,472,1,8,-0.7938476056348919,0,-0.8183519039654664,1,0,0,1
2062,578,2,1,0.08207633496220809,0,-1.2214401408553783,2,0,0,0
2063,479,1,6,0.5990418269801339,1,0.8101092966402068,2,2,0,0
2064,553,1,2,-0.7102675981801475,0,0.5568874361465622,0,0,0,0
2065,383,2,3,-0.13263908666249233,1,-1.2934856056218667,1,0,0,0
2066,64,2,7,-1.006975711006149,1,-0.9896800467459388,0,0,0,1
2067,473,2,4,-0.6760217356070812,0,-1.1734116050358459,0,0,1,0
2068,784,1,3,-0.8039931879688234,0,0.2264750798516849,1,0,1,0
2069,685,1,9,-0.9268683257414222,2,-0.04055788516614966,1,0,0,1
2070,693,1,2,-0.3351159021178277,1,1.2867934796478655,1,0,0,0
2071,747,1,2,0.006172742959859417,0,-1.407980669256428,2,0,1,0
2072,517,1,3,-0.9595659888825974,1,-0.5896594883409929,2,0,0,0
2073,539,1,3,-0.8569545471793909,0,0.08644438238110055,3,0,1,1
2074,376,2,3,1.7306823198874695,2,-0.46783595751753154,2,3,0,1
2075,436,1,6,-0.7510896414527133,0,1.138576416818679,1,1,0,0
2076,623,1,6,0.44358582326954576,2,-0.9000040592826267,1,0,0,0
2077,740,1,10,0.39294490084007366,2,-0.257569515092204,2,0,0,1
2078,472,1,2,-0.6132415850907529,2,0.23423166325907716,1,2,0,1
2079,409,0,3,-0.7756596188311679,0,-0.35003336840252525,1,0,0,0
2080,500,1,1,-0.7234367466008889,2,0.3052153766460702,1,3,0,0
2081,620,1,3,-0.15912696677657737,0,0.46780499603459774,2,0,0,0
2082,211,1,3,-0.5197565169584039,0,-1.4230560327646002,0,0,0,0
2083,64,1,5,-0.3118537277144169,0,0.7693085181356976,2,0,0,0
2084,389,1,3,0.6899129515299606,1,-0.6882113491070229,0,0,0,0
2085,255,2,3,-0.2981906594057359,1,-0.8588665894202315,2,2,0,0
2086,398,1,2,4.428652714529299,1,-1.542396313243719,0,0,0,0
2087,470,1,3,0.10698246303120963,2,-1.4371447555375458,2,2,0,0
2088,409,1,2,-0.7716508225973417,0,1.182052400981258,3,1,0,1
2089,790,2,7,-0.30385107503943165,0,1.660562267325959,2,2,0,1
2090,565,2,2,0.6997062676980921,1,-0.10730828171503429,3,0,1,1
2091,560,1,7,-0.7573690963404226,1,-1.043926017775432,1,0,1,1
2092,624,1,5,0.3216676996314186,0,1.3080119812112259,1,2,0,0
2093,272,2,5,-0.9732609992628591,2,-1.5672005186532054,1,0,0,0
2094,707,2,2,1.8992764081775246,0,-0.27088374746839566,3,1,0,1
2095,484,2,1,0.09948607422706834,1,0.6477227650250638,0,0,0,0
2096,634,2,6,-0.8274140826364033,0,-0.7845590913702934,0,0,0,0
2097,285,1,5,1.1013864496433707,0,-1.2509451408256371,0,0,0,1
2098,189,1,4,-0.9210424151369462,2,-1.001198423551024,1,0,1,0
2099,663,2,5,-0.4782090889176598,0,-1.4056550397121943,1,1,0,0
2100,575,2,5,0.3503630366111561,2,-0.6864606172358926,1,0,0,0
2101,319,1,4,1.8105816810356115,0,1.432403157510945,2,3,1,0
2102,326,1,2,-0.5715798473127938,1,-0.29722842313988534,1,0,0,1
2103,725,0,4,0.797433716851042,1,-1.2242357562837032,1,1,0,0
2104,262,1,5,-0.7850278744545923,0,-0.7583298773438844,1,0,0,1
2105,828,2,4,-0.9715112975963576,2,-0.6669508236445717,1,0,0,0
2106,319,1,4,-0.9781822388072471,0,-0.6585049785378259,1,0,0,0
2107,627,1,2,0.0839214035299009,1,-1.0525859590244955,1,0,0,0
2108,434,1,2,-0.8375208466901516,2,0.4144460929941532,1,2,1,1
2109,620,1,3,-0.955346557221736,0,-1.016546625048958,2,1,0,0
2110,391,1,5,2.81774978534116,1,-0.9466353008468052,3,2,0,1
2111,467,1,1,-0.7260409172672306,0,-0.7054708674710185,2,4,0,0
2112,508,2,3,-0.3763259598790116,0,1.2985578779401632,3,3,0,1
2113,299,0,5,-0.042098618908801635,0,-1.6718829428745223,1,0,0,0
2114,648,1,1,-0.8491799108762317,2,0.2454762550251597,1,2,0,0
2115,397,1,3,-0.5584401298211472,0,-0.9050177292098881,1,0,1,0
2116,454,1,6,0.05325465172142181,0,1.4282271234604784,3,0,0,1
2117,301,1,1,0.030571527277818606,2,1.2038051275114525,1,1,0,0
2118,64,1,3,0.8691936828807088,0,-1.295249840997649,2,0,0,1
2119,461,1,4,-0.4228084886920421,1,-0.3848936265985026,2,2,0,1
2120,982,1,1,1.2355342116842325,1,0.7834068140444361,3,0,0,1
2121,656,1,7,0.1580334606820761,1,0.6371177416923754,1,0,0,1
2122,496,1,4,-0.16797705521186618,0,0.49237570225104094,1,0,0,0
2123,447,2,1,-0.8811497499890518,1,-0.9586791888081047,2,0,0,1
2124,504,1,8,-0.13828512935978265,2,-0.5718565792552674,1,0,0,1
2125,609,2,3,-0.08937440631492863,0,-0.13742383042829875,3,1,0,1
2126,263,2,2,0.4385834690610597,0,-0.6254639102659221,3,0,0,1
2127,722,0,5,0.2837306179720798,2,-0.324595241380638,1,2,0,0
2128,643,2,3,-0.2399828952294703,0,-1.0212304208478176,0,0,0,0
2129,643,1,11,-0.0939881684374905,0,-1.0490168818536043,2,0,0,1
2130,587,1,6,0.4973374436859653,0,0.18333974592951746,1,1,0,1
2131,503,1,3,-0.5674637658501033,0,0.1800189338493796,3,0,0,1
2132,634,2,3,-0.8603937184514131,0,0.6131463539144856,2,0,0,0
2133,618,2,6,1.1014243255216192,0,-0.5375027625549019,1,0,0,0
2134,429,2,2,2.4023715657347164,0,-0.36656692079974235,2,2,0,0
2135,385,1,3,-0.43737945531785694,2,-1.3592682925377224,3,0,0,1
2136,520,2,7,3.708001218991128,1,0.34833395970931597,3,3,0,1
2137,809,1,4,-0.6115724820167502,0,-0.6444559915205925,1,2,1,0
2138,252,1,7,-0.9377926960467051,0,0.2670714212384914,1,0,0,1
2139,206,2,5,-0.14363828863607547,2,1.8689461795984477,0,0,1,1
2140,532,1,2,1.053237409771189,2,-0.6637523252204813,1,1,0,1
2141,510,0,3,-0.030464342077338377,2,0.6685063712886928,1,3,1,1
2142,534,1,5,-0.9982298558682677,2,-0.9341105352221354,2,1,0,0
2143,548,2,7,-0.99575693146719,1,-1.0617853677166034,1,0,1,1
2144,455,1,5,0.3027822742098067,0,-0.2595119202692286,2,0,0,0
2145,797,2,9,0.8905753555133717,2,-0.7505653056107242,1,0,0,1
2146,179,2,2,-0.7111394162181448,1,-0.09264656873316582,2,0,1,0
2147,334,2,5,-0.3618856735503268,1,-1.213974786544089,1,0,0,0
2148,479,1,5,2.294136576212165,1,-1.0504733811189293,3,1,0,1
2149,171,2,6,-0.38006687159121855,1,0.37713861689510103,3,1,0,1
2150,464,1,1,-0.8594020685503713,1,-0.7972609483745602,1,0,0,0
2151,832,1,5,1.4600805627508615,0,-0.5499322271720241,1,1,0,1
2152,504,1,3,-0.312655268508284,0,1.0613680370619862,2,2,0,0
2153,546,2,3,-0.5785893369205078,0,0.47484492563763886,1,0,0,1
2154,247,1,3,-0.9035999091555551,1,-0.5203928030129945,2,0,0,0
2155,376,2,6,-0.38440516368938793,2,-0.6805045511713821,1,3,0,0
2156,424,2,3,0.4854785505964061,0,-0.9657527307681447,1,0,1,0
2157,436,1,3,0.27667645897037213,2,-0.7064928689210073,2,4,0,1
2158,756,2,5,-0.3097903982257846,0,-0.2635152264594026,0,4,0,1
2159,611,1,2,0.2851666821089042,2,-0.32239398158893573,0,1,0,0
2160,277,2,2,-0.5685291196860789,0,0.24143888868818536,0,0,0,1
2161,549,1,2,0.34388359339655133,1,-0.56673576789806,2,0,0,0
2162,599,1,3,-0.9166981077597269,0,0.7059602990010879,3,0,1,1
2163,728,1,3,-0.7818805403085909,0,0.7418034891497155,3,0,0,1
2164,816,1,7,1.1295129244714344,0,0.4065991308575507,1,1,0,1
2165,296,1,4,-0.6542712092751914,1,-1.643530569840506,2,2,0,0
2166,337,1,3,-0.7733253559436393,0,0.5990135811214766,2,1,0,0
2167,248,1,3,-0.9130555858522815,2,-0.19422252721278044,1,1,0,0
2168,453,1,4,-0.5001822649096763,1,0.27437419666966495,2,4,0,1
2169,593,1,4,-0.9373480514903908,0,2.7450413039512074,1,2,0,1
2170,697,2,3,-0.3089964616277501,1,-0.5915645866215761,2,2,0,0
2171,484,1,1,1.5509611693745682,0,0.13797031685552918,1,2,0,0
2172,436,2,4,0.5656654794305099,1,-0.6428179820089048,0,2,0,0
2173,530,1,1,-0.9656299643061592,1,-1.4470845962499361,3,0,0,1
2174,332,1,4,-0.6454454833676934,0,-0.9100870296019942,1,2,0,1
2175,917,1,6,-0.7964956633069257,1,-1.6012784710841241,0,2,0,0
2176,178,1,1,-0.9373940744964149,0,-0.9019850264275036,2,0,0,0
2177,536,1,4,-0.8908909390152272,0,-0.22674786933961555,3,0,1,1
2178,904,1,1,1.4204691881448919,1,-0.4279542319088734,0,0,0,0
2179,501,2,5,-0.6303368953625907,0,1.0722906565223795,3,1,0,1
2180,461,2,3,-0.501406495810954,0,-1.3860427598177123,0,0,0,0
2181,428,1,5,-0.3315514290814553,0,-1.434602752942113,1,1,0,0
2182,463,2,6,0.38169448502673886,1,2.5080370683999504,0,0,1,1
2183,774,1,4,0.6208213427012298,0,0.7549671329482665,0,2,0,0
2184,64,1,7,2.3655610822356974,2,0.28098445969163893,0,1,0,1
2185,806,1,2,-0.7672401156499966,1,-1.2516919074509945,3,1,0,1
2186,215,2,5,-0.6435438427403448,1,1.1443999400699227,0,1,0,0
2187,446,2,4,-0.6260859654105122,0,-1.4546915049767934,2,1,1,0
2188,414,2,3,-0.40854149461487,0,1.8555827726512737,2,2,0,1
2189,617,1,4,0.6674436666677799,2,1.0898807802652373,2,2,0,0
2190,180,1,6,-0.7294650967229689,0,2.1261537775734056,2,4,0,1
2191,592,2,5,0.5457340619955314,0,-0.6777529501180305,1,1,0,0
2192,904,1,4,-0.7757578628388849,0,0.7897877512427675,0,0,0,0
2193,227,1,1,0.251680050407136,0,-0.4983796337908859,0,0,1,0
2194,537,1,4,0.6240085286103948,0,-0.5379448944783605,3,0,0,1
2195,367,1,4,0.9476573591209756,2,-0.7510806957055948,2,0,0,0
2196,585,1,5,-0.28173188898634505,0,-0.9831186337525208,1,1,1,0
2197,503,1,5,-0.602491921950921,2,1.1869882943868242,2,0,0,0
2198,371,1,6,0.49752296210852465,0,0.6331916557970054,1,0,0,0
2199,597,1,3,-0.6142396335371197,2,1.1370748859210376,4,0,0,1
2200,860,1,8,-0.8448520464260492,1,1.1427278974361923,2,0,0,1
2201,461,1,5,0.8228025931199914,0,-1.2443566387350768,0,0,0,0
2202,643,1,5,-0.46907376625640196,1,-0.7022149100138477,1,2,0,0
2203,241,1,3,-0.14749864602724796,0,-0.47038825367929393,1,1,0,0
2204,308,1,3,1.5414300544513473,2,-0.20694988807843054,0,2,0,1
2205,594,1,4,-0.859422638940835,2,-1.3578863391475116,3,0,0,1
2206,796,2,3,-0.17934387290608522,0,1.816091971850789,1,0,0,1
2207,571,2,2,-0.17570674082253213,0,-0.1257937174259659,1,0,0,0
2208,437,1,3,1.005677831383231,1,2.323412895012088,2,2,0,1
2209,499,1,6,-0.5833062802747676,1,0.24931095993293856,2,1,0,1
2210,249,2,4,-0.48624938485777863,0,-1.6182435505813033,1,0,0,1
2211,620,1,5,-0.26284978972220274,0,-1.2543902750346303,0,0,0,0
2212,676,1,8,-0.8217755805795058,2,-0.5590438230786521,0,0,0,1
2213,409,1,2,-0.36086717716632793,0,0.9083011182687946,3,1,0,1
2214,405,1,8,-0.4252293526227315,0,0.9009161260633772,1,0,0,1
2215,553,1,6,-0.784214361927971,0,0.3697574245769187,1,3,0,0
2216,412,0,7,0.8126164897256093,0,0.3734672934647083,4,4,1,1
2217,486,2,3,-0.4342935102658184,1,-0.5181492471775736,1,2,0,1
2218,919,1,1,-0.6362420969757125,1,1.131852921932047,2,0,1,0
2219,450,1,7,-0.8657843433235527,1,-0.9082404140697681,5,0,0,1
2220,428,1,3,-0.9122232567561458,1,1.4049915314308041,0,1,1,0
2221,370,1,3,2.2717984734391448,2,-0.9615489017172272,2,2,0,0
2222,648,1,2,4.412686399068956,0,-1.3689479136393696,2,0,1,1
2223,463,1,4,1.3131807622311986,0,0.9948578675472886,3,0,0,1
2224,370,1,3,-0.3837231586483256,0,1.0684431923459157,1,0,0,0
2225,764,1,2,0.6701479778714162,2,-0.7880216091794212,0,0,0,0
2226,783,1,6,0.8203184919806491,1,0.657640093676521,0,2,0,0
2227,379,0,4,-0.64537133662109,0,1.0668446495272308,1,1,0,1
2228,126,1,2,-0.1108341561678457,0,-0.04896153820618218,0,2,1,0
2229,701,0,2,2.188255214190849,2,-0.5778583306227458,1,0,1,1
2230,363,1,7,-0.6736506098066932,0,0.12496772313347129,3,2,0,1
2231,658,1,3,0.09805083377604298,0,0.6604999943399115,1,0,0,0
2232,105,1,7,0.09700973497885661,1,1.1866789169984946,2,0,1,1
2233,678,1,3,-0.39486066871067277,2,1.0201990467336217,4,0,0,1
2234,257,1,3,-0.32235761373451705,0,-1.5213385954100542,1,0,1,0
2235,646,2,1,-0.3879395264607301,1,0.9638891697725908,1,2,0,0
2236,502,0,6,-0.25906866089945607,0,-0.09471271515194178,3,1,1,1
2237,309,1,2,-0.8440291008638636,1,0.5522326702177391,2,4,0,0
2238,418,1,2,0.6027061756416325,1,-0.39111963838561653,0,2,0,0
2239,637,1,5,0.09260080514769853,2,-0.49956703886452486,0,0,0,1
2240,521,1,4,2.6972276539071913,0,0.4098850472977608,2,0,0,0
2241,616,1,5,-0.7211571506022219,1,-0.6035535080639146,1,2,0,0
2242,895,1,4,-0.847380580531324,1,-1.005671523734247,1,0,0,0
2243,187,1,7,-0.5813047058709869,2,-0.13732767054348008,2,0,0,1
2244,823,1,2,-0.2828613812095056,1,0.10691362547823922,1,0,0,0
2245,520,1,4,-0.7745182233084581,0,-0.802135990065472,2,0,0,1
2246,320,1,2,-0.38001606091687024,0,0.0341730697416934,3,4,0,1
2247,233,1,6,0.03865449291340698,2,0.5549868347551054,1,0,0,0
2248,462,0,10,-0.9490651771963998,2,-0.2965015346272412,2,0,0,1
2249,684,1,2,0.43532266480932696,0,-1.616528382363723,1,0,0,0
2250,474,2,3,1.8487370783451915,0,1.1515194553079706,0,0,0,0
2251,802,2,7,-0.6902131824377948,1,0.6178274475246944,1,4,0,1
2252,209,0,1,0.5148196892473401,0,0.8183282743224726,1,0,0,0
2253,497,2,11,-0.45744474419884334,0,-0.7052335548975873,1,0,0,1
2254,249,1,4,0.10272678502209982,0,-0.6104927663508345,1,0,0,0
2255,572,2,4,0.3740948114260682,1,-1.5032021215598648,1,2,0,0
2256,677,1,6,-0.6523712589243628,2,1.778419106968726,0,1,0,1
2257,415,1,4,0.5669240855857739,0,-0.7766563332314744,1,1,1,0
2258,64,0,3,-0.8949100006398953,2,0.0560988185523203,1,0,0,0
2259,539,2,5,3.387844785332094,1,0.37884281817230775,2,2,0,0
2260,587,0,5,-0.5898225781338599,2,-1.5507878287127634,0,0,0,0
2261,580,2,7,-0.7501860063728564,0,1.3272057829869532,3,4,1,1
2262,747,2,5,-0.856054144610715,0,-0.4202410097256566,1,2,0,0
2263,285,2,5,0.6929930563326153,0,-0.3710698530759436,1,0,0,1
2264,636,2,6,-0.11117481474083366,0,0.7896858964257606,2,2,0,0
2265,738,1,2,2.0736136348365046,2,-0.3522444683330631,1,2,1,0
2266,144,2,5,0.05317250613078274,2,1.481533633157977,2,3,0,0
2267,563,2,5,-0.5843340363210118,1,1.0839043786763416,1,0,0,0
2268,399,2,5,0.8334781139846216,0,0.9335107258571164,1,1,0,1
2269,483,1,5,-0.6720002474718796,0,-0.8591127122258109,1,4,0,1
2270,569,1,5,-0.6583161577072832,0,0.8240620144528573,1,2,0,0
2271,402,1,3,-0.9786857089685077,1,-1.5329963957279027,1,0,0,1
2272,364,2,3,-0.712519198915429,0,1.937938105100708,2,4,0,1
2273,506,1,4,-0.699640365119034,2,0.22136557945405566,0,2,0,0
2274,282,1,1,-0.6486890036338858,0,-1.0808487423738218,0,4,0,0
2275,282,1,6,-0.5401449786129123,0,0.23193804266818907,1,0,0,0
2276,635,2,1,-0.13356279978972013,2,0.1241754701782331,0,0,1,0
2277,270,2,1,-0.7598518807390205,1,0.7901371802943252,1,3,0,1
2278,633,2,3,0.022134522635974527,1,0.8046707493701599,2,1,0,0
2279,592,1,4,-0.8623390209548336,2,0.5936112849096784,2,0,0,0
2280,154,1,2,1.7101569623804196,2,0.33544966517130026,1,0,1,0
2281,364,1,3,-0.9809543354420297,2,0.4867837296040064,2,0,0,0
2282,738,1,4,1.4210619309635186,2,-0.199229386468769,2,3,1,1
2283,303,2,5,-0.20202021713029428,0,-0.5991574709806896,1,0,0,1
2284,407,1,4,0.2513212432398727,1,2.755538999506308,2,1,0,1
2285,592,1,4,-0.6474992959886653,1,0.30615541049791384,2,2,0,0
2286,656,1,5,-0.8136844582285484,1,0.00767963937022389,1,0,0,0
2287,449,1,6,1.9854632113709922,1,-1.4607444490573795,3,0,0,1
2288,380,2,4,-0.4163129870714302,2,0.14921429034889136,3,0,0,1
2289,784,1,2,-0.34175984017436944,0,-0.2973304102351017,2,0,0,0
2290,847,2,5,3.3106737759180223,1,-0.7320315763451177,2,0,0,0
2291,695,1,5,-0.5912884306060705,1,-0.8384272389988432,2,3,0,0
2292,517,1,3,-0.9004862159809568,0,-0.4258064439017679,2,2,0,0
2293,338,1,3,-0.1086570434145397,0,1.864895380436016,0,2,0,1
2294,333,1,3,-0.18478734544248135,1,-0.9590218883619243,0,1,0,0
2295,604,2,2,0.5007459397619378,2,0.09104531235824738,1,3,0,0
2296,583,1,3,2.147983854282141,1,0.6382804398246792,3,0,1,1
2297,780,1,5,-0.6338818601655971,0,-1.1321253664721298,0,2,1,0
2298,630,1,5,0.2933996518248428,1,-1.0596832845512218,1,0,0,0
2299,199,1,1,-0.4280727673643993,2,-1.2476160905379619,1,0,0,0
2300,710,2,4,0.5497292367509532,0,1.2885802120531242,0,2,0,1
2301,300,1,1,-0.8253391728591022,1,-1.5201008289034,3,0,0,1
2302,423,1,5,-0.3011290700310628,1,1.3091322785785848,2,2,0,0
2303,550,2,6,-0.9261624138486014,1,-0.004541381865827459,2,0,0,0
2304,899,1,4,-0.17013639439927447,0,0.7811307489409073,2,0,0,0
2305,1121,1,1,-0.8196071651746711,2,0.34953265707444064,2,1,0,0
2306,621,1,5,2.267159433023072,0,-0.6113912333892763,2,0,0,0
2307,463,1,4,-0.1858770857579581,0,-1.235834495293227,1,0,0,0
2308,606,2,2,-0.24129250438022729,0,0.28465468560034185,1,0,1,0
2309,677,1,4,2.6408670908967395,1,1.3044805724465462,1,4,1,1
2310,435,0,2,-0.3060911493769332,1,-0.8145795563557726,3,2,0,1
2311,859,1,5,0.14068835310061023,0,2.988765890308997,0,2,0,1
2312,546,0,5,-0.9592404521856421,0,-1.5565288407430788,2,0,0,0
2313,599,1,4,0.24535271976687711,0,-0.8321762050510323,0,1,0,0
2314,633,1,5,-0.8958199272753856,1,0.7285934671596349,1,0,0,0
2315,584,1,2,0.533221179545068,2,1.824251476835397,3,2,1,1
2316,667,1,10,1.122240106378188,0,0.034397030540394606,3,0,0,1
2317,376,2,3,-0.6223676091105901,1,-0.2483460131938429,3,0,0,1
2318,388,2,1,1.1329013909626828,0,0.7222535487977129,2,0,0,0
2319,279,1,7,-0.3375931192962501,1,-1.510480125324294,0,0,0,1
2320,587,1,3,-0.14573790082141289,1,0.3348595766824803,2,2,0,0
2321,655,1,1,-0.46951946738645256,1,-0.6134889734494509,0,0,0,1
2322,591,0,7,-0.34950452784387753,0,-1.1246920162449137,0,0,0,1
2323,834,2,4,1.4218711171822243,2,-1.6135714894279625,0,2,1,0
2324,498,1,2,1.9854573126231665,2,0.8647695253254286,1,0,0,0
2325,633,2,4,-0.4074222054038021,2,-0.015320151330016091,2,0,0,0
2326,281,2,5,-0.27323117088431564,0,-0.9185485330915617,1,2,0,1
2327,422,1,4,-0.882257220452094,0,0.13618800588455776,0,0,0,0
2328,639,2,4,-0.607168739779823,1,-0.8577874834024956,1,1,0,1
2329,669,1,1,-0.27558309075655474,1,-0.904257600309592,1,4,0,0
2330,441,1,3,-0.7776182745819769,2,1.8879213184546977,2,3,0,1
2331,485,1,4,-0.1339008358201579,0,-1.0674265788299713,1,0,0,0
2332,196,1,3,0.1679724673936962,2,-1.2429962834237949,1,2,0,0
2333,428,1,4,0.05978063976047848,1,-0.2806895579720937,1,1,0,0
2334,678,1,1,-0.4135642595493432,0,0.9694995516391235,3,0,0,1
2335,615,2,5,0.4839180951036393,0,-0.6917071359144067,2,0,1,0
2336,600,1,3,-0.6163254047907251,2,-0.8613279710811202,2,0,0,0
2337,509,1,7,-0.36352384696602313,0,-0.6549092704018601,3,0,0,1
2338,501,2,3,-0.687559573175427,1,-0.5977997490055049,2,1,0,0
2339,367,1,3,-0.0666477054668691,1,0.8639648461547627,1,0,0,0
2340,639,1,6,-0.4168528396227588,0,-1.4022185696660747,0,0,0,0
2341,584,0,4,-0.7589146828011165,1,1.6582720935882789,0,2,0,1
2342,598,2,2,-0.6331314995140841,0,0.4782425686766349,1,0,1,0
2343,394,1,3,-0.6744975184886508,1,-0.0334127309637331,1,4,0,0
2344,69,1,7,1.4515935826055681,0,0.440103280628058,3,0,0,1
2345,719,0,1,-0.2572037225824343,0,-0.46647964286813065,4,0,0,1
2346,404,1,6,0.06764393705897102,1,-0.6631982655952403,3,1,0,1
2347,327,1,7,1.7680518982506264,2,-1.1681499046094304,2,3,0,1
2348,638,1,6,-0.8032671514547027,0,0.018316387185155554,1,1,0,0
2349,421,1,5,1.8022819514406891,1,-1.3415395667170873,1,0,0,0
2350,711,2,8,-0.21886815878030974,0,0.6210921030086811,0,1,0,1
2351,623,2,3,0.9647058967537179,2,-0.4115778401368231,3,2,0,1
2352,636,0,2,-0.8208034945638525,2,0.8299445091269453,3,0,0,1
2353,226,2,3,-0.6836766781150228,0,0.2584646839897846,1,0,0,0
2354,742,1,3,-0.7882910320695474,0,0.7129990311530209,1,0,0,0
2355,552,1,3,0.06988924065184156,2,-1.1154484152335618,2,2,0,0
2356,426,0,3,-0.8535627052123397,1,-1.3859171089692992,1,1,1,1
2357,528,1,5,0.5917421485161893,0,0.020421244761346335,1,1,0,0
2358,144,1,1,-0.7146740716441071,0,1.1209982890113954,1,2,0,0
2359,581,2,4,-0.7078133069641949,1,0.5323525116517049,1,1,0,0
2360,294,1,2,-0.6721611891477498,1,-0.3958112949723504,0,4,0,0
2361,229,1,3,0.3875288912965441,0,0.5169313021932296,2,2,0,0
2362,195,2,4,1.6160857616565523,0,-1.2555716054277346,0,1,0,1
2363,722,0,8,1.413469291146747,0,0.5495918110772418,3,3,0,1
2364,374,1,2,-0.8992843884362698,0,-0.7842990896612513,1,0,0,0
2365,806,2,4,-0.6982586186734233,0,-0.27559755470368835,1,1,0,0
2366,392,1,4,0.1264899678885708,0,-0.1890937407524212,2,2,0,0
2367,158,1,6,-0.02761844611918438,0,-0.4174341670115408,2,1,0,0
2368,276,2,5,-0.5696744348443953,2,0.8612767291512897,1,0,0,0
2369,747,0,2,1.0127131404840801,0,-0.9212443166282301,3,3,0,1
2370,468,1,4,-0.8656766922797249,2,-0.4098187254698179,2,2,0,0
2371,390,1,5,0.02851300335623598,1,-0.638938654870969,0,0,0,1
2372,532,1,2,-0.6834687858932893,1,-1.2909405198063495,0,2,1,0
2373,600,1,4,-0.24603585902482,2,-1.040792978286159,1,2,0,0
2374,723,1,7,-0.5093034342515588,0,-1.203631761271653,2,2,1,1
2375,789,1,3,2.9576207813582096,1,0.8169949816703793,3,0,0,1
2376,428,1,2,-0.32958891631686577,1,-1.181377101979677,2,0,0,0
2377,234,1,5,2.7895324076440886,2,-1.451916493228991,0,2,1,1
2378,417,1,3,-0.7084340668408731,0,-0.7211376495603006,0,2,1,0
2379,552,2,4,0.4778596540106689,0,0.12850215071321414,2,0,0,0
2380,307,1,3,0.2762226429226835,2,-0.15648930492532767,2,2,0,0
2381,308,1,3,0.9058299825459432,0,-1.4242862067723554,3,2,0,1
2382,568,2,8,0.1952364994567993,2,-0.19629229193521497,1,0,1,1
2383,490,2,4,0.1585660146343027,2,0.49344043097876167,3,0,0,1
2384,506,1,4,0.09149899724497026,0,-1.6258482421213896,0,0,0,0
2385,348,1,5,3.267104263016412,0,0.23902045537982988,1,1,0,0
2386,453,2,2,-0.7445424279823829,0,1.3350715937941808,1,0,0,0
2387,315,1,3,-0.9767646948589409,0,0.3577188944337437,1,0,0,0
2388,678,2,2,0.144611054583849,0,-1.263098880002293,2,0,0,0
2389,707,1,1,-0.8154814378892765,2,-0.5428821707987844,1,2,0,0
2390,130,1,5,0.1490838582711205,1,-0.8510553114879644,0,0,0,1
2391,314,1,3,-0.6160817449531202,0,-0.10704308971806552,1,0,0,0
2392,200,2,5,-0.9627868082424604,0,1.953949564541298,0,1,0,1
2393,369,2,4,0.48589912724795725,1,-0.1763103308027739,2,4,0,1
2394,483,1,6,-0.9539277312408915,0,-0.7971717737472496,1,2,0,0
2395,210,1,7,-0.7497462242666448,1,0.8341431790629504,1,0,1,1
2396,315,1,4,-0.5907676989150018,1,-0.3980425539326734,3,4,0,1
2397,299,1,5,-0.8630025672653593,2,-1.0186898533713344,1,0,0,0
2398,541,2,1,1.4823828578663045,1,-0.26557269952411006,0,0,0,0
2399,513,1,2,-0.01881918518619773,0,1.3098264236425132,3,0,1,1
2400,355,2,4,1.1103359476623376,0,1.2691030871031845,0,0,0,0
2401,535,1,9,0.1575833622027421,0,-1.1769556011797386,2,0,0,1
2402,390,2,3,3.8960336912065108,0,0.5078081811261986,1,3,0,1
2403,445,2,4,-0.250375697485103,0,0.7926068429544652,2,0,0,0
2404,834,1,7,-0.9516568348079615,0,0.1424939363448772,0,0,1,1
2405,768,1,3,-0.8294908301345626,0,0.1838430611889077,2,2,0,0
2406,240,1,5,-0.10491150191747937,0,0.20702233236700238,2,2,0,0
2407,665,1,1,-0.5732679856135376,0,-0.5501370175215115,1,2,0,0
2408,662,1,2,-0.8860272898216041,1,1.996427074825137,1,0,0,1
2409,270,1,1,-0.731223941279914,2,0.1427760191267651,3,1,0,1
2410,663,0,5,-0.3533277885034102,1,-0.37133861719309186,2,2,0,1
2411,807,1,2,-0.26519836387989404,1,-0.6281632386341613,0,2,0,0
2412,275,2,6,1.765677930149285,1,-1.0983987785952334,2,0,0,1
2413,316,2,3,-0.9111819468670962,0,1.050247617581765,0,4,1,0
2414,703,2,5,-0.5574292519097609,0,-0.7000715803942744,1,1,0,1
2415,554,1,4,-0.2904924756739297,2,0.2534093376127846,0,0,0,0
2416,610,1,2,-0.8855975059468788,1,1.0783239039943882,1,2,0,0
2417,568,1,3,0.17614532180590553,0,0.7788336963297784,3,0,0,1
2418,578,1,3,-0.27183409320800106,0,0.05370782874687374,2,2,0,0
2419,234,1,1,-0.3820676149066861,0,-0.17452503488604473,3,2,0,1
2420,709,2,5,0.07772195059828658,2,-1.0674652336251556,2,0,0,0
2421,733,1,2,-0.662646850946964,1,0.004928318208048859,2,0,0,0
2422,454,1,5,-0.5862846961314053,0,0.8470813000615579,2,0,0,0
2423,491,0,3,-0.8272583745959617,1,-1.0037233091935887,0,1,0,0
2424,193,1,4,-0.25342727830152684,0,1.7961017997088742,2,0,0,1
2425,602,1,3,-0.5340371612128498,0,0.6144743158690927,1,3,0,0
2426,614,2,5,-0.7011586724638796,0,0.4383460708207959,1,0,0,0
2427,487,1,6,-0.8723501482461864,0,0.4856723209862361,0,2,0,0
2428,724,1,7,-0.9839628788802823,1,-0.4083831930356582,0,0,0,1
2429,433,1,4,-0.789323913012281,1,-0.6685773342024439,1,0,0,0
2430,612,2,3,-0.7187503050380915,1,-0.9804967640974156,0,1,0,0
2431,296,1,1,-0.33207449610900275,1,0.14242642963894542,2,1,0,1
2432,495,1,1,-0.7274028227111073,2,1.6182467191217784,2,2,0,1
2433,465,1,3,0.7230621960329001,0,0.28705430443069546,1,0,0,1
2434,545,1,4,-0.35418271054780964,0,0.07809629347000022,2,2,0,0
2435,426,1,6,-0.013495383653307255,0,-1.4041555218139594,0,0,0,0
2436,473,1,2,-0.7707642982840343,0,-1.4375254537082165,3,3,1,1
2437,665,1,4,-0.4605958474329808,0,-1.6231426821796038,2,1,0,0
2438,412,1,4,-0.06882962289531097,2,-0.5586168491261742,1,0,0,0
2439,178,1,4,-0.6289167158494083,0,1.1325849443002405,2,1,0,0
2440,849,1,5,-0.5910913919125099,0,1.5203852030646579,1,3,0,1
2441,776,1,3,0.6675536858720316,0,-1.5375422698492553,0,0,0,0
2442,241,1,1,0.8382695365853287,0,-1.187699328362417,1,0,0,0
2443,637,1,4,-0.23355578828038526,0,0.23290561134791363,0,0,1,1
2444,399,2,6,1.2981996507365905,0,1.0443500990876031,2,2,0,1
2445,552,2,4,0.349329903007776,2,-0.5413738592033208,3,4,0,1
2446,558,1,10,-0.9500019600507533,0,0.7162643046556602,1,0,0,1
2447,453,1,2,-0.1740714522054146,0,0.05513485884933293,2,4,0,0
2448,343,1,6,0.20922739306663718,2,-1.5831875819321533,1,0,0,0
2449,361,1,9,-0.2161080266149485,0,0.8382796725666357,0,2,0,1
2450,316,1,3,0.806260961033948,0,1.0287642226219074,4,2,0,1
2451,333,1,7,-0.6438770991396106,0,-0.8715696405431199,3,0,0,1
2452,486,2,3,-0.9389850967606846,1,-0.5242036835978052,3,0,0,1
2453,356,1,3,0.013378798039321285,1,0.18887323361615227,1,0,0,1
2454,636,1,5,0.32686255093640043,0,-0.1579698304015068,0,3,0,0
2455,797,2,3,0.46615023985178455,2,0.6983786188005568,1,2,0,0
2456,383,1,5,-0.996551376957419,1,-0.08739741405867277,2,2,0,1
2457,547,1,3,0.1302083374388704,1,0.0923836064034427,1,0,0,0
2458,599,0,1,-0.9865600500460452,1,2.4069701346252987,3,0,0,1
2459,594,2,4,0.5083122053209257,1,-0.8558023516622036,0,0,0,1
2460,515,2,5,0.2272635590564312,1,-0.9635973378141326,3,0,0,1
2461,648,1,5,-0.15557130358447763,0,0.40510526969374694,3,0,0,1
2462,596,1,9,-0.28992566860553376,0,0.12949877117431968,2,3,0,1
2463,252,2,6,0.26923611591634505,0,0.3703511128084996,1,2,0,0
2464,673,1,2,-0.9479610829692069,0,-0.607598944275348,1,0,0,0
2465,677,2,3,0.8075542479893529,2,0.44670174298639315,3,0,0,1
2466,347,1,7,-0.7793470675413617,2,0.5552725828866797,2,1,0,1
2467,507,1,3,-0.3470792114755337,0,-1.2270116230385053,2,4,0,0
2468,636,0,5,-0.32937658127443964,0,-1.0669239784858453,2,4,0,1
2469,458,1,1,0.518923807737992,1,-0.8662788449423322,3,2,0,1
2470,714,1,2,-0.7897792426422652,0,-1.6369402333596639,1,0,0,0
2471,972,1,2,-0.6454577206743493,1,-0.249456638086637,3,2,0,1
2472,342,1,8,0.09871958976388315,1,-0.3635850112207353,1,0,0,1
2473,223,1,8,-0.4664258308860597,1,-1.1463491968232067,2,0,0,1
2474,560,1,5,-0.6467439566505191,1,-1.2782975726145738,0,1,0,0
2475,644,1,4,-0.01993008137990759,0,1.5955060996338488,1,2,0,1
2476,453,2,6,-0.9157654006683623,0,-1.0814977887185053,1,0,1,0
2477,790,1,3,0.578378906165524,0,-1.042839143485094,2,0,0,0
2478,232,0,7,-0.2512397717326426,1,1.3179230698202093,0,0,0,1
2479,638,1,3,-0.7732240149659446,0,-1.5473276352509417,1,1,1,1
2480,378,1,8,-0.47377039054855796,2,0.0767066840905963,1,0,0,1
2481,843,1,6,-0.8649623137276672,0,1.4654485071622059,1,0,0,0
2482,898,2,5,-0.03285643408203777,1,-0.8962898246997715,2,4,0,1
2483,346,0,4,0.11758940944684368,0,0.12167373122864228,0,0,1,1
2484,390,2,4,-0.47930941070573885,2,-0.9261430173033474,2,1,0,1
2485,671,1,4,-0.5857251190882403,0,-1.1552146106185346,1,0,0,0
2486,422,1,3,0.9202137940656826,1,-0.36906908474282135,1,0,0,0
2487,490,2,4,-0.135014714569072,2,3.0362015180389563,1,0,0,1
2488,505,2,1,0.11060314448069357,0,-0.32809737718815124,3,1,0,1
2489,116,0,2,-0.8691181357022495,1,0.545326175906573,0,0,0,0
2490,497,1,2,0.26289203482778983,1,0.8062887609178748,2,4,0,0
2491,362,0,7,-0.40972890729899136,0,-0.5924739062072599,2,0,0,1
2492,401,1,4,-0.5432977686209911,1,-1.7244963550599655,2,1,0,0
2493,788,1,5,1.6882146840223147,1,-0.9414033279609023,2,1,0,0
2494,248,1,3,-0.9514732876317199,0,-0.7182438639599116,2,0,1,0
2495,662,1,3,-0.7864777401431365,1,-0.5017185200087476,1,0,0,0
2496,444,2,4,-0.5297638067831485,0,-1.0329380279464595,1,0,0,0
2497,444,2,2,-0.6095504571888066,0,-0.6712950600519818,1,0,0,1
2498,658,2,7,-0.2809043061267712,2,-0.36166552514301764,2,0,0,1
2499,568,1,4,-0.48677926734547444,1,-0.49623957440932376,3,0,0,1
2500,614,1,4,0.5711978003397313,1,0.8799794107747687,1,2,0,0
2501,693,2,4,0.4781209987253016,2,0.11150048653548782,1,0,1,0
2502,433,1,5,0.49748070364022384,1,-1.6752179182107738,2,1,0,0
2503,377,2,1,-0.5389748554393994,1,-0.9704406452247799,1,0,0,0
2504,282,1,5,-0.47574155967544807,0,0.030048522815171966,3,2,0,1
2505,334,1,5,0.28853243626937597,0,0.2305359875885869,2,0,0,0
2506,1089,1,5,-0.8729819188498059,1,-0.27803345595360895,1,0,0,0
2507,748,2,5,0.9347723934637407,2,-0.05195272760736713,1,4,1,1
2508,229,1,4,-0.2152804757411103,0,1.042794925771286,2,1,0,0
2509,235,1,4,0.9118555526946844,1,0.48278229123794575,3,4,1,1
2510,596,2,6,0.5970524215105415,0,-0.6079919967677812,3,1,1,1
2511,609,1,2,-0.5308324766121313,0,-0.7886799305366851,0,0,0,1
2512,609,2,4,-0.8989386158430658,1,-1.318439754931239,1,2,0,0
2513,449,1,1,1.5716323825132585,0,-0.07946187729819693,2,1,0,0
2514,474,1,2,-0.5781263525970801,0,0.8815174398468385,2,2,0,0
2515,565,2,3,-0.5318746800151104,0,-1.4349559790131279,1,2,0,0
2516,517,1,1,1.4305298978533048,2,1.3238791132809011,3,0,0,1
2517,64,1,3,1.5278424508790567,1,-0.8217807695760824,3,0,1,1
2518,454,1,4,-0.697611278686801,0,-0.8657926436098073,1,2,0,0
2519,329,1,4,-0.9131072847284574,0,1.397988899424663,2,2,1,0
2520,535,1,3,-1.006735981765549,0,0.4290327506961978,1,2,0,0
2521,1097,1,7,-0.4212306784395883,1,0.4548244353761134,1,2,0,1
2522,573,2,4,-0.15284145737061317,1,0.3581286715095857,3,0,0,1
2523,437,2,5,-0.6873043586180332,2,-0.5111537932303684,1,4,0,1
2524,684,1,3,-0.7019575591260592,2,0.04746317917958428,0,0,0,0
2525,596,1,4,-0.5590472208241584,1,-0.7711835606232951,1,2,1,1
2526,584,1,3,-0.6973643694584923,1,2.2087723679025646,1,2,0,1
2527,621,1,8,0.9805619779686261,1,0.42835978890166854,1,0,0,1
2528,911,1,2,0.03930682120518944,0,-0.2209947059120781,2,1,0,0
2529,273,1,6,0.7880889649646917,1,-0.0029352372381402704,1,0,0,0
2530,594,1,5,0.9953244040330063,0,1.1618899440685102,3,0,0,1
2531,314,1,5,-0.42716071078225604,0,-0.030976244471510775,2,2,0,0
2532,611,1,1,-0.34749089054448107,2,-1.3292390423977016,2,0,0,0
2533,316,2,6,2.8657587952955508,1,1.5945970283872823,2,0,0,1
2534,416,2,3,0.7185343202200823,0,0.8577982756628861,2,0,0,0
2535,440,1,2,0.6184222977350546,2,-1.612902395972446,1,0,0,1
2536,695,2,5,-0.11650810391812223,1,-0.33745433977952694,2,0,0,0
2537,683,1,1,-0.3789799119894563,0,0.7744311658387237,1,0,0,0
2538,250,2,1,1.2806776482358866,1,-1.2177210106889653,2,0,0,0
2539,510,1,3,0.6525168312186896,0,-0.658079534088224,1,0,1,1
2540,358,2,4,-0.26813457600058405,0,2.988805452225079,1,2,0,1
2541,248,1,3,-0.6870913477007652,2,-0.38318821980601075,2,0,0,0
2542,456,1,3,-0.8458178877532646,1,1.4155499049388165,1,1,0,0
2543,438,1,4,-0.18957798451095934,2,-1.6388985375231102,1,1,0,1
2544,985,1,1,-0.6508461721985903,2,0.25021372219621796,2,2,0,0
2545,586,1,2,-0.6958026067593364,0,-0.17751981345085335,0,1,1,1
2546,224,1,3,-0.8941426537765578,2,1.16735092640805,2,4,1,0
2547,387,2,3,-0.9721832195289838,1,-0.5255303733580796,1,2,0,0
2548,704,1,4,0.5477604115760152,0,0.9376472688548585,1,0,0,0
2549,917,1,4,-0.891638601897399,1,-0.42925193247631604,0,0,0,0
2550,182,1,5,1.2243501564097956,0,-1.273321735273067,2,0,0,0
2551,124,0,1,-0.7632315940209885,0,0.32112852167814493,4,1,1,1
2552,874,2,6,0.4422643072457811,0,0.26286869265637924,2,0,0,0
2553,577,2,2,0.7533267233372059,1,-1.0448822249925485,1,0,0,0
2554,326,1,7,0.5919057500884498,0,-0.5352127750539919,1,3,0,1
2555,606,1,4,1.089810542439537,0,-0.7049354393814515,2,1,0,1
2556,64,1,2,-0.5856783404124588,1,-1.2936421302966632,3,0,0,1
2557,500,1,3,3.3257031031302207,1,0.12411049534743962,1,0,0,0
2558,565,1,7,-0.6743187634870629,0,0.8049915064790699,0,0,0,1
2559,684,1,5,1.7612849100978742,2,-0.7335909359630514,2,0,0,0
2560,297,1,2,-0.4227765567870154,1,-1.2965190494680845,0,0,1,0
2561,517,1,3,-0.948245104669234,2,-0.6226759265744769,1,2,0,0
2562,314,1,5,0.5551231406056156,0,-1.3913043430029075,0,0,0,0
2563,551,2,3,0.5669874158395287,2,0.19775546304616085,1,0,0,0
2564,320,1,1,-0.7843367444569355,2,-0.20338703810232595,2,1,0,0
2565,418,2,6,0.7562786379828741,1,0.4240187094923003,2,0,0,0
2566,300,1,8,-0.833457710592955,2,0.7689567930372101,3,2,0,1
2567,630,1,6,-0.8408531667451835,1,-0.649535383131777,2,2,0,0
2568,671,1,2,0.675475592572222,0,0.9014249235573186,1,0,0,0
2569,453,2,5,-0.6592072194370799,2,-0.1493469096415509,1,0,0,0
2570,507,1,5,-0.9265030261659144,1,0.7214458549133325,2,1,0,0
2571,210,2,2,2.1770567477981504,0,-0.1961145932118746,0,4,0,0
2572,440,1,4,-0.17967397126658996,0,-0.25417727153603864,1,2,0,1
2573,489,1,3,-0.40336039942116325,1,1.2335356432848918,1,0,0,1
2574,1024,2,4,-0.2944775700012842,1,0.05945118778136366,2,0,0,0
2575,277,1,1,0.12113137843997782,2,-1.2459090364643508,0,2,0,0
2576,792,2,4,1.004019834087882,1,-0.6020386696487622,1,0,1,1
2577,699,1,8,0.1277222037824796,0,-0.5424526174491129,0,1,0,1
2578,556,1,6,0.36037635784747407,1,-0.6834314736324907,1,0,0,1
2579,851,2,6,-0.8058318296523062,0,-0.0368231214796092,1,2,0,0
2580,574,0,4,-0.5149228360129051,1,1.174385144233796,0,0,0,1
2581,577,1,1,-0.11382535115425023,1,-0.9863216194051789,2,2,0,0
2582,489,2,3,-0.025333857749472326,2,-0.0385805198159543,3,2,0,1
2583,744,1,6,-0.6868092468895086,1,0.13863152942020285,1,0,0,0
2584,719,2,5,2.7433255162660704,1,-1.386088643964028,0,0,0,1
2585,374,1,3,-0.8799403810973306,2,-0.5941805250217657,2,0,0,1
2586,236,1,8,-0.8867315288950374,2,-0.5863221936672586,0,1,1,1
2587,459,1,6,-0.7431547707018666,0,0.034454388704060354,1,2,0,0
2588,339,1,3,0.4181646766172513,0,-1.0530256551940964,1,3,0,0
2589,487,1,3,-0.9699912942419414,2,-0.530122453457096,3,1,1,1
2590,747,1,7,3.4792446465717135,2,-0.929567062286293,1,0,0,1
2591,408,1,8,3.4678810499355635,0,-0.4379356117259962,2,4,0,1
2592,491,0,2,-0.8309133321155346,0,-1.2896186228717708,2,2,1,0
2593,511,1,3,-0.4862677554927638,0,1.1454863395537145,3,0,0,1
2594,669,1,6,-0.7759146112855252,1,-0.7730839927174699,0,2,1,0
2595,64,1,2,-0.4746310138736224,2,0.21367263484979995,2,1,0,0
2596,378,2,5,-0.23372588737048414,0,-0.26956604449830623,2,0,0,0
2597,542,1,2,0.7517905989056549,1,-0.6348599884516903,3,4,0,1
2598,740,1,5,-0.9707764020507257,2,-1.8038425840693717,2,2,0,0
2599,401,1,1,3.4011727407418952,1,-0.9499852601006629,0,0,0,0
2600,124,1,2,1.8632075875259515,0,1.4758879295330023,1,2,0,0
2601,623,1,3,-0.1484851591873223,1,-0.4970889877631911,1,0,0,0
2602,372,1,1,-0.34100876490027215,0,0.44758750158016886,0,0,1,0
2603,262,1,2,-0.1942535550066151,1,0.17813038973760645,0,0,0,0
2604,375,1,3,-0.988932446084357,0,1.548348395675357,2,0,0,1
2605,463,1,3,0.35320250769994205,0,0.13301805211931014,1,0,0,0
2606,379,1,3,-0.31009677578547995,0,0.8329902300352101,3,1,1,1
2607,64,1,2,-0.6651782868346956,0,0.8654564281137563,1,1,0,0
2608,679,2,5,-0.3782372827143128,2,1.662904431220654,1,0,0,1
2609,754,2,1,-0.655836079659477,0,1.5119060895496987,1,1,1,0
2610,630,1,4,0.216514490983612,2,3.0677156814773836,3,0,0,1
2611,272,1,5,-0.03853560781922981,0,-1.068983980571023,2,0,0,0
2612,459,1,3,-0.5082966172943115,2,2.205051368382263,2,0,0,1
2613,498,1,6,-0.6241874778811324,2,1.9387511912174233,3,2,0,1
2614,619,1,3,1.1321224566674328,0,-0.9953548589678815,0,4,0,0
2615,633,1,6,0.15818039225809533,2,0.25498323253264227,0,0,0,0
2616,353,2,4,0.271645034491386,1,-1.580652924537193,4,1,0,1
2617,516,2,7,-0.027471915158458926,1,1.3391398063607962,3,1,1,1
2618,591,1,2,-0.9283163709647526,1,-0.4397332599530372,1,1,0,1
2619,791,1,2,-0.9457285863455993,0,-0.20635984595187312,2,0,0,0
2620,640,2,3,-0.4376170296449653,1,0.5699941550249941,2,2,1,0
2621,657,2,3,1.7041252660768085,0,-1.4827974927030179,3,0,0,1
2622,516,0,5,-0.2513278083063194,1,0.8941325617833866,1,0,0,0
2623,782,1,2,1.114331733417575,1,1.9758491961230684,2,3,0,1
2624,581,1,3,-0.9045943249250101,1,-0.5547941452379749,1,0,0,0
2625,327,1,2,0.3024502548746999,1,2.089723640805235,2,0,1,1
2626,780,1,2,-0.7215687442689969,2,-1.2839682820975076,1,2,0,0
2627,639,1,1,-0.25178119723340514,2,1.222728785057575,1,1,0,0
2628,411,1,3,-0.6553280534326736,0,1.4669962815023618,2,0,0,0
2629,404,2,6,0.2593788476689419,0,-0.3256290365695944,1,0,1,0
2630,559,2,4,-0.4868013368131659,0,-1.2624459624271789,4,0,0,1
2631,592,1,7,-0.3770561640205349,2,0.26094217507317413,2,1,0,1
2632,539,2,3,-0.7215586116265112,2,0.18233912737933297,2,3,0,1
2633,562,1,9,-0.6716846795234845,0,-0.830609351040954,1,0,0,1
2634,839,2,4,-0.8066718393330518,0,-0.7205121671230226,0,0,0,0
2635,714,1,5,-0.18708997586288006,1,0.869165437847454,1,3,0,0
2636,538,1,5,-0.8485366522625183,1,-0.8409697680644935,2,0,0,0
2637,688,1,3,-0.6902765659834988,2,0.577720914810064,1,0,0,0
2638,293,1,7,-0.23894113541280246,0,-0.5954017606716644,1,3,0,1
2639,579,1,3,-0.681021721229949,2,-0.8666654173510555,2,4,0,1
2640,861,1,3,-0.1047459200338104,0,-0.8900940887675693,2,0,0,0
2641,456,0,5,-0.9933545452554814,0,2.1436489995521977,2,4,0,1
2642,330,1,2,2.6741984525587816,0,1.2876047963015198,0,0,0,0
2643,369,1,9,0.3238001935536027,2,-0.8122109587199615,2,2,1,1
2644,282,1,5,-0.29507407208171615,0,-0.5173847561764862,2,1,0,1
2645,343,1,9,1.5717310396847948,0,-0.3320246544597422,3,0,0,1
2646,425,1,3,1.065389784841777,2,0.8808952288223769,1,1,0,0
2647,218,2,7,-0.5434809934133558,1,-0.3201346540054101,0,3,0,1
2648,503,1,5,-0.8823099307249358,2,1.85860259871405,1,1,0,1
2649,680,1,5,-0.7122340084170835,1,1.4136707183592787,1,0,0,0
2650,318,2,8,-0.7697995776520159,0,-0.8770938244720434,2,0,0,1
2651,803,1,6,0.40235193006792264,0,-0.2670464466722925,0,0,0,0
2652,602,1,4,-0.1999749284298688,0,1.8020024152008791,2,1,0,1
2653,706,2,5,0.9223382299982485,0,1.5379480377322612,2,1,0,1
2654,368,1,3,-0.3236102720891996,0,0.32060057710249185,3,0,0,1
2655,670,1,11,0.4858861512800039,2,2.3781848497298146,1,0,0,1
2656,281,2,7,-0.610478796419313,0,-0.34613843118495,1,2,0,1
2657,678,1,3,-0.07043264767009061,0,-1.1066760641066722,3,1,0,1
2658,534,1,3,0.02955129242795239,2,0.4330198487113769,0,0,0,0
2659,610,0,4,0.44062101873215015,1,-1.0460058548441264,3,0,1,1
2660,264,1,6,0.6264762288050877,1,1.4604398632392537,2,2,0,0
2661,320,1,2,-0.6786743074686094,2,0.025808394342853674,0,1,0,0
2662,619,2,7,-0.5133281324305866,1,1.0158354939969578,1,4,0,1
2663,310,2,4,-0.7717952341110645,2,0.8976651083264153,2,0,0,0
2664,592,1,5,0.3933456439151787,1,-0.19880113154754755,0,3,0,0
2665,226,1,3,-0.6867602230556528,1,1.2166583846092296,0,1,0,1
2666,669,2,4,-0.5034204707428016,1,0.6230804489730689,1,0,0,0
2667,253,2,3,0.6445831949453408,1,-1.328922168126223,0,2,0,0
2668,610,1,2,-0.5855523543890185,0,-0.38211205550501015,2,2,0,0
2669,625,1,6,-0.6573696751707562,0,-1.3067011706699376,2,1,0,0
2670,360,1,2,0.06333574708275722,0,1.6373995370335828,3,2,0,1
2671,616,2,5,2.7593607871594004,0,0.3945548173988263,2,0,0,0
2672,552,2,2,-0.9420877805909881,1,-0.9843170845691909,0,0,0,0
2673,392,0,6,0.8234300672875986,1,-1.321867217736649,1,0,0,0
2674,298,2,6,-0.8759893914571263,1,1.0288620714433725,1,3,0,0
2675,107,1,3,-0.5776719141124371,2,1.759008829694758,1,0,0,1
2676,569,1,2,-0.4595679082865066,1,-0.11265139766631607,2,0,0,0
2677,187,2,5,0.28228417927835386,0,-1.547571406517306,1,4,0,1
2678,519,2,6,1.6481238373670122,0,-1.7917620491871598,1,0,0,0
2679,447,1,6,-0.8984276458393713,0,-0.4833313311219829,3,0,0,1
2680,635,1,2,0.38121352666672276,2,-0.8044370577534551,0,2,1,0
2681,439,2,7,-0.6121767526727643,1,0.34723477977452427,0,0,0,1
2682,434,1,2,1.3536901155194043,2,-1.349909375767679,2,1,0,0
2683,646,1,2,-0.6762622326421235,0,-1.6706620295447623,1,0,1,0
2684,567,1,3,0.19608163038153184,1,2.254387262504233,2,0,0,1
2685,563,1,4,-0.8247562534760414,1,-1.1844119128209791,1,0,0,1
2686,593,1,5,2.215108200805542,2,0.5744872578257685,2,2,0,0
2687,192,2,6,-1.0034558002643332,1,-0.7192195118486207,3,2,0,1
2688,651,1,1,-0.7382587461171768,1,0.8255949573904788,1,0,1,0
2689,622,1,1,0.1382298945191214,2,-0.39183225626021684,2,2,0,0
2690,296,1,3,0.945853789504852,2,1.919115319765467,2,1,0,1
2691,451,2,4,4.12314547527345,0,-1.6157285736578881,4,1,0,1
2692,492,0,8,-0.8143467243245732,1,0.0689696739496317,1,0,0,1
2693,473,2,8,-0.6346609669750711,0,1.2715018990613784,1,3,0,1
2694,566,2,2,1.2543968148752396,2,-1.0942951464121033,1,0,0,0
2695,786,1,2,-0.974259252012012,2,-1.0992439568802141,1,0,0,0
2696,716,1,6,0.33643304964656234,0,-0.649594737578636,0,0,0,1
2697,237,1,5,-0.44846272793891834,2,0.4958664498556602,3,0,0,1
2698,624,1,5,0.17946066011099726,1,-0.7857334667661157,1,2,0,0
2699,765,2,2,-0.2509167686526725,1,-1.027007976913092,4,2,0,1
2700,577,1,7,-0.004530888502526118,1,-0.07188183635667424,1,0,0,1
2701,718,0,1,0.10951155433148244,0,-0.3253961304427853,1,0,0,0
2702,902,1,4,0.00680810979413242,2,0.21822891861818117,1,0,0,0
2703,704,1,2,0.1031218427975888,0,-0.7971203681502519,0,0,0,1
2704,549,1,7,-0.1533728609767153,2,1.313354936178519,3,0,0,1
2705,709,1,9,0.26491656629346694,0,1.523672449483024,2,0,0,1
2706,528,1,2,0.5139160817669822,1,3.3467567439013233,2,1,0,1
2707,504,1,3,0.5695002849624958,0,0.43660168372610414,1,0,0,0
2708,429,1,5,0.945776501214901,0,-0.7446830640351644,1,4,0,1
2709,812,1,4,-0.6209780907751578,2,-1.3688165988836376,3,0,1,1
2710,336,1,1,0.3850668186446175,1,-0.9220878052969033,2,0,0,1
2711,806,1,1,1.973312625453031,0,-0.882627535598195,3,2,0,1
2712,599,1,2,-0.5420127645382169,1,1.2663520465268658,1,1,0,0
2713,220,1,2,0.5212885202319592,0,1.8251122808205276,2,0,0,1
2714,573,1,5,-0.657423551774237,0,0.4518464723856464,2,1,0,0
2715,79,1,6,-0.8115025869649811,1,1.2739309541528343,0,1,0,0
2716,625,1,2,-0.4063975929996319,2,1.495676964941567,3,0,1,1
2717,677,1,3,0.6628480657585789,2,-0.6001344231238324,1,1,0,0
2718,381,1,6,-0.6346922635042762,0,1.0791315659518743,2,0,0,0
2719,524,1,1,-0.6524207123699896,1,1.721704346681935,2,0,1,1
2720,890,1,2,-0.6770253923325732,1,-1.0450607285413132,2,3,0,0
2721,398,2,6,-0.7576039874263713,0,-0.6548692650700805,1,0,0,0
2722,288,1,5,-0.04726436763325074,2,-1.5272897980123334,2,0,0,0
2723,796,1,5,-0.7242619583931804,0,0.6741505349331504,2,0,1,0
2724,892,2,1,1.7706897086609692,0,0.8206745184479195,0,3,0,0
2725,500,1,4,-0.5760669604939266,0,0.09420290956650261,2,0,0,0
2726,702,2,1,-0.2127486559660357,2,0.4656481572440919,1,0,0,0
2727,768,1,1,-0.47264424428204277,1,-0.29028477210888787,1,0,0,1
2728,351,1,4,2.337522178234485,0,0.4977624090866558,1,4,0,1
2729,402,2,4,-0.4467697001211292,0,2.694022579952486,4,0,0,1
2730,746,1,1,-0.16427902313227508,0,-0.9691058139254518,2,3,0,0
2731,837,1,5,0.4582495112710241,0,-1.43270744454545,5,0,0,1
2732,612,1,3,-0.8167601703905879,2,1.7580850476063141,0,0,0,1
2733,324,1,1,-0.9741100823142379,2,0.9224572021887375,3,0,0,1
2734,897,1,3,-0.390672313140206,2,-0.8434706341599774,1,0,1,0
2735,393,1,2,-0.19426189687596118,0,-0.9295550883237631,0,3,0,0
2736,432,2,7,-0.6637225886825351,1,-0.6839419673072012,1,1,0,1
2737,568,2,5,-0.37642023178827866,0,-1.0888572656684128,1,0,1,0
2738,810,1,1,-0.03661801553534787,0,0.4191250226935753,2,0,0,0
2739,670,0,6,2.6761058471336616,2,-1.64924983837522,2,2,0,1
2740,582,1,7,-0.07138741479712843,0,-0.8980419210192353,1,0,0,1
2741,592,1,3,-0.4019223493259966,0,-0.3979306059293052,1,2,0,0
2742,508,2,6,-0.9846880842288214,0,-1.5147841060669855,1,1,0,1
2743,611,2,4,-0.6295994948801542,1,-1.0769013116253516,3,0,0,1
2744,64,2,3,-0.5563540728230042,0,-0.289359267925713,1,0,0,0
2745,440,1,3,-0.34872227560418695,0,-0.1019162092512929,2,0,0,0
2746,548,1,4,0.5422228219640587,1,-0.45131695639387776,1,0,0,0
2747,269,2,4,0.5132982470580548,1,0.6594122386035572,2,4,0,1
2748,577,1,6,0.8902004888249949,1,-1.6185398402452444,2,1,1,0
2749,459,1,4,-0.6595318266138896,0,1.7745628299833514,2,0,0,1
2750,851,1,4,-0.5752451223672651,0,-1.611290750093899,0,2,0,0
2751,814,2,6,-0.8422818050796278,2,2.7792223839855015,2,0,0,1
2752,406,1,6,0.9732410440460957,0,-0.2957311103088226,1,0,0,0
2753,469,1,6,0.06641287427350535,0,1.5489494443801437,2,2,0,1
2754,485,1,4,-0.9257622756756756,0,-0.6635337528927022,1,0,0,0
2755,409,1,7,-0.6397666834899064,0,-0.514214106591724,1,0,0,1
2756,539,2,4,-0.8393017349053185,1,-1.0027495632791938,1,0,0,0
2757,348,1,3,2.532773677985232,2,-0.1881697291835657,0,0,0,0
2758,273,1,3,-0.6087034176339139,0,-1.079000420518903,0,2,0,0
2759,624,1,5,-0.3100334856454157,1,0.10873215817960802,0,1,0,0
2760,625,1,4,-0.6187444756452967,0,1.2043885313550808,2,1,1,0
2761,339,1,3,-0.35385842229552916,2,-1.066301009094782,1,4,0,0
2762,679,1,3,5.691919474345546,0,-0.5275190382738865,3,1,1,1
2763,373,1,1,-0.6632549272521645,0,-1.4331576873331253,2,0,0,0
2764,550,1,5,-0.6700356625687287,0,0.21719393927373265,1,0,0,0
2765,664,2,1,-0.5357037088216737,0,-1.4697133931667203,1,0,0,0
2766,493,2,2,-0.819187082446516,1,-0.7118672295844064,2,0,0,0
2767,590,1,8,0.3582908088796682,1,0.9242521967064935,0,1,1,1
2768,396,1,5,-0.5227412619731318,1,1.4552910749915846,1,2,0,0
2769,460,2,5,-0.12345834861575765,2,1.1211530557753662,1,0,1,0
2770,458,1,3,0.09328517175081916,0,1.8079105904142883,1,2,0,1
2771,350,1,1,-0.9711599452086181,1,-0.43910820471837697,0,0,0,0
2772,464,2,2,0.0426167047302196,0,2.1437895847999537,1,0,0,1
2773,190,1,6,-0.2339293446344154,1,-0.4105616378176362,1,1,1,0
2774,401,1,4,-0.9199011216510424,2,0.8427283185879463,3,0,0,1
2775,443,1,2,-0.8726472240302516,2,-0.24825423407256533,3,0,0,1
2776,448,1,3,-0.4166866291058696,1,0.5555174094186698,2,0,0,0
2777,451,2,6,-0.5754810676204967,2,-0.6505774968837498,0,0,0,0
2778,487,1,3,-0.42267583000872544,1,0.6337822088328566,2,2,0,0
2779,595,1,4,0.01865182060068615,2,-0.09292436910722425,2,0,1,0
2780,674,2,4,-0.8372592574307827,2,0.7120096330328592,3,2,0,1
2781,370,2,7,0.0967188981675864,0,-1.2702871396676925,1,2,0,1
2782,259,1,3,0.7257033036516218,0,0.10625175944385326,4,3,0,1
2783,291,1,5,-1.00488093002538,0,-1.0759226358634921,2,0,0,0
2784,402,1,5,-0.5404107435423453,0,0.4024721907183882,1,0,0,0
2785,429,2,4,-0.6805499457030388,0,0.4662065513617171,2,2,0,0
2786,346,1,4,-0.4325651880366053,0,-0.29271739955343046,1,0,0,0
2787,240,1,2,-0.0363054181105564,0,0.30229606869455183,2,0,0,0
2788,408,1,3,-0.7965895376142283,0,-0.8905654241177446,1,2,0,0
2789,536,1,2,-0.8614225931288729,0,2.6774495041342075,0,0,0,1
2790,619,1,5,0.3194758620374442,2,-0.3842757604843403,1,0,0,0
2791,388,1,3,0.169492224909459,2,1.1051295067328837,2,2,0,0
2792,417,1,1,-0.3795568853473319,2,-0.2964963769428774,0,2,0,0
2793,314,1,7,-0.30017844171253794,2,0.2428197982582145,3,2,0,1
2794,493,1,2,-0.6879687061306518,1,-0.9516259083312298,1,1,0,0
2795,330,1,5,-0.6017884428520084,1,0.8116442560132409,2,0,0,0
2796,614,2,3,-0.6154877988263617,0,1.533314598112195,0,0,0,1
2797,142,2,4,0.3101294242923604,0,0.12083630749931946,0,4,0,1
2798,428,1,2,-0.18287672070299107,1,-0.8113971967570959,1,0,0,0
2799,560,1,7,0.32191781555731797,0,0.06657902480522603,1,4,0,1
2800,536,1,3,-0.09925144814084717,0,2.1018243780570316,5,2,1,1
2801,1038,1,4,-0.20552713856196497,0,-1.330962059684062,2,2,0,0
2802,569,1,3,-0.6147405078972814,0,-0.6532147425046496,2,0,1,0
2803,299,1,5,-0.495966740153058,0,-0.3949010071318325,2,1,1,0
2804,480,2,1,1.2133470734660317,2,-1.340312050867605,3,0,0,1
2805,144,1,5,-0.13534872904085818,1,0.9283682307384283,3,1,1,1
2806,483,1,2,-0.25186859682587537,0,-0.4555002484764586,0,0,0,1
2807,333,1,4,-0.952335676884296,0,0.9194247597085823,1,2,0,0
2808,683,2,1,0.1224868321526629,0,-0.6378897215415338,1,1,0,0
2809,390,1,3,0.17034803816196104,0,-0.8524895073722436,2,1,0,0
2810,476,2,5,0.185487715446329,0,-1.2995336492679985,3,1,0,1
2811,372,1,4,-0.9105745630350949,1,-0.6288297404920499,3,4,0,1
2812,847,2,1,-0.6444324615645336,1,0.39294150560128355,4,4,0,1
2813,435,2,6,-0.535952076787028,0,0.4283350293585358,3,0,0,1
2814,866,2,4,0.7736249082854414,1,1.3487372424531205,1,0,0,0
2815,662,1,3,3.0058037613815456,1,2.7594240844721925,1,0,0,1
2816,596,1,4,-0.4629978592928206,2,0.3380381797298468,1,2,0,0
2817,573,1,7,-0.18599032968426943,1,-0.45558445087058996,2,2,0,1
2818,578,2,4,-1.0003734237279396,1,-0.5422835293366942,2,2,0,0
2819,114,1,5,-0.9988948462849121,1,0.8648897227459484,3,0,0,1
2820,444,1,4,-0.9291192812839939,0,-0.44005349834769153,1,0,1,1
2821,669,1,3,0.2849168377008633,2,1.4014969284261098,2,0,0,0
2822,490,1,5,-0.808330368673918,1,0.3449194129672357,3,1,0,1
2823,218,1,2,0.4345627609953573,1,-0.14497258507495325,0,0,0,1
2824,489,1,4,-0.4327865342572507,1,-1.3686375188330957,1,0,0,1
2825,840,1,2,0.9214621561323704,0,-0.08204311169995876,0,4,1,0
2826,749,1,6,1.069696506613898,2,0.042712138792422236,2,3,0,0
2827,487,2,3,1.1472134115929975,2,-0.7950545243051098,0,0,0,0
2828,690,2,2,-0.210292151776294,0,0.7990003559324363,3,1,0,1
2829,426,2,2,0.5722474263041297,0,-0.11495656503476717,2,0,1,0
2830,159,1,8,0.09511604654536585,0,0.7304562951724772,0,2,0,1
2831,315,2,3,-0.797660740147705,0,-1.2536112542015578,2,0,0,0
2832,812,1,4,-0.5191684461083134,0,-0.06885314873905925,0,4,1,1
2833,445,1,3,2.3279275791555922,2,0.8108266131095452,2,2,0,0
2834,451,1,5,0.4983296922969965,1,-0.20508282534368763,2,0,0,0
2835,440,1,2,-0.6974902714110935,1,-0.7263430632364898,3,2,0,1
2836,880,1,1,-0.6723690888487708,2,-0.2385627073092724,1,1,0,0
2837,825,0,5,-0.709579954387344,1,-0.9160164278705392,2,0,0,1
2838,943,1,10,-0.6023403383610428,0,-0.6700449874887762,2,0,0,1
2839,468,1,4,1.672534044163848,0,-1.3825307013224557,4,0,0,1
2840,559,1,4,-0.4297993371409778,0,-0.5673901302809039,1,0,0,0
2841,196,1,8,-0.5471703341334521,0,-0.29606703850780175,3,0,0,1
2842,795,1,6,-0.7298311210449488,2,-1.2045948161553421,1,0,0,0
2843,266,1,1,1.2596396659164977,1,-1.4753454947942064,1,0,0,1
2844,543,2,3,2.201402476735875,0,-0.7360550117815552,1,0,0,0
2845,280,1,2,-0.6103004719091013,1,0.47954721697433766,1,0,1,0
2846,382,1,4,-0.03266459999636928,0,-0.6124218667976706,2,1,0,0
2847,332,2,1,2.226937564147368,0,1.4065229457126975,2,0,0,1
2848,378,2,1,-0.3039298836526469,0,2.141387002786341,1,1,0,1
2849,392,2,1,-0.36470093729898106,2,-0.5461000228653053,0,0,0,1
2850,390,1,5,-0.2449174820008692,0,-0.3192707233127714,1,0,1,0
2851,666,1,3,-0.9735545467525469,2,2.459744842840119,0,2,1,1
2852,279,1,2,-0.6449212260778393,1,1.075472838402906,2,0,0,0
2853,544,2,3,0.213270426845094,1,-1.1082172681418778,2,0,0,0
2854,743,2,2,2.453370387007358,2,0.725558357354433,1,3,0,0
2855,397,1,4,-0.15243749418308236,0,-0.4216069388594275,3,0,1,1
2856,356,1,5,-0.7929443060521109,2,0.2833681847570291,2,3,0,0
2857,453,2,3,-0.4418102353677564,0,0.21587956719863802,5,4,0,1
2858,735,1,3,-0.3229743985930923,2,-1.1341424019474873,0,0,0,0
2859,538,1,2,-0.8399021780546474,2,-0.606243558596619,2,0,0,0
2860,393,1,1,-0.6016312428336973,2,-1.274577101537715,1,0,0,0
2861,596,1,4,-0.40889758060501274,2,0.40524823514229313,1,0,0,0
2862,279,0,4,-0.6989957206383155,0,-0.4367374493654055,0,0,0,0
2863,636,1,2,-0.5636204232436595,2,-0.4304228140018367,0,0,0,0
2864,581,1,3,-0.6790378955485796,0,-1.0785016420872975,1,1,0,0
2865,438,1,2,-0.04278083972182762,1,-1.098347457188655,2,0,0,1
2866,332,1,5,-0.12891845033477975,2,1.1529562527830401,2,0,0,0
2867,322,1,3,-0.19187301452652047,0,0.25845378805189245,1,0,0,0
2868,606,1,7,-0.9043854968400104,0,0.9552240484932625,0,0,0,1
2869,745,1,6,-0.8015993931266006,2,-0.715828666628984,3,0,0,1
2870,372,1,2,-0.8883928269148033,0,-1.2658717119039744,2,2,0,0
2871,591,2,3,-0.9413746644504176,0,0.007870562231569862,0,1,0,0
2872,82,1,6,-0.7195558946583156,1,-0.17975138717047767,0,4,0,1
2873,383,1,7,-0.787848621822019,2,-0.591132364572012,1,4,0,1
2874,493,0,3,0.3051661842521009,2,-1.7490295500996635,0,0,0,0
2875,318,1,4,0.2028312308918982,1,-0.6047945063398591,2,0,0,0
2876,312,2,5,-0.7792031848586766,1,0.7157535850244646,1,2,0,1
2877,366,1,5,-0.823771959922404,2,-0.7004057905294107,1,0,0,0
2878,558,2,4,-0.8486570327223345,0,-0.08205187467178611,1,2,0,0
2879,462,2,3,-0.6155365731027878,1,-0.9417208070281445,2,2,0,0
2880,64,1,7,-0.653505653920826,0,-1.0818604130708849,3,0,0,1
2881,75,2,7,-0.9784161301273309,2,1.156731830014387,1,1,0,1
2882,378,2,5,-0.1544972725028813,1,-0.841216634785772,1,0,1,0
2883,591,1,4,1.314238365573721,1,1.1942520628463726,3,0,0,1
2884,64,1,3,-0.22059117054684085,0,0.11781497221304268,2,0,0,0
2885,400,1,4,-0.9408021083003553,1,-1.5271569733339483,0,0,0,1
2886,394,2,1,-0.07705744357700053,0,-0.6809233955197381,0,0,1,1
2887,777,1,2,-0.33302335685914747,0,-0.8423632407372104,3,2,0,1
2888,422,1,5,1.4070983271713324,2,1.0132162616025882,1,0,0,1
2889,576,1,1,-0.5488215596938189,2,1.6451581956394354,3,2,0,1
2890,528,1,5,0.4102139585657307,0,0.33440322880719864,1,0,0,1
2891,73,1,6,-0.9679952095121482,0,0.41755145875150934,1,0,0,0
2892,653,1,5,0.2922911918150774,0,-0.6773103837940051,4,2,1,1
2893,543,2,4,-0.9647253853990937,1,0.3928666663234309,1,0,0,0
2894,601,1,5,-0.5779557444156954,0,1.4875861592152544,4,0,0,1
2895,1285,1,2,2.0008455859592775,1,-0.4234934427187896,2,4,0,0
2896,83,1,6,0.2276050348857188,0,-0.45244179025378173,2,1,0,1
2897,844,1,5,1.6269765670699186,0,0.14127705939897187,0,0,1,0
2898,442,1,2,-0.31127365421074515,1,0.1898167188983266,0,0,1,0
2899,557,1,5,-0.05998504607186346,2,-0.05513339871240415,2,0,1,0
2900,490,1,4,-0.26611317927150424,2,-0.5891189242652045,1,0,1,0
2901,415,1,4,-0.34498191319305516,1,-1.2957764994284329,2,1,0,1
2902,386,1,7,-0.12981589108023278,0,-1.0131637427672429,1,0,1,1
2903,565,1,3,-0.9675094779894223,0,-0.05649494216242641,2,0,0,0
2904,196,0,6,-0.7989471009932188,1,0.004158793275665144,2,1,0,1
2905,650,1,11,-0.7621459773861342,0,-1.6062071452779487,1,0,0,1
2906,416,2,4,-0.5169752894149428,0,-1.0684185439003064,3,2,0,1
2907,273,2,2,-0.42797911091129187,2,-0.6656173184206887,4,2,0,1
2908,409,1,5,0.36112535173724614,0,-0.9240180865651821,1,0,0,0
2909,751,2,4,-0.82380078026432,2,0.566118569525379,1,2,0,0
2910,392,1,4,-0.14972694476249299,0,-0.3438683820899966,2,1,0,0
2911,571,1,8,-0.6845809926297366,0,-0.21235669559862685,2,1,0,1
2912,353,1,5,-0.27052112153307056,1,0.2781424259996638,2,2,0,1
2913,651,2,3,-0.005884400787023798,0,1.3865737237349873,2,0,0,1
2914,637,1,4,-0.11958844453794223,2,0.5037151829203833,3,0,0,1
2915,869,2,6,-0.7611622561584246,1,0.680352963097294,0,0,1,0
2916,464,1,5,0.24924602032302606,1,-0.3536771311229332,1,3,0,0
2917,633,2,8,0.07096410749566498,1,-1.747943535805033,2,0,0,1
2918,519,1,5,1.7263668713646265,2,-1.4809630385606078,2,0,0,0
2919,759,1,7,0.014855048791768358,2,-0.18845365069627115,1,1,0,1
2920,356,1,3,0.28803219712977784,0,-0.31064701941137085,1,0,0,0
2921,649,1,3,0.6867603976870542,2,-1.1152925183020646,0,1,0,0
2922,461,1,3,-0.8938946133216935,1,0.4133971571193236,1,0,0,0
2923,487,2,3,0.20432880891921845,1,-1.0487790431222528,1,0,1,0
2924,518,1,2,-0.6177326757270003,0,-0.1566902076560575,2,2,0,0
2925,550,2,5,0.754184970429204,0,-0.03937571841610042,1,2,0,0
2926,476,1,5,-0.3424104095716855,1,1.3065984640301327,2,0,1,1
2927,542,2,3,-0.12404765291850428,0,0.17805371586868976,2,0,0,0
2928,815,1,5,-0.7011494454760782,0,-1.6237385204286339,1,2,0,1
2929,697,1,2,0.06154028007553099,0,-0.3229288863609268,3,1,0,1
2930,673,2,6,-0.9709430220037107,0,-1.0363413135333854,1,0,0,1
2931,408,1,5,0.3963344050216756,1,-0.801731042472535,0,2,0,1
2932,322,1,3,-0.8265325103252582,1,1.5482203590564299,3,1,0,1
2933,691,1,4,-0.7452316148400998,0,-1.1808748975913566,3,4,0,1
2934,675,1,1,-1.0069373274890783,0,0.6568388192110227,1,0,0,1
2935,794,1,2,-0.6257692312794237,0,1.7153245354049356,2,0,0,1
2936,379,2,4,-0.5080362584727737,1,0.997119014999462,2,0,1,0
2937,454,1,6,-0.7367359567807971,1,-0.6597970180008526,1,0,0,0
2938,172,1,3,-0.7417549244089497,0,0.7179665991686245,1,0,0,0
2939,421,1,5,1.265070089003576,0,0.3688215993343061,1,0,0,0
2940,699,1,2,-0.6059141228896768,0,0.4992104695975688,2,0,0,0
2941,406,1,7,0.295176733768546,2,-0.7019403107678592,1,0,0,1
2942,628,2,4,-0.7322357033237737,0,0.17232386986123074,2,1,0,0
2943,461,2,2,0.6761248651250311,1,1.4680475034130545,0,1,0,0
2944,564,1,4,0.1438884452028723,0,1.1802848421325833,1,0,1,0
2945,270,2,6,0.42767668920896146,0,-0.5733268177956983,0,0,0,1
2946,517,1,3,-0.4189787689256623,2,1.6125846430109667,2,3,0,1
2947,64,2,3,1.1449447056403776,2,-0.003072206976973136,1,2,0,1
2948,462,1,5,-0.5314348952884954,1,1.4657102569554201,3,0,0,1
2949,173,1,3,-0.0736378782989674,0,0.5019976804549195,1,1,1,0
2950,741,1,2,0.03144827076525358,1,-0.5248408835993378,1,0,0,0
2951,655,1,5,2.085916621536988,1,-0.22334693376737838,1,1,0,1
2952,593,1,2,-0.8609208343405859,0,-1.331875035694981,1,0,0,0
2953,804,1,8,-0.8596479611456184,1,-0.3215959378115107,2,2,0,1
2954,310,1,1,-0.3772775406647187,0,0.1788686665641776,1,2,0,0
2955,849,1,1,1.534365776369714,0,-1.7571313497646008,2,0,0,0
2956,686,1,5,-0.9855652729412653,0,-0.7764530502057128,2,2,0,0
2957,452,1,4,-0.6789939837385626,1,-0.7652399008172179,2,0,1,0
2958,727,1,5,-0.6686676155601265,0,0.7809508061759068,3,1,1,1
2959,278,1,3,-0.6378725447834918,2,1.1163847045652702,0,0,0,0
2960,335,1,2,-0.9824208749270724,0,0.2325111599595859,2,0,0,1
2961,378,2,4,0.7684177227928088,0,-1.5829762364535869,1,2,0,1
2962,394,2,5,-0.9987612694231478,2,-1.0282616835795835,2,4,0,1
2963,288,1,6,-0.347244571688231,0,0.011228873641661731,0,0,0,0
2964,744,1,4,-0.9488628580808729,0,-0.9100701790238138,1,0,1,1
2965,448,1,2,0.6222021854283813,0,-1.6907664843706323,1,0,0,0
2966,570,2,5,0.38832222458828874,0,1.6171651067621913,2,0,1,1
2967,385,1,5,0.2924291572654122,1,1.7458920074907132,3,2,0,1
2968,135,1,2,0.34772025400730927,1,-1.099887856254247,1,2,0,0
2969,554,1,5,1.8576884853443054,0,-0.09346614707204631,1,0,0,0
2970,117,1,5,-0.4594057629568965,0,-0.4203886234504878,1,0,1,1
2971,486,1,2,1.003349653511908,0,-1.2823796152809162,2,1,0,0
2972,226,1,4,-0.8007586519527468,2,0.7475343164499327,1,0,1,0
2973,897,1,3,-0.3974703249377424,2,-0.9253062776910995,3,0,0,1
2974,682,1,1,-0.9987616370670972,2,-0.31058171506879373,4,0,0,1
2975,521,1,5,-0.667880845558944,0,-0.9058766319984672,3,1,0,1
2976,752,1,1,-0.38460945162096477,2,0.039007129812211244,2,3,0,0
2977,330,1,3,1.4332322977104064,1,-1.3239735271058433,2,1,0,1
2978,608,2,6,-0.6201607204568791,1,-0.10136897982518245,2,0,0,0
2979,539,1,5,0.1271932181941041,1,-0.25833628386773616,2,0,0,0
2980,552,1,3,0.8183846175114724,1,0.1285245356732957,1,1,0,0
2981,754,1,3,-0.6057974995652827,1,-0.7117809967437903,3,1,0,1
2982,646,1,1,-0.8192955236480322,0,1.5130289440559233,2,0,0,0
2983,557,1,7,-0.0980641844032105,0,-1.0033677567057278,0,1,0,1
2984,169,1,5,-0.6675347458569162,2,0.9623512785291172,1,0,0,0
2985,307,1,4,0.0670475555778295,0,-0.34730653872018874,1,4,0,1
2986,475,1,4,-0.8607112154624279,0,2.138606710594944,0,3,0,1
2987,518,1,4,-0.8406575561180968,0,-0.2465407738820133,1,1,0,0
2988,273,1,5,0.13816383620098074,0,0.6036480912620094,1,0,0,0
2989,982,1,5,2.6870666790984252,1,0.280243112996494,0,0,0,0
2990,803,1,3,-0.7194661777426206,1,1.0242647454203015,0,2,1,0
2991,620,1,7,0.2649786943009692,1,-0.12938215407306836,1,0,0,1
2992,514,1,5,-0.23551447596754585,0,0.3546669293718385,0,2,0,0
2993,457,1,4,0.8807487530641133,0,-0.3329925698662315,3,1,0,1
2994,309,1,8,-0.5069770164965978,1,1.4876903514915525,4,0,0,1
2995,515,1,4,2.618445935876409,0,-0.766675622759976,1,0,0,0
2996,551,2,1,-0.9204039590060646,2,0.6423720120545322,2,1,0,0
2997,251,2,2,3.239998652395996,1,1.3214263327758071,3,0,0,1
2998,566,1,6,0.8964738068594645,0,-0.4069013933006544,2,0,0,0
2999,468,1,2,1.0398783293616416,0,0.036268782674169525,1,0,0,0
3000,118,1,5,0.8714250581513722,2,-0.06918927227123173,1,2,0,1
3001,327,1,3,1.0054743957672323,0,-0.10194878359033106,2,2,0,0
3002,417,2,4,0.7092075533233877,1,-0.7637988209399921,1,2,0,0
3003,877,2,1,1.3291661884584196,1,-1.0289650500241827,2,0,1,1
3004,611,2,4,-0.3796394188404752,2,1.5738978279672482,0,2,0,1
3005,232,1,3,1.8416705424072901,0,-1.7876973688293256,1,1,0,0
3006,597,1,4,-0.513485491573661,0,1.4230044310119656,1,2,0,0
3007,190,2,4,0.31826960541722293,0,0.5302632100158814,2,1,0,0
3008,716,1,2,0.25239950385304843,1,2.915345368081366,4,0,0,1
3009,405,2,2,0.7413137387937552,0,0.41889920766812905,2,3,0,0
3010,481,1,3,0.35592003771993674,1,-0.8566315772732458,2,0,0,0
3011,765,1,2,-0.9712275607780706,1,0.4260305588820662,0,0,0,1
3012,242,1,4,0.3589187392995435,1,-0.9230938804565978,2,2,0,1
3013,220,1,7,-0.9838883605850561,0,-0.385350058202669,2,4,0,1
3014,383,1,3,-0.23292542836779892,1,0.349374376163077,3,0,1,1
3015,707,1,5,0.8493737870283965,2,-0.586699136252827,4,0,1,1
3016,196,1,4,0.7918318979049771,0,0.6032037158021226,2,0,0,1
3017,64,1,5,0.8644118387668156,1,-0.3049008994528614,2,0,0,0
3018,409,1,3,-0.06976819821221293,1,0.40845877373781525,2,3,1,0
3019,610,1,5,-0.8012824252507638,0,-0.9208504687365824,1,3,0,1
3020,740,2,3,-0.2865129169445321,0,-0.052664443946515975,3,1,0,1
3021,407,1,2,-0.2693483865300592,2,-0.8596273467662608,2,0,0,0
3022,417,1,3,-0.6084549991314226,1,-0.504961317115125,0,0,0,0
3023,730,0,2,-0.44661469864587844,0,0.09175035029175309,3,0,0,1
3024,126,2,3,1.0843921429579526,2,-0.6082254602740688,2,2,0,0
3025,422,1,7,-0.26573447295626157,1,-0.13027230335318488,3,4,0,1
3026,538,2,4,0.23289281277438514,0,-0.3223406250903543,3,1,1,1
3027,589,1,1,-0.31135735683742377,1,-0.15604823617473404,1,0,0,0
3028,398,1,5,-0.03049231611656157,0,-0.5611102867995392,1,2,1,0
3029,506,1,4,-0.9090458632973765,0,-0.5391044657241695,2,2,0,0
3030,64,1,1,1.717207992146021,0,0.896930073151123,2,2,0,1
3031,368,2,1,-0.42549756384407306,0,0.3150934804430287,2,0,0,0
3032,590,2,5,0.3952362400072161,2,-0.19048349693198832,1,2,1,1
3033,303,0,5,0.11084708953832206,0,-0.9124625737889881,2,2,0,1
3034,511,2,4,0.625380068850561,0,0.8419664572710157,0,4,0,1
3035,589,1,1,-0.9717615752286956,1,-0.9255626655085093,1,0,0,0
3036,431,1,2,1.7777299276242673,2,-1.5167098156616254,0,0,0,1
3037,534,0,5,0.7928570161925806,0,-1.2822241897415327,1,1,0,0
3038,307,2,4,0.8171281064396351,2,1.3087986366451725,1,0,0,1
3039,458,2,10,-0.3676615728687732,0,0.2181484237593151,1,4,1,1
3040,622,2,1,0.6105498181228934,0,0.03209482091859896,2,0,0,0
3041,531,1,1,-0.1371410644054725,0,-0.8976982210299665,0,0,0,0
3042,382,2,6,-0.2957730139829951,0,1.2375875540603836,1,2,0,0
3043,544,2,4,0.555149172873519,2,-0.16254027770729015,0,4,0,1
3044,642,0,3,-0.0026521722114852394,2,-0.9206153434596416,1,0,0,0
3045,90,1,3,-0.9261916326430564,1,0.019474528525233677,2,2,0,1
3046,731,1,4,-0.6237903896073758,0,1.4057444614316008,0,0,0,0
3047,432,1,2,-0.018129853594364368,0,-0.3830805707156668,2,0,0,0
3048,585,1,4,1.3734779802464687,1,-0.5748145404918718,1,2,0,0
3049,739,1,6,1.741398681211377,0,-1.3543736639958517,3,0,0,1
3050,225,1,3,0.8491358242954997,0,2.3776760278833438,3,0,1,1
3051,358,1,3,-0.7094007232116172,0,-0.33867296000065117,2,2,0,0
3052,442,1,6,-0.35562648696108407,0,0.25640588215649857,2,0,0,1
3053,343,1,7,-0.4300720328527676,0,-1.412374979118153,2,0,0,1
3054,846,1,5,-0.42052277823333656,0,-0.46473152583765,2,0,1,0
3055,328,1,1,-0.9559244322580113,0,0.21170501971850375,1,0,0,0
3056,388,1,7,-0.8138823281501767,1,-1.1111419553522013,3,4,0,1
3057,540,1,2,-0.8386590858647736,0,-0.5635914527895575,2,0,0,0
3058,259,1,7,-0.031031212968779982,0,0.6404771444149595,2,0,0,1
3059,420,1,4,-0.46811033787453216,0,0.6683646979595274,0,2,0,0
3060,563,1,1,-0.6090268443618027,0,0.7263321449092358,2,0,0,0
3061,433,2,2,-0.4110204095982747,1,0.4940284077918236,3,3,0,1
3062,481,1,5,-0.6092886848585513,0,-0.0159179778884861,1,4,0,1
3063,394,1,3,0.4329713219053755,2,-0.4023927589897663,0,0,0,1
3064,197,2,4,-0.8219685839089864,2,0.6626029377704558,3,2,0,1
3065,564,1,7,-0.949104575176269,2,-1.2956589502663007,1,1,0,1
3066,850,0,6,0.06194873966644557,2,-0.21126932126452674,2,0,0,0
3067,503,2,4,-0.741267609276018,1,0.5508277707086799,4,0,0,1
3068,545,1,5,0.04076557603284488,2,1.3360837532499559,1,1,0,0
3069,638,1,4,-0.9465074936647108,1,0.6746761484532033,0,0,0,0
3070,246,1,2,-0.7191949438715161,0,0.6211150648602766,2,3,0,0
3071,840,1,3,-0.8379097281407378,1,-0.6069693929710192,0,2,1,0
3072,540,1,4,-0.6585561805158711,1,1.3166291013129758,1,2,0,0
3073,826,1,6,-0.6022793771832622,0,0.378449750639646,2,2,1,0
3074,353,2,3,-0.31259656644472894,1,0.2368934700377579,2,1,1,0
3075,863,1,8,-0.26105932787964237,2,0.7670804270629816,2,1,0,1
3076,655,1,3,0.0036469064602752733,1,-0.1261555648892383,1,3,1,1
3077,610,1,5,-0.5980320041274265,0,-0.5406976541251768,1,0,1,0
3078,546,1,2,-0.2355565727106461,0,1.020512040695954,1,4,0,0
3079,450,1,7,3.6879983499364895,1,0.14867206458469676,2,1,0,1
3080,740,1,2,-0.7672901036505471,0,-0.1928581728969343,2,0,1,1
3081,528,1,5,-0.8393248350522641,1,1.8962831421764752,1,0,0,1
3082,106,0,6,0.8724624748749169,0,-1.3978614542306331,0,0,1,0
3083,276,1,4,-0.47058478555461164,0,-0.5031960187195849,0,2,0,1
3084,462,1,1,0.900758360520673,2,0.7313897003635584,2,2,0,0
3085,561,1,3,-0.4455726461498495,0,-1.5667705921295316,0,2,0,0
3086,488,1,4,-0.9855655288204722,2,0.5487272235042064,1,0,0,0
3087,743,1,3,-0.5300356319335697,2,-0.04424741465716763,2,2,0,0
3088,109,2,4,-0.04982501200035001,0,1.4301747877080153,2,0,0,0
3089,528,2,1,-0.40432322932088754,2,-0.439442501324327,2,0,1,0
3090,136,1,2,-0.38238549259461846,1,-0.8742468455728488,3,0,0,1
3091,651,1,5,5.487811553367711,0,2.0703231727934184,1,2,0,1
3092,481,1,3,-0.20889973285368876,0,-1.0311494026409618,0,1,0,0
3093,583,1,3,0.20635881690804003,2,-0.26378001298084763,0,0,0,0
3094,327,1,5,0.2903933632820436,1,1.6459726825421235,1,0,1,1
3095,755,1,3,-1.00722788621694,0,-1.0934688224502123,2,0,0,0
3096,708,1,2,-0.19013431615343473,0,0.9765533898418864,2,2,0,1
3097,616,1,6,2.346854579550043,1,-1.1825174286679134,1,2,0,0
3098,474,2,7,0.4054712856396202,0,0.7231644657503128,0,0,1,1
3099,615,2,3,-0.5845893749753854,0,1.1408643568065713,3,2,0,1
3100,358,1,4,-0.5466601829552974,1,0.3116168078318076,1,4,0,1
3101,671,1,8,-0.6398248142296932,1,1.8477286238942934,0,2,1,1
3102,829,2,5,0.003950044901234696,0,-0.38636954325878514,2,2,0,1
3103,714,1,1,-0.903732008015627,1,-1.0662196012290572,2,0,0,1
3104,354,2,4,-0.6595205743418134,0,-0.009540129743612229,2,4,0,1
3105,572,1,4,-0.30649826188622653,1,-0.38918271526013165,1,0,0,0
3106,241,1,5,-0.22858706048577285,0,0.007605914659994806,3,0,1,1
3107,614,1,4,-0.056904084944050484,1,0.07047538523433972,0,1,0,0
3108,590,2,2,0.6150594688993875,1,-1.469277118614792,0,0,0,0
3109,126,1,4,-0.8266047321236968,0,0.18719960888491888,1,0,0,0
3110,267,1,2,-0.7485960248551098,1,-1.4047448237361049,3,1,0,1
3111,443,1,3,1.0854759407246193,2,-1.379485145696313,2,0,0,0
3112,439,2,4,0.8013279200482282,2,0.9969725071538422,3,0,0,1
3113,258,2,3,0.7451497138301869,1,0.21429045429626772,2,0,0,0
3114,577,0,7,-0.769894031994608,2,-0.8994634369304843,2,0,0,1
3115,550,0,5,-0.9468154507284906,1,-1.492648946182073,2,2,0,0
3116,461,1,5,-0.2540914383299629,0,-0.11363668353515413,1,1,0,0
3117,348,1,7,1.0675531340537077,1,0.8367122064665303,0,0,0,1
3118,709,1,6,-0.7320551207860586,2,-0.003532325255744395,3,0,1,1
3119,831,1,5,1.3777093672946228,0,0.30255920354679744,3,0,0,1
3120,403,2,10,-0.8526495397512617,0,-0.37865893259147804,1,0,1,1
3121,377,2,5,-0.64785659202767,2,-0.4139429182254406,2,0,0,0
3122,598,1,3,-0.6475782843654135,1,-1.84738834466326,1,0,1,1
3123,428,1,2,-0.8412504092017665,0,-0.0996555781166039,0,0,1,0
3124,472,2,1,1.0891895948301726,1,1.496387214056612,0,0,0,1
3125,647,1,5,-0.46674065954394756,0,-0.6711674593985968,1,0,0,0
3126,118,1,9,-0.7927160975773858,0,-0.3394807783249517,2,3,0,1
3127,763,1,3,-0.845859818218271,0,-0.7886079417560611,2,0,0,0
3128,514,1,5,-0.4522244709325501,0,-0.24240623880570955,2,0,0,0
3129,417,1,5,-0.9901259975524971,1,-0.8938570358401805,2,0,0,0
3130,482,1,3,-0.8766245750095579,0,0.9876281113214632,4,0,0,1
3131,492,1,7,-1.004095319319581,2,0.6955932220836338,0,3,0,1
3132,153,0,2,-0.9827540140858392,1,0.5274791808798523,1,0,0,0
3133,798,1,9,5.035859379811393,0,0.06300318743819264,3,3,0,1
3134,508,1,6,-0.40186344259363305,0,-1.1761078054201302,1,0,0,0
3135,588,0,3,0.3197998671972776,2,0.0565172090304908,1,1,0,0
3136,690,1,1,0.350871257532585,1,0.9580660709689377,1,0,0,0
3137,295,1,9,1.1520881815705428,0,-1.5942088509606855,2,1,0,1
3138,594,2,7,-0.8964608367026936,0,-1.4195855761180685,2,2,1,1
3139,446,1,4,-0.2492619232653542,0,1.5944400906955063,1,0,1,1
3140,669,2,1,-0.6130363856130697,1,0.8910787306233173,0,0,0,1
3141,74,1,5,-0.19913631026911066,1,-0.22513640090961556,3,2,1,1
3142,480,1,5,-0.59732046201964,2,1.157821233250794,1,0,1,0
3143,379,1,2,-0.8014744352303597,2,1.6838040297304477,3,2,0,1
3144,586,1,5,0.12849392510185445,0,-1.4381304602179783,1,2,0,0
3145,594,2,5,-0.968007173083994,2,0.6848133695726643,4,0,0,1
3146,358,1,5,1.2881829724020528,2,1.8643394546605663,1,2,0,1
3147,357,2,2,-0.8470265648075456,1,0.012955435518892923,2,3,0,0
3148,477,2,2,-0.03666090312284174,0,-1.7883381025588754,2,3,1,0
3149,320,1,5,0.4193701553270564,0,1.2243116223157398,1,0,0,0
3150,668,2,6,-0.930846207046714,0,1.347654040856113,0,2,0,0
3151,426,1,4,1.3681385453282409,0,-1.5556290653902418,0,0,0,0
3152,64,1,1,-0.5600079476829445,2,1.7792787125987881,1,0,0,1
3153,425,2,3,4.811778211816233,2,-0.517221764182448,0,2,0,0
3154,292,1,4,-0.935384137331828,1,-0.7848044696819232,3,0,0,1
3155,173,1,6,0.27519964055438545,1,-0.9546885074072385,2,0,0,0
3156,252,1,3,-0.8296655945229017,0,-1.6077312629869993,2,2,0,0
3157,521,1,4,-0.4837348901232502,1,-0.6501724457510426,2,1,0,1
3158,765,1,10,-0.41228641318173365,1,0.07107032622061034,2,0,0,1
3159,562,1,3,-0.4778222911013238,0,0.14621087097877336,0,0,0,0
3160,378,1,2,-0.5889813941929299,1,0.5425832347144164,2,2,0,0
3161,591,1,10,0.47465900684440127,0,-0.4406191831564353,1,1,0,1
3162,408,1,7,0.7356113883790438,0,2.465365943463021,0,3,0,1
3163,361,1,4,-0.5919846251371151,1,0.49785574300306035,2,0,0,0
3164,269,1,4,-0.3375770577523028,1,-1.3187376390533574,1,2,0,0
3165,149,2,5,-0.45074120160034814,1,-0.6644774857238273,1,2,0,0
3166,422,1,4,-0.09226890048055708,1,-0.7624098144816633,2,0,0,0
3167,531,1,1,-0.842249326811097,0,0.7039784924202551,0,0,0,1
3168,480,1,6,0.6584038487493677,2,-0.5600421902217988,1,1,0,0
3169,416,1,4,0.6139953240110672,1,1.18767333785332,1,2,0,0
3170,310,1,4,-0.10000538059311165,2,1.1153883443821297,0,0,0,0
3171,621,0,2,0.3865513533039984,2,-0.7499931302240462,0,4,0,0
3172,236,2,2,3.534301719219474,0,-0.12810734293889298,1,1,0,0
3173,655,2,2,1.5934181757142623,2,-0.2922085132249384,0,0,0,0
3174,299,2,6,-0.0463801047854974,2,-0.5464496282170516,2,0,0,1
3175,349,1,1,-0.279411670989177,0,0.6700042599131043,1,4,0,0
3176,206,1,7,-0.23009589089421553,0,-0.7263056328554083,3,0,0,1
3177,399,2,3,-0.36861342027253036,2,-0.004787345111845622,2,0,0,0
3178,695,1,2,-0.3423214438063381,0,1.324572983559051,4,0,0,1
3179,603,2,4,0.3315446587650487,2,0.3787581297786773,0,1,0,0
3180,695,2,10,3.9185333694593543,0,-1.674046005554105,1,0,0,1
3181,604,0,3,-0.9606980943719156,1,-0.1666959592804252,1,0,0,0
3182,279,1,4,-0.7417843749082123,1,-1.3161859505772775,1,0,0,0
3183,433,2,6,-0.7678461161412642,2,0.23038161776820265,1,4,0,1
3184,343,1,5,0.8116037980332905,1,1.1101546874202282,0,0,0,0
3185,766,1,4,-0.45431284406632316,0,0.14783246856932467,2,0,0,0
3186,260,1,3,-0.2504196739702148,0,-1.0677640001354884,1,2,0,0
3187,678,2,4,-0.3637626028596137,0,-1.029394171640125,2,0,0,0
3188,678,2,4,0.946944934524858,1,1.4280767389642048,0,0,0,0
3189,865,1,5,-0.3034424786453654,0,0.09849843862041611,2,1,0,0
3190,418,1,3,0.1131253836356858,0,1.028817647515117,2,0,0,0
3191,642,1,3,-0.9878515427112783,1,0.6745776319448782,3,0,0,1
3192,956,0,5,0.06705439000340128,0,-0.5108115660178104,1,2,0,0
3193,376,1,3,-0.7274629996524147,2,0.9643003621346117,3,0,0,1
3194,192,1,5,1.0430094440078268,0,-0.07789093140771952,1,0,0,0
3195,123,1,4,0.4084609506468614,1,0.23367677623929375,1,0,0,1
3196,642,1,1,-0.8901531509915653,2,-0.6567589020926683,2,0,0,1
3197,123,1,4,-0.8967719344647617,2,0.013545047270730585,2,2,0,1
3198,425,1,7,-0.655216975736331,1,0.5460884644312414,0,0,0,1
3199,587,2,4,-0.871162559500729,0,-1.3165941118786209,2,0,0,0
3200,537,2,3,0.36351088411526256,1,-1.1581486636227636,2,0,0,0
3201,585,1,8,3.3948909288088847,2,-1.045467825212311,1,2,0,1
3202,544,0,4,0.07528848509587716,0,-0.07825261962399412,3,2,0,1
3203,755,1,8,-0.7165578756113794,0,-0.5292573768283003,1,0,1,1
3204,309,1,2,-0.16293086607965096,1,-0.6017644011538659,1,0,0,0
3205,364,1,9,0.6582164156576165,1,-0.35367271337040673,2,0,0,1
3206,345,1,1,2.323750082579109,0,-0.8233220109939011,1,0,1,1
3207,666,2,3,-1.0026920422941985,0,-1.0133255115929967,1,2,0,0
3208,680,1,1,-0.2535034639978708,0,-1.3247618162403767,2,0,0,0
3209,590,1,4,-0.3938499595893031,0,0.03206592499818973,1,3,1,0
3210,736,2,6,-0.4634406863604383,2,0.39216058280909594,3,1,0,1
3211,264,1,4,-0.2950359900675503,0,2.7538585415033716,3,0,0,1
3212,833,2,6,-0.4823488808774591,0,-0.9792872666775959,1,0,0,1
3213,804,2,5,-0.5790413068690234,2,0.8448922708432487,1,2,0,0
3214,647,1,1,-0.8838293747670902,0,0.3940477155989729,1,3,0,1
3215,856,2,3,-0.30318668731037424,0,-0.07701129512729005,2,3,1,0
3216,168,1,4,0.7421938334359712,2,-0.08283745912924613,2,0,0,0
3217,395,1,3,-0.8953406666502598,0,-0.6369799253590792,2,0,0,0
3218,352,1,4,0.3563428111810733,2,-0.18329248687582606,2,2,0,0
3219,644,1,1,-0.6908830441305528,1,-1.1693297484075573,2,1,0,0
3220,289,0,3,-0.5196179648171961,0,-0.41369036805329057,1,0,0,0
3221,651,1,5,3.4977623653554675,1,-1.2354182557228863,4,0,0,1
3222,774,1,3,0.1359328479536765,1,1.517702704444678,1,2,0,1
3223,639,2,1,0.2836337603722829,2,-0.14105760972775544,0,4,0,0
3224,556,1,5,-0.0698185707233305,0,-1.018526050647927,2,0,1,0
3225,302,1,5,-0.6120700395429886,2,1.2424027239609279,2,2,0,0
3226,330,1,2,0.1356337066068462,2,-0.6904168336180952,0,4,0,0
3227,749,2,3,-0.38628085923335864,0,0.7413729523423203,2,0,1,0
3228,655,1,5,0.8069085743591199,0,0.05938014126286632,2,0,0,0
3229,492,1,5,-0.14696908463487476,0,-0.3165792655695207,2,0,0,0
3230,416,1,2,0.49240505596147816,0,2.15565442223811,2,2,0,1
3231,94,1,3,0.911606357153761,0,0.5782146804609567,1,0,1,0
3232,285,2,3,0.7425816772851972,0,-0.11732274451807886,5,1,1,1
3233,882,1,3,-0.4847311195731042,1,0.48434042037666614,1,0,0,0
3234,243,1,3,-0.5399387982472001,0,-0.5910993750130422,1,4,0,0
3235,537,1,3,1.0599490861475722,2,-0.20222638704230247,0,1,0,1
3236,701,2,4,-0.850790528389542,0,-0.5621012520190025,2,0,1,1
3237,249,2,5,-0.6745882738752322,0,1.1467029899861867,1,1,0,0
3238,536,1,5,-0.8766784472442277,0,-0.11818824050445449,3,4,0,1
3239,687,1,3,-0.9641259436802287,1,1.1630284310625574,1,4,0,0
3240,502,1,2,-0.034764718729966386,1,-0.9186387598467678,2,0,1,0
3241,1073,1,9,1.3420354754209405,1,0.06474662413334813,2,0,0,1
3242,166,1,1,-0.8669044420194361,0,0.512020238098341,2,0,0,0
3243,711,1,5,0.6074839372702918,2,1.6617636977164063,2,2,1,1
3244,465,1,2,-0.522741902975735,0,-1.27160697433586,0,0,0,0
3245,654,2,1,-0.028715668783208317,0,2.078289241043752,3,1,0,1
3246,588,1,3,0.4596195833496177,1,-1.2554162296731883,0,0,0,0
3247,353,2,3,0.2514414566181701,1,0.17932816259939377,0,0,0,0
3248,545,1,3,-0.8583542341870815,0,-0.8174371170299547,2,2,0,0
3249,128,2,4,-0.8831649825295645,0,-1.1339567903850518,0,0,0,1
3250,620,1,2,1.6157827596894898,0,2.4476982346419565,0,0,0,1
3251,559,1,3,-0.9236417164704623,0,0.7415036096430274,1,0,0,0
3252,627,2,6,-0.7572413733113738,1,0.33751149165391015,1,0,0,0
3253,711,1,4,-0.42113479433276824,1,1.3703580480664064,3,0,0,1
3254,573,1,3,0.7419647247046138,1,-0.07745113739664909,3,4,0,1
3255,529,1,7,-0.06921720817169781,2,0.8172950747055664,1,0,0,1
3256,323,2,4,-0.1466697633332818,0,-0.2990459094226124,2,2,0,0
3257,357,1,5,0.18976526938690064,1,0.6484501772145358,3,0,0,1
3258,737,2,4,0.6401113873403307,0,1.4441578752276456,2,0,0,0
3259,787,1,1,-0.7386954958243069,1,0.2672768401733638,2,0,0,0
3260,452,1,2,-0.9884552112327533,1,-0.6652801760860737,1,0,0,0
3261,509,1,4,-0.8694933630898769,1,0.4519180781365428,1,0,0,0
3262,319,1,8,-0.8242591068408717,0,-1.6048756420193604,3,3,0,1
3263,734,1,8,-0.9663196421488965,0,-1.0221566527761656,1,2,0,1
3264,633,1,3,0.39207053958037086,2,0.6309128133190265,0,0,0,0
3265,888,1,2,1.1912495663016225,2,-1.1108348480426995,0,0,0,0
3266,324,1,2,0.25344393505538676,0,0.41967562670423003,2,0,1,0
3267,424,1,2,-0.7952692696292339,1,0.18068314167024124,0,0,0,0
3268,546,2,6,-0.05939552124360733,0,1.9478423694348626,0,4,0,1
3269,629,2,3,-0.26007319202066637,1,-0.8787321606831549,3,2,0,1
3270,456,2,6,0.7360288343653958,1,-0.5358247679205058,3,0,0,1
3271,325,1,2,1.8933526130572167,0,0.7259255964282251,4,0,0,1
3272,676,2,4,0.37377340914642876,0,0.5996810446474226,1,2,1,0
3273,644,1,4,-0.2770416818414765,1,0.5334115527051061,3,0,0,1
3274,316,1,4,-0.2801465689831749,0,-0.4869701067892643,0,0,0,0
3275,771,2,4,0.669465719181059,1,-0.2985037323455432,4,0,0,1
3276,734,2,4,-0.8749357219330547,0,1.0369319113053987,0,1,0,0
3277,526,1,3,-0.8385947876789175,2,-0.95089840870852,1,2,0,0
3278,515,1,7,-0.5798205217352538,0,-0.4364998152173213,2,0,1,1
3279,610,1,2,0.3905447769216419,0,-0.7460643319744672,2,3,0,0
3280,327,1,2,-0.9384434510333498,0,-1.8304408573236706,1,0,0,0
3281,506,2,2,-0.5785634108067786,2,-0.5858533553208206,0,0,0,1
3282,69,1,3,-0.6177920411419456,0,0.19446037375442263,3,0,0,1
3283,675,2,2,-0.3314787664652272,1,-1.1561100268297912,3,0,0,1
3284,187,1,5,-0.3741245059383479,0,-1.0720697865816604,0,0,0,0
3285,800,2,2,0.2667305994989268,0,0.31561407676184183,2,0,1,0
3286,433,2,2,-0.008752099786651634,1,-0.6125314718224465,0,2,0,0
3287,457,1,8,1.3626362146658144,0,-0.18005350522148728,3,0,0,1
3288,374,1,7,-0.8052071860821333,2,-0.7160990607920548,0,0,0,1
3289,442,2,6,-0.43241983517000926,0,0.0983141975353682,1,0,0,0
3290,783,1,1,-0.4881474437986245,0,-0.753023915729136,2,0,0,0
3291,64,1,3,-0.8864563504946495,0,1.8025701259288545,0,0,0,1
3292,755,1,3,-0.8246687758575826,0,-0.5086341378374826,3,2,0,1
3293,567,1,5,-0.5904274224189104,0,-1.7876319200411852,1,0,1,1
3294,258,2,2,0.34209529132141314,0,0.3387018332776196,3,3,0,1
3295,284,1,3,-0.8423747521559402,0,-0.17993106398055733,1,0,0,1
3296,835,2,2,-0.6942772919206561,2,0.86594842706624,0,3,1,0
3297,310,1,6,0.13972564059051437,0,-1.1629905470083999,2,2,0,0
3298,269,2,5,-0.0843887467212899,2,-1.1867144779938108,2,0,0,0
3299,727,1,7,-0.8957251183950071,0,-0.22683414240630742,2,0,0,1
3300,567,1,1,1.9184482762478468,2,-1.3083529151588849,3,1,0,1
3301,312,1,2,-0.8449234985684214,1,0.3432802855976342,2,0,0,0
3302,543,2,6,-0.9434071645299359,0,-1.3605100739615985,0,2,0,1
3303,294,1,6,-0.6388951638693624,2,0.4573425875734875,0,1,0,0
3304,720,2,1,-0.9805811066439732,0,0.12869894491395412,1,3,1,1
3305,712,1,2,-0.9761246972139828,0,-0.8257471126234749,2,2,0,0
3306,606,1,5,-0.128605658933122,2,0.5657410621355516,3,4,0,1
3307,572,2,2,1.2647829128471393,0,-0.9330265559766945,3,2,0,1
3308,852,1,3,-0.48398723875334104,1,0.45848583768284057,0,3,0,0
3309,499,1,4,-0.6419763954416728,2,2.650970758437458,2,1,0,1
3310,263,1,4,1.4949109646924814,1,0.9387265925289645,1,0,0,0
3311,589,1,6,-0.9433485357147494,1,0.486682611070075,3,0,0,1
3312,917,1,1,-0.3557603092585164,1,-0.28615815604409167,1,0,0,1
3313,297,1,8,-0.7117306923396138,1,-0.2990342703692994,0,0,0,1
3314,427,1,2,-0.5188486696905744,2,1.993879048888544,4,4,0,1
3315,583,2,7,-0.46984568400628074,1,0.8546519929306958,1,0,1,1
3316,489,2,4,-0.20664283245159834,1,0.5693598800992942,1,0,0,1
3317,303,1,4,-0.3937817332996519,1,-1.3671873292148966,2,0,1,1
3318,724,1,1,3.4947558824450304,1,0.023868270714014126,0,2,1,1
3319,964,1,3,-0.9815797591418846,2,1.3018739824756316,2,1,0,0
3320,539,2,6,0.43376443452850033,0,-0.5561513632573395,1,0,1,0
3321,319,1,7,-0.9546276757099228,0,-0.315835690800326,1,2,0,1
3322,190,1,6,-0.43422819902367,1,-1.529652515608607,1,0,0,0
3323,551,0,8,-0.7785564682248827,0,-1.497239421139485,3,0,0,1
3324,720,1,4,1.9477233899720836,2,0.2565080158615366,1,0,0,0
3325,595,2,2,0.29593982198720903,2,-1.2899167643141707,2,0,0,1
3326,499,1,2,-0.37577192900693995,0,-1.073360214488541,0,0,0,0
3327,382,1,6,2.085719211491243,0,-1.4919725113031181,2,0,0,1
3328,281,2,5,0.29156666972194684,1,-0.5670719493043933,0,0,0,0
3329,666,1,5,2.0793133837452706,0,-0.11571331545397237,2,2,0,1
3330,682,2,7,0.23231099294442306,2,0.19120763975606533,3,2,0,1
3331,190,1,2,-0.9255848482209529,0,0.5598109882970915,1,0,0,1
3332,817,2,1,-0.033587628603093944,2,2.421035890397273,1,0,0,1
3333,614,1,2,2.9889450438482,0,-0.3210603676161772,2,0,1,1
3334,779,1,6,-0.7627149191350542,0,0.9612241560986252,2,1,0,0
3335,231,1,9,0.5928071241664724,0,-1.1583127901437273,2,0,0,1
3336,226,1,4,-0.8002600512674012,2,0.701245748021849,2,0,0,0
3337,470,1,6,-0.39566585011749683,0,0.9470365025013326,1,1,0,0
3338,600,1,2,-0.9178882329312371,0,1.325828007115853,3,0,0,1
3339,859,1,4,-0.5843445890464937,0,0.8189578219896948,3,0,0,1
3340,641,1,3,0.5148383711713166,0,-0.027081759804265935,0,0,0,0
3341,451,1,1,-0.9607473654723104,0,-0.5476677855892843,0,2,0,0
3342,294,1,5,-0.615317164294594,0,1.8329791055216909,3,1,0,1
3343,746,1,3,0.002696744324452263,2,-1.1165713147234115,1,1,0,0
3344,307,0,2,2.0101272089893474,0,-1.1290667562936614,2,0,1,0
3345,825,1,3,-0.7215499902549786,0,-1.2250441201672664,2,1,0,1
3346,443,1,5,-0.8144828132223433,0,-0.9629460610662454,2,0,0,0
3347,818,1,1,-0.776229761372863,0,-0.3785929952590574,2,2,1,0
3348,635,2,2,-0.7329992886986616,2,1.6613358130785778,1,1,0,1
3349,472,1,1,0.02651351893631425,0,0.3790363445759803,2,3,0,0
3350,396,1,1,5.726230437374184,0,-0.9847144960571993,2,1,0,0
3351,431,1,2,-0.25371486331627613,2,0.174747617326879,1,1,0,1
3352,585,1,4,-0.6857799772863362,0,0.11216783345536202,1,1,0,0
3353,515,2,6,0.3898241298772202,0,-0.5604823037282209,2,0,0,0
3354,381,1,3,-0.832645768140515,2,-0.06531889442992919,2,0,0,1
3355,466,1,2,-0.9768690441689052,1,-0.3129637605415898,2,1,1,1
3356,515,2,6,-0.062440074762290104,0,1.3315002144283528,1,3,0,0
3357,74,1,2,-0.767732890663203,1,1.222725148253204,0,1,0,0
3358,591,2,5,-0.4896016751307432,0,0.2564604271030875,0,0,0,1
3359,304,1,8,-0.7405304061311588,0,-1.752986882391901,0,4,1,1
3360,269,2,3,1.5366733509248653,2,0.7810118654120165,0,2,1,1
3361,162,2,4,-0.5883431323801213,2,-0.2149463563934245,0,0,0,0
3362,141,1,4,-0.40152330722651003,1,-1.3187628342044655,3,4,0,1
3363,228,2,6,-0.735615644067752,1,0.48226778471710874,0,1,1,0
3364,358,1,4,-0.9176801014681135,0,-0.5294439532261351,1,2,0,1
3365,890,1,6,-0.27700412279804876,1,-0.07864878568844348,2,0,1,0
3366,394,1,5,1.0572781783295182,0,0.03238371326849581,2,0,0,0
3367,535,1,4,-0.5670851478109142,1,-1.1604551014441384,2,2,0,0
3368,580,2,7,0.5366237424962806,1,1.4403698639283615,1,2,1,1
3369,526,1,9,-0.9741410765269845,1,0.23644232818184865,1,2,1,1
3370,484,0,6,-0.7347304150858893,0,0.789871370620988,0,2,0,0
3371,260,1,4,-0.8644723053728476,0,-1.1752886862156864,2,1,0,0
3372,790,1,3,-0.48341167191098333,0,-1.2632357093239925,2,0,0,0
3373,861,1,4,1.278000502991447,0,-0.530185940738217,3,3,0,1
3374,163,1,5,-0.5322477578467614,0,0.07411569139944142,1,0,0,0
3375,295,2,3,-0.06742993301527428,2,1.0406336308244195,1,0,0,0
3376,444,2,5,1.31534264296526,1,-0.794722313124515,3,1,0,1
3377,307,2,2,-0.5542899665172357,2,0.17376749702619745,1,0,0,0
3378,601,2,5,-0.5447626026968514,1,-0.9961746321904134,1,2,0,0
3379,354,1,3,-0.9141932272911292,0,-1.0487604409632172,2,2,0,0
3380,933,1,2,-0.5712058860436242,0,-0.7341070120683649,0,0,0,0
3381,738,1,1,0.3866140711977132,0,1.1689367613122876,1,0,1,0
3382,542,1,4,0.8858931158349336,1,-1.062491797485852,1,3,1,0
3383,705,1,6,0.2968936316125056,0,0.17509556759337402,3,0,0,1
3384,721,1,3,-1.0007953749098544,0,0.18135368554292697,2,2,0,0
3385,387,1,3,-0.8813340884642297,2,0.9088234160390387,1,0,1,0
3386,336,1,4,0.3275480889295291,0,1.2877464026112009,1,0,0,0
3387,515,2,5,1.8950800666320036,1,0.5831586223836919,3,0,0,1
3388,672,1,2,0.2010746154362964,0,0.41577616568498754,3,0,0,1
3389,527,1,1,-0.7471670166773008,2,0.3916485880353724,0,2,0,1
3390,184,1,2,-0.8921250213651195,1,1.0385554989161436,1,0,0,0
3391,339,2,9,1.1236487762776617,0,-1.1796896972163182,1,0,0,1
3392,485,0,4,-0.901797793180989,2,-0.11216529970747179,1,2,0,0
3393,484,1,1,-0.8413261351328196,1,-1.088702582500197,0,1,0,0
3394,894,1,5,-0.08429118619287702,2,-0.16624335853780633,1,0,0,0
3395,222,2,3,-0.7935456390637695,2,-0.9382648741120913,2,2,1,0
3396,601,1,2,-0.7452068534682925,0,0.5018344081999142,3,0,1,1
3397,797,2,5,-0.8517889529459782,0,-0.08463028359947086,4,0,0,1
3398,954,2,5,1.9297331407295437,1,-0.2862886133051034,3,0,0,1
3399,419,1,1,-0.8721375030399711,1,-1.5406454542708934,2,0,1,1
3400,598,1,3,1.7163760600282298,2,0.05773831310081338,0,0,0,0
3401,613,1,7,-0.606299905783815,0,-0.9967671390899416,0,1,0,1
3402,539,1,8,0.7450856764196825,0,-0.2721071758606257,0,0,0,1
3403,480,2,4,2.039006974329587,1,-0.02219963406082312,0,0,0,0
3404,587,2,5,-0.26292470955919783,0,-0.20856313208612784,1,0,0,0
3405,64,2,4,0.4876860160366647,0,-0.5275511499669138,0,0,0,0
3406,636,1,1,-0.6933187587062445,0,-1.4959830787564143,1,0,1,0
3407,525,1,7,-0.5167853173881694,0,-0.8214697118018849,3,0,0,1
3408,455,1,3,-0.188938788925876,1,1.7221687417450928,2,4,0,1
3409,909,1,4,0.9248041352512347,0,-1.0200039925915834,2,0,0,0
3410,365,1,3,-0.021769234171610988,0,-0.4847368534092426,1,0,0,0
3411,419,1,4,-0.9851350697854516,1,-1.4749802312055071,4,2,0,1
3412,898,1,6,-0.638118409722068,2,0.1273168104017918,0,0,0,0
3413,333,0,5,1.028620895037002,0,-0.9178815222045956,4,0,0,1
3414,389,1,4,-0.7284204698602837,1,-1.0474596054062195,1,0,0,0
3415,470,2,4,-0.5412726863000886,0,-0.7428347895992988,3,2,0,1
3416,668,1,2,-0.5057634544325694,2,0.08242105903143235,2,1,0,0
3417,541,1,6,-0.8372256700471621,2,-1.3960885327940273,1,4,0,1
3418,241,2,5,-0.5700139682278771,0,-0.8703752172621011,2,0,0,1
3419,393,2,6,0.7217646603607327,1,1.2473746275164455,0,2,0,0
3420,378,1,8,0.9155466599711914,0,-1.0694106810624224,2,0,0,1
3421,484,1,3,-0.12336427282574629,2,1.7835274732300281,0,1,1,1
3422,585,1,7,0.1470419235610662,0,-0.5616591047933268,0,0,0,1
3423,583,1,4,-0.22999615529820988,1,-0.3202478754004954,1,1,0,0
3424,144,2,5,-0.9618073129192474,1,-1.6039061664157706,0,1,0,1
3425,712,1,3,0.2055037566856432,0,-0.5162496575187117,2,0,0,0
3426,550,1,4,4.758647661001624,0,1.643277142736472,1,2,0,1
3427,776,2,5,-0.7449039894990258,0,-1.2493237220175804,2,1,0,0
3428,588,1,9,3.086744043742314,1,1.5697410467899595,0,0,0,1
3429,720,1,4,5.203861927934271,1,0.3786364004351191,0,2,0,0
3430,593,1,6,-0.8526707424994839,2,0.5132338045196482,4,0,1,1
3431,769,1,4,1.6421752250934694,1,-1.5536092686126757,0,2,0,0
3432,604,1,5,0.13693923157380536,1,-1.1093106098042258,2,2,0,0
3433,480,1,4,-0.36907606777143437,0,0.6991602103481988,2,0,0,0
3434,954,1,5,-0.5780404254220162,1,-1.356836293563388,2,3,1,0
3435,677,2,3,0.00283212332590286,0,-0.763900778574088,2,0,0,0
3436,614,2,2,0.8739013980290223,0,-0.20398063279970888,1,2,0,0
3437,244,1,3,-0.9725732822277028,1,1.9603573153760703,2,0,0,1
3438,242,1,5,-0.2280503443961111,0,-0.42633730728581753,2,0,0,0
3439,558,1,1,0.0606641574651358,0,-0.8151240815145773,1,3,0,0
3440,529,1,2,-0.9814836271340511,2,-0.1678747905433112,2,2,0,0
3441,377,2,4,1.2286336010222632,1,0.8547282083890025,1,0,0,0
3442,528,1,5,2.0761341803339453,0,-0.824890333647776,2,2,0,0
3443,817,1,1,-0.04364790195884046,0,1.2652424428846272,2,0,0,0
3444,639,1,2,-0.8813061281894807,2,-1.66302290076877,2,1,0,0
3445,271,1,4,1.732494496115637,0,-1.3864976321522782,2,0,1,0
3446,477,1,1,0.6548620426351919,2,-1.5461725979740997,2,0,0,0
3447,339,2,6,-0.9784050118251375,0,0.7439762995056123,2,0,0,0
3448,422,2,3,-0.12757799830245511,1,-0.40924324828443615,1,0,0,0
3449,417,2,8,-0.8841400688532368,0,-0.5378493133937127,0,0,1,1
3450,404,2,4,-0.8532016179459702,1,2.362809633900471,1,4,0,1
3451,248,2,3,-0.7903854324449656,1,-0.3993487077779658,0,4,0,0
3452,474,1,4,-0.49475014507832354,1,0.9785765799039708,2,1,0,0
3453,387,1,4,1.1184237551875928,1,-1.4481820129299225,2,0,0,1
3454,64,2,4,-0.9757556631716592,0,-0.08744194797442156,3,0,1,1
3455,910,1,6,0.18074581448621005,2,0.8680810133785045,2,0,0,0
3456,717,1,5,2.3888549775662598,0,-1.0017971897165354,1,1,0,0
3457,424,1,3,0.03473527010164506,0,-0.13715033848304867,3,0,0,1
3458,503,1,3,0.7117002008893255,0,2.098398043553729,3,0,0,1
3459,265,1,5,1.3522531560781899,0,-1.1134397884592102,2,0,0,0
3460,839,1,6,0.2681297860327963,0,-0.5520866790306626,2,0,0,0
3461,879,1,4,0.08890943323965826,1,-0.520780441764336,1,0,0,0
3462,531,2,6,-0.9894236731271387,1,0.3368618099785514,1,0,0,0
3463,704,1,6,-0.2637043740296476,0,1.237111373737382,1,0,0,1
3464,535,2,3,-0.36362186260767737,2,-0.1340935929412465,2,0,0,0
3465,232,1,4,-0.25560389437321934,0,0.37040763381828123,3,0,0,1
3466,417,1,6,-0.43170421682362314,2,-1.0675652850804866,1,0,0,0
3467,526,1,2,1.4030484842856006,0,-1.0999776854814922,1,1,0,0
3468,409,1,2,1.2281980578108704,0,0.7110303374314066,1,0,0,0
3469,456,1,4,-0.8712382239639744,1,-0.15034418070356254,3,0,0,1
3470,481,2,3,-0.2336605969026352,1,-1.5149145592692679,0,0,0,0
3471,483,2,5,2.254860364376418,1,-1.2285227129652299,3,0,0,1
3472,510,2,4,-0.07930730267988198,1,-0.9864405433764174,2,0,0,1
3473,287,1,5,0.6375948418902424,1,0.3345193863878611,1,0,0,0
3474,356,1,5,-0.5324943472447956,2,0.0388802482180355,1,0,0,0
3475,243,1,5,-0.5261625637043361,0,2.3239309999571787,0,0,0,1
3476,695,1,4,-0.6070689844773359,0,-1.1283357797373006,2,4,0,1
3477,78,1,6,-0.9853985474614171,2,-0.07127196037983112,2,2,0,1
3478,730,1,5,1.6246528549053705,0,0.34519120449910445,2,2,0,1
3479,777,1,3,-0.5702804116952787,0,0.8800206065938555,0,2,0,0
3480,439,1,4,-0.5426238033427099,0,0.9413263230866307,2,0,0,0
3481,64,1,2,0.4417215358305624,1,-1.0655800079712399,2,3,0,0
3482,427,1,2,-0.24664120754081229,1,0.1830835196296433,3,0,0,1
3483,487,1,4,-0.5507002324511665,0,0.39860929778020093,2,3,0,0
3484,297,2,2,1.1797606228773105,0,-1.1862873225095083,1,2,0,0
3485,396,1,7,0.7670939917235248,0,-1.3645462385743055,4,0,0,1
3486,806,1,5,2.8201165523624465,0,0.451223674893992,2,2,0,0
3487,632,1,5,0.03413498170524371,0,-0.9271069240574177,3,1,0,1
3488,315,1,4,0.18364829735505664,1,1.7516085826803043,3,3,0,1
3489,180,2,6,-0.6088589438240062,0,-0.15642885575655183,2,2,0,0
3490,434,2,3,-0.9011773106585792,0,-0.7349516535438573,1,2,0,1
3491,457,1,2,-0.8939942106642477,0,0.769127331687715,1,4,1,0
3492,599,1,2,0.04816776357397105,2,-1.1890356238520798,2,0,1,0
3493,392,0,4,-0.8855928536921032,0,0.022114545434498957,1,1,0,0
3494,602,1,4,1.4038003574200508,0,0.3163020322385058,3,0,0,1
3495,887,2,2,0.22988253264100336,0,-1.6107906245269243,1,1,1,0
3496,663,1,7,-0.7470310798367802,0,-0.0336625693013964,2,2,0,1
3497,490,1,3,-0.6748594049878874,1,-1.59171831031327,1,0,0,0
3498,463,2,5,0.2510700221408869,2,1.2635658438845707,1,0,1,0
3499,428,1,3,0.7597855867473912,0,-0.5865346338969997,0,0,0,0
3500,736,1,3,0.8524139767825458,1,-1.0819521267761434,1,0,0,0
3501,374,1,4,-0.07330111999973928,2,-0.41138334437205076,1,0,0,0
3502,509,1,8,-0.836287895918247,2,-0.09916894157700276,1,2,0,1
3503,510,2,2,0.7270077877232818,1,-0.2929054174936186,1,1,1,1
3504,399,1,3,0.5874421441178573,0,0.37716179428083557,1,0,0,0
3505,225,1,7,0.8269401503920788,1,0.11791399533131851,1,2,0,1
3506,564,2,2,-0.833355833225132,1,-1.4559095822491146,2,2,0,0
3507,487,1,5,0.1649859088976635,1,0.49858268016589696,0,0,0,1
3508,600,1,3,2.2722343190355194,2,-0.8430251070746411,1,0,0,0
3509,393,2,4,-0.707012293770078,1,-0.6517625789882311,2,2,0,1
3510,744,0,3,0.2750367345685593,0,0.7864699035452416,2,0,0,0
3511,324,1,4,-0.7031003674050074,1,-0.4140109254161209,2,0,0,0
3512,842,1,4,-0.6347305914367127,0,1.2230721827961657,2,0,0,0
3513,150,2,1,-0.33240696660160546,0,2.0969186381706804,0,2,0,1
3514,586,2,3,1.2839966165363148,1,0.14038666169241112,1,0,0,0
3515,595,2,5,-0.9677608276172944,0,-0.6355202281559605,3,0,1,1
3516,340,1,3,3.6401518313161025,0,0.0714024445007944,2,0,1,1
3517,584,1,4,0.4961517024069308,0,0.9882945080158407,1,0,1,0
3518,755,1,6,-0.5543021255070204,2,1.0065380061893876,1,0,0,1
3519,64,2,2,-0.563189319235645,0,-0.15887434040693266,2,1,0,0
3520,600,2,1,-0.3369156502211121,0,1.5151518052224477,3,0,0,1
3521,64,1,7,1.1110103921247338,2,1.6102043028208148,2,1,0,1
3522,306,1,3,-0.9894748383442523,1,-0.5377554538956147,0,2,0,0
3523,825,1,4,-0.19966032053555655,0,-0.7149383069776164,3,3,0,1
3524,383,0,5,-0.9491566089736586,1,-0.0402528074492878,1,2,0,0
3525,265,1,3,-0.8829178245821075,0,0.6038101912353532,3,1,0,1
3526,460,1,2,0.1855182754585246,1,-1.1956891459453143,2,0,0,0
3527,913,1,6,-0.7363253373819171,0,-0.064703576044957,1,2,0,0
3528,133,1,6,-0.9646530044851463,0,0.009714510016168968,0,0,0,0
3529,289,1,5,-0.8253874659392789,0,-0.9357372243285925,1,0,0,0
3530,799,2,3,-0.7698653657253653,0,2.0336616086058337,0,0,0,1
3531,871,2,3,0.485960991779071,1,2.05936444669739,2,2,0,1
3532,479,1,1,-0.010480756896842875,1,-0.9198509714211388,0,0,0,0
3533,252,1,4,0.34332977371173024,2,-0.2814577946610334,3,1,0,1
3534,919,2,5,-0.5382202388519388,1,-1.0131636215554751,1,0,0,0
3535,818,1,9,-0.8857521180917247,0,0.3876208608114476,1,0,0,1
3536,635,1,2,0.656339280172556,1,-0.490454778622814,3,0,0,1
3537,337,2,3,-0.8539823184562941,1,1.3493166706784339,2,0,1,1
3538,490,2,6,-0.5172507455199528,2,-0.028861799692234267,1,1,0,0
3539,467,2,6,-0.6984773868356827,1,-0.2157882670992978,1,2,0,1
3540,566,1,4,-0.6501165330073625,0,-0.9941004319952589,2,2,1,1
3541,790,1,8,-0.07118433122562491,0,-1.1041671678497966,1,2,0,1
3542,675,1,5,-0.8252476617608869,1,1.271138338249201,1,2,1,0
3543,284,1,7,-0.407413123163458,0,0.053791608686737505,1,0,0,1
3544,775,2,5,0.027545631862078097,0,0.8761648093156361,0,2,1,0
3545,562,1,6,1.0587507390156279,1,-1.4584520802534422,1,1,0,0
3546,637,2,5,-0.5359496933386063,0,0.9136704948219894,2,4,0,1
3547,793,1,2,-0.6175661612809157,0,-0.5792574731169013,2,2,0,0
3548,277,1,1,-0.5414029295439285,0,-1.4810058834492013,1,0,0,0
3549,492,0,5,-0.3012499914189308,1,-1.588015150516655,1,0,0,0
3550,393,1,1,-0.6258877534911449,1,0.533817070344869,0,0,0,0
3551,186,1,1,-0.714652667769134,0,0.18488861235917456,0,0,1,0
3552,569,1,1,-0.5293356892459117,0,-0.5887196621102966,1,0,0,0
3553,1002,1,4,0.5221494930511454,0,-1.1473612852017938,1,4,0,1
3554,131,1,2,-0.7114415469403977,2,-0.629262605459893,3,0,0,1
3555,493,1,1,0.8858947809730786,0,0.020791636236426554,2,0,0,0
3556,628,1,3,-0.6665070818033981,2,-1.4427519021298154,3,0,0,1
3557,524,2,8,-0.06806236287808996,2,-0.3652617327052613,1,0,0,1
3558,477,1,5,2.592259787634571,0,1.6756434108671927,0,1,0,1
3559,240,1,4,2.076196212876709,1,-0.35094798432971064,2,0,0,0
3560,546,1,2,-0.4278390598051841,0,0.3750537829894043,2,2,0,0
3561,348,1,3,-0.936766102580602,2,0.5504210093801727,2,0,0,0
3562,64,1,5,1.361159515477814,1,0.9219923479436464,2,0,0,0
3563,738,1,5,-0.8698209883679405,1,2.061166981306613,1,0,0,1
3564,691,1,1,1.6071769582996738,1,-1.5667104547415431,1,1,0,0
3565,510,2,4,0.3338002235957309,0,-0.4846180587560932,0,0,1,0
3566,545,2,1,1.7603724546802808,0,0.3505824663495009,0,0,0,0
3567,714,2,7,0.10563808040642829,1,1.5215656927804413,1,1,0,1
3568,544,1,4,4.404168049614556,0,0.5246396849095651,1,0,0,0
3569,680,1,1,-0.367874862194751,0,0.9817092761214284,2,0,1,0
3570,440,2,1,-0.6011174925951077,1,-1.3999451172841946,2,0,1,0
3571,762,1,7,-0.49958400811286185,2,-0.28360568895466076,2,3,0,1
3572,564,2,1,-0.5692677083821998,2,0.7931490189710301,3,2,0,1
3573,538,1,4,-0.48695711511419765,2,-0.8029889943273921,2,2,0,1
3574,245,1,9,1.1937045202425547,1,-0.5324048493742061,1,0,0,1
3575,557,2,3,-0.0959048670321743,2,-1.2375666514450154,1,2,0,0
3576,333,2,5,0.30776404131363894,1,1.4739573807280186,0,1,0,0
3577,372,2,3,-0.6625632041354536,0,-1.0571171840821012,2,2,0,0
3578,336,2,1,3.6629262635893585,0,2.0225999093479725,2,0,1,1
3579,286,1,5,-0.6727079483589401,2,-1.2911951494554654,1,0,0,0
3580,924,1,4,-0.8317107102569539,1,-0.20649420725189815,3,2,0,1
3581,766,2,7,0.523823289126763,1,-0.2939473014232953,1,0,0,1
3582,884,1,3,0.8501700056616842,0,-0.8627314745232578,1,0,0,0
3583,255,1,4,-0.49877343726694123,0,-1.200979952787603,1,2,0,0
3584,514,1,8,-0.2156937867367569,2,0.5807201794654125,0,1,0,1
3585,241,1,3,-0.46407408503651804,1,-0.42072911356684833,4,2,0,1
3586,360,1,5,-0.6538873248733199,2,0.7720103713640671,1,1,0,1
3587,316,1,9,0.6994844842160849,0,-1.1682281156582617,3,2,0,1
3588,747,2,4,0.4311593362296945,0,0.662160652989493,2,3,0,0
3589,420,2,7,-0.33228730829134256,0,-0.35635514499841375,3,0,0,1
3590,713,1,4,-0.3894942095202982,0,-0.10093773193357176,2,0,0,1
3591,620,1,5,-0.8058186611456968,0,-1.1599548714525192,2,0,0,0
3592,960,1,5,0.02357012069792108,1,-0.1562935602162344,3,0,0,1
3593,204,1,1,1.6088880556964182,0,-1.392601925895105,2,0,0,0
3594,751,1,5,0.2826622560030943,2,-0.6740246946775152,1,0,0,1
3595,729,1,4,-0.2900367332166183,2,-1.478379598853264,2,0,1,0
3596,305,1,4,-0.9677643218995217,0,-0.25728509680074263,1,0,0,0
3597,701,1,6,1.700952918177454,1,0.18470589496235706,1,2,0,0
3598,567,1,3,-0.6333382093918055,1,-0.9461770254626051,3,2,1,1
3599,454,1,3,-0.6451631448028382,0,0.28706882656443533,3,0,1,1
3600,335,1,7,-0.36291209730294655,2,0.3644337796860518,1,0,0,1
3601,356,1,3,-0.437626999132571,0,0.601799248545451,3,0,0,1
3602,909,1,4,2.3275802549116533,1,0.7862476414259044,1,0,0,0
3603,500,2,2,-0.8244497646475581,0,1.5778998682192886,1,3,0,1
3604,656,1,5,0.1804551999430207,2,-1.1434551992448256,0,1,0,1
3605,341,2,6,-0.8930308381289038,1,0.40779057392383533,1,1,0,0
3606,344,1,2,-0.6781195200173995,2,0.7103232101019266,2,0,0,0
3607,716,2,5,0.2946460963788933,0,0.797239548932034,1,0,1,1
3608,230,1,3,0.6498479342317577,0,-0.49178312536106006,1,1,0,0
3609,416,2,4,-0.36419901068099975,0,0.18482708460222033,1,0,1,0
3610,506,1,6,0.5762838956052746,2,-0.3712467529202772,3,1,0,1
3611,522,2,1,1.774199137957939,0,1.5857161725459568,1,1,0,1
3612,464,1,3,1.7846057829947983,0,-1.270276688188303,2,0,0,0
3613,579,1,4,-0.5814278579311486,0,2.156931323888997,0,4,0,1
3614,638,2,6,-0.627300454294937,0,0.46420628732624336,3,1,0,1
3615,646,1,4,0.31053662889912365,2,0.09293863842638107,1,0,0,0
3616,302,2,3,0.07186535618857592,0,0.7554642552694142,1,2,1,0
3617,443,1,5,-0.501337493443179,1,-0.9037191550461656,3,0,0,1
3618,738,1,3,-0.7437838080992962,0,-1.1571231381938565,0,0,1,0
3619,678,2,4,-0.027935037123697506,0,0.2895120051994743,1,0,0,1
3620,225,1,1,-0.43571325248787574,0,-0.6349030886260939,1,2,0,0
3621,570,1,5,-0.8637481871931239,1,-1.3822351816948777,3,2,0,1
3622,104,2,3,0.0291242639931144,0,0.026576537583827747,1,0,0,0
3623,509,2,2,0.20882735819036954,0,-0.49149429406150935,1,0,0,0
3624,879,2,4,-0.5472029727563554,0,1.2880010182679407,3,0,0,1
3625,310,1,4,0.8061311688960329,1,-0.3677660329318207,3,2,0,1
3626,333,1,4,-0.9300278751531443,0,-0.5091403548390514,0,4,0,1
3627,652,1,1,-0.31115903614495916,2,-1.0995243017563079,2,2,0,0
3628,191,1,2,2.1768351333097153,0,-1.5803398355781644,2,1,0,0
3629,373,2,8,-0.792960260198259,2,-0.6563451292849959,2,1,0,1
3630,619,1,2,-0.815498061939097,1,-0.2690708969629236,1,4,0,0
3631,373,1,9,-0.5237954204091703,1,-0.11938816138572028,0,0,0,1
3632,452,1,2,-0.6904413456099502,0,1.3987391641508873,4,2,0,1
3633,648,2,1,-0.7531553295866212,0,-0.6162064218904748,2,3,0,0
3634,584,2,1,2.0358690125069856,1,-1.399500083214733,2,1,0,0
3635,553,1,2,-0.5777500733499944,1,-0.2592446376298414,0,0,0,0
3636,432,1,6,-0.9451060937134028,1,1.267393364207958,2,0,0,0
3637,574,2,2,1.331847786386572,0,-0.4282289778850379,3,0,1,1
3638,475,1,5,-0.4030497316539952,0,1.2530090795767266,1,0,0,1
3639,591,1,1,0.34647467522094,1,0.8723675160705768,1,0,0,0
3640,400,1,4,-0.5422070386560633,0,-1.3891253774731405,1,2,1,0
3641,463,1,4,1.774857613908025,2,0.2180652527094841,2,0,0,0
3642,302,1,6,-0.6626674665301715,2,-0.9335058023471339,0,1,0,0
3643,492,2,4,0.09768966419961,0,-0.29156236865655244,0,0,0,0
3644,337,1,3,0.7610874996435866,1,0.29483341602302543,2,0,0,0
3645,277,1,3,-0.7315001928351572,1,-1.093476062334256,1,0,0,0
3646,551,2,1,0.6367870650103059,0,-1.3753748634529486,2,0,0,0
3647,542,2,5,0.5905342866530358,0,1.1121942189516485,2,1,0,0
3648,656,1,4,2.3795105814273834,0,1.6715641575064133,1,2,0,1
3649,413,1,1,1.5974148194384474,0,0.25863154143715716,2,0,0,0
3650,581,1,1,-0.5074383722969642,2,-1.1377972366387057,3,0,0,1
3651,610,1,9,-0.09968103316519229,1,-1.1303729008924255,2,2,0,1
3652,588,1,5,1.6306623675151712,0,2.192883660240835,3,2,1,1
3653,334,1,1,-1.003403360741244,1,1.0478053354240453,4,0,0,1
3654,529,1,3,-0.003880817568577898,2,0.020099357556476728,1,0,0,0
3655,572,1,1,-0.7611846658185143,0,-1.5438823424436077,1,2,0,1
3656,501,1,7,0.3574115713506647,1,-0.59770666711791,2,2,0,1
3657,82,1,3,0.6112780689788059,2,-0.18897241195335368,1,0,1,0
3658,532,1,5,0.26159413694538924,2,-0.2803516561657943,2,0,0,0
3659,942,1,4,4.627971506402583,1,-0.6863154551034694,1,4,0,1
3660,427,1,6,-0.34421453839474137,2,0.6300561581930069,2,0,0,1
3661,354,1,6,-0.1697401025309035,0,-0.793535975520588,1,1,0,0
3662,574,1,4,-0.4729506852180926,0,0.25079520357834345,1,0,0,0
3663,562,1,3,2.7034976673483313,0,1.7706346880881834,2,1,0,1
3664,738,1,3,1.596682926007735,0,-0.7797247699802431,1,2,1,0
3665,248,2,5,3.3811196946054234,0,-0.12938311170704342,1,0,0,0
3666,646,0,3,3.2562508905758856,2,0.0653951016998856,2,3,0,1
3667,618,1,3,1.2888759942196442,2,0.11684667129115422,2,1,0,1
3668,471,2,3,1.7096658309132358,0,-0.6047995407683546,1,0,0,0
3669,567,1,1,-0.8779832498930267,2,0.8898834606346185,2,2,0,0
3670,705,1,2,-0.8140177074324852,0,0.006688552591087992,1,0,0,0
3671,674,0,7,1.193575834852509,0,-1.316955166872646,2,0,0,1
3672,271,1,4,0.3118604017309165,1,0.5869465886201202,2,0,0,1
3673,664,1,1,1.1070172912569716,0,0.8715738150112777,1,0,1,1
3674,487,1,2,0.48707279665602393,0,0.7896262816870088,3,0,0,1
3675,514,1,4,-0.8549559794550052,2,0.9031847495761095,2,0,0,0
3676,514,1,5,1.5182708542015184,1,0.2190848538198308,1,0,0,0
3677,469,1,1,0.49237181741457337,1,-1.1796827481349814,1,0,0,0
3678,738,1,5,-0.14756397951077607,2,-0.9297737292084702,1,0,0,0
3679,483,1,4,-0.23481665304522645,2,-0.20625365453769215,0,1,0,0
3680,276,1,4,-0.14044768292609597,0,-1.0861483003492876,2,2,0,0
3681,421,0,7,-0.5044258335450172,0,0.2700035840625782,0,1,0,1
3682,535,2,1,0.6455795494854979,0,-1.5056896214032263,3,0,0,1
3683,745,1,6,1.4301832891069213,0,-1.5790013765229045,2,2,0,1
3684,620,1,3,-0.7113050965315411,2,1.0702694222662539,0,0,0,0
3685,329,2,3,-0.9684108664312728,2,-0.3342257133038419,2,2,1,0
3686,997,1,2,-0.7771785816087085,0,-0.14938744854540656,3,3,0,1
3687,552,1,9,0.43242135758001415,2,0.8985411286386207,1,0,0,1
3688,755,1,7,1.0547848176020047,0,0.012240375705128642,1,2,0,1
3689,469,2,6,-0.5719620546400124,1,2.8630572832947325,3,0,1,1
3690,606,1,4,-0.8397074392062996,0,2.212619657920877,1,0,0,1
3691,667,1,3,0.9812494249315713,0,-1.0353383182361664,1,4,0,1
3692,743,1,2,-0.7621183846875724,1,0.8795990622180602,3,0,0,1
3693,711,1,7,-0.7262261825957795,1,-1.1809179202535505,0,1,0,1
3694,674,1,4,-0.9090171795856509,0,-0.8389205956253591,3,1,0,1
3695,436,1,5,1.4448969303029184,2,0.4145840736796291,3,2,0,1
3696,385,1,4,-0.6055050650376171,2,-0.2884652292567588,0,0,0,0
3697,566,1,3,-0.8160912858722308,0,-0.3749472248929369,2,1,0,0
3698,686,1,8,2.116041904472795,1,-1.2872601390875065,1,0,0,1
3699,455,2,3,-0.5921281538671206,0,0.08499787918018947,2,1,0,1
3700,713,2,3,0.3919408825426994,0,-1.6000108529717731,2,0,0,0
3701,790,1,6,-0.7415102297692846,2,0.0223565739065665,2,2,0,0
3702,316,1,5,0.3119546448802838,0,1.1555674887636898,2,0,1,0
3703,332,1,5,-0.7391728174895762,2,-0.7838029235637032,2,0,0,0
3704,471,1,5,0.02487937600168,0,0.9097025766616078,2,0,0,1
3705,561,2,2,-0.4165691157578111,0,-0.12427312202018759,2,2,0,0
3706,395,1,5,0.6225748283718815,2,-0.20604215422549838,1,3,0,0
3707,770,1,3,0.3248666707157146,0,0.510897445602958,1,3,0,0
3708,584,2,5,1.7798364914503908,1,0.27659295511111964,2,2,0,0
3709,507,2,7,-0.5271855644873101,1,-0.04570191959331311,1,0,0,1
3710,212,1,3,0.4199097438470254,0,-0.29804264326314883,1,0,0,1
3711,236,1,4,2.520139659484353,1,0.3043578462871988,2,2,0,1
3712,556,1,7,-0.5909203539713177,0,0.8437209103445569,4,0,1,1
3713,73,2,4,-0.6595150877685558,1,-0.12048146863619182,2,0,1,0
3714,702,2,5,0.48273568140131773,1,-0.44615256730379366,2,0,0,1
3715,468,1,2,-0.4080599017997436,0,-0.6911503971893129,2,0,0,0
3716,1148,1,2,-0.4905924182254759,1,-0.6106841464593663,2,0,0,1
3717,961,1,1,-0.20558040141714523,2,-0.6467099604227797,1,2,0,0
3718,463,1,8,1.7805479881412507,1,-1.1392151488201594,0,0,0,1
3719,478,1,4,-0.9187918059744615,0,0.8066935152657574,2,0,0,0
3720,699,1,5,-0.37038265818773597,1,-0.3272927432328598,1,0,0,0
3721,840,1,3,-0.8891773750235213,1,0.9663436343743511,0,1,0,0
3722,172,2,6,1.1794865100154912,1,0.011915164954005141,1,1,1,0
3723,142,1,4,-0.8583574277997306,1,-1.0105423351010572,1,1,0,0
3724,375,1,1,-0.9122728748861577,1,0.8575838884254098,1,0,0,0
3725,616,1,4,2.3662582628840196,1,1.6557817546272007,0,3,0,1
3726,599,2,3,-0.16509833548223998,2,0.4999833459300482,1,1,1,0
3727,713,1,3,0.7700905730882606,1,-1.0934320973579605,0,0,0,0
3728,260,2,7,-0.3616443128787788,0,0.7122660153531281,2,0,0,1
3729,64,1,3,-0.4260225287960447,0,0.7823252326408945,2,0,0,0
3730,671,2,3,1.4595828073121566,0,-0.9595888132731663,2,0,0,0
3731,334,2,5,3.6631157136809698,0,-0.4802389946604917,2,0,1,1
3732,96,1,8,-0.02766846553691366,0,-0.4219763316715235,0,0,0,1
3733,529,2,5,1.538246129322169,2,1.668202017354639,2,0,0,1
3734,658,1,1,1.0117887421463811,1,-0.3980527283354633,2,0,0,0
3735,475,1,8,-0.20916135759354673,0,-0.903303526859395,1,0,1,1
3736,408,1,7,1.8725029884185382,0,-1.4081557798931326,2,0,0,1
3737,468,1,4,-0.7680411649969102,0,-0.8363748148243532,2,2,0,1
3738,425,2,4,1.1905461267124564,0,0.09869149346200987,1,0,0,0
3739,230,2,2,-0.6314077981527549,1,-1.1361148012072615,4,0,1,1
3740,357,1,7,-0.9763431815702239,1,-0.4794620872694771,0,1,0,1
3741,604,1,2,0.5654419402368352,2,2.128209625386523,0,0,0,1
3742,564,1,6,1.6970894722148018,0,2.472023641983555,1,2,0,1
3743,533,1,3,-0.7593436489433253,0,0.37716674787548976,2,0,1,0
3744,300,1,3,-0.2310600814845895,1,-0.8027789217421315,3,1,1,1
3745,463,2,6,0.3994638355730608,2,0.47880559355421726,3,0,0,1
3746,64,1,4,-0.598075425546345,1,0.21855741122569472,3,2,1,1
3747,535,1,1,-0.8462484416271007,0,-0.9947120584872308,3,0,0,1
3748,785,2,6,-0.5013693101109683,0,-0.6765843805521902,3,0,0,1
3749,205,1,5,-0.3875885565284135,0,1.075399780539926,2,0,0,0
3750,382,1,9,0.3709526737967379,2,1.9261048518122916,2,0,1,1
3751,565,1,6,-0.7825790955418797,1,0.21317323814822606,0,1,0,0
3752,750,1,3,0.7089852771341534,0,-1.3716739942093126,0,0,0,1
3753,410,0,1,-0.298430289726258,1,1.1041591533109394,3,3,0,1
3754,361,1,4,1.374425746313869,0,-1.3170465206152226,1,3,0,0
3755,106,1,3,-0.1593917696840551,1,1.5964580604664411,1,0,0,1
3756,520,1,7,-0.40561148987474543,0,0.8751889095734836,1,0,0,1
3757,908,1,4,-0.664103982411571,2,-0.857499108314478,1,1,0,0
3758,555,2,3,-0.8936236708613902,2,0.15394004666925187,2,0,0,0
3759,495,2,3,-0.5351797828210064,2,-1.5940191798382006,3,0,1,1
3760,564,2,3,-0.4649499287088874,0,0.39411700027353125,1,1,0,0
3761,497,1,11,-0.15351656996845114,2,1.9564262731128068,2,0,0,1
3762,337,1,6,0.9907632970203956,0,-1.1527883664029466,2,0,0,0
3763,664,1,5,-0.37393770541405963,2,1.5095056243882845,1,1,0,0
3764,545,1,2,-0.6241243190573834,0,0.23487071263326414,1,0,0,1
3765,503,1,3,1.0930377825007278,0,2.8326269370818093,2,3,0,1
3766,304,1,9,0.3387095093339724,2,-0.16164188534266047,2,2,0,1
3767,760,2,5,-0.6348285638196175,0,0.34102118613035914,1,2,0,1
3768,632,1,6,-0.8220860861722485,1,-1.450574298700358,1,4,0,1
3769,389,1,6,-0.6580483260074993,0,1.1502125875617633,1,0,0,0
3770,700,1,5,-0.8736329214045184,1,0.3625908553683695,2,0,0,0
3771,400,1,2,1.369420048103419,1,-0.7371085487802059,3,2,0,1
3772,343,1,3,-0.04565234392157524,1,2.0665681095443915,1,0,0,1
3773,348,1,1,1.0176879139260182,0,-0.010071128465340622,2,0,0,0
3774,145,1,3,0.7382765585279805,2,-1.0124453597683334,2,2,0,0
3775,594,1,3,-0.8386886991343644,0,-0.44302886622863696,3,0,1,1
3776,133,2,5,-0.4126721465724718,0,-0.828889646974897,2,0,0,0
3777,254,1,3,2.6310875584249884,0,-1.0952285343833448,0,0,0,0
3778,84,1,5,-0.737008641244646,2,-0.993257046683778,0,2,0,1
3779,482,1,4,-0.9554380264244544,0,0.8165764854690151,2,0,0,0
3780,469,1,3,-0.5759439499242035,2,1.3342703323103167,2,0,0,0
3781,434,2,1,-0.28035966016444086,2,-0.05474496112842499,3,0,0,1
3782,291,1,2,-0.9493817837008571,0,-1.630232904078312,2,0,0,1
3783,265,1,5,-0.4420577352533635,2,-1.3100008562801528,2,0,0,0
3784,592,2,3,-0.7106273731108179,0,-1.4776590271504313,2,1,0,0
3785,389,1,4,-0.7653830459105404,0,0.7985062561136165,2,2,0,0
3786,563,1,4,-0.6962291737733715,1,-0.5182136779512299,3,3,0,1
3787,322,1,2,-0.8945832901187758,1,-0.5067675849945193,1,0,0,0
3788,536,1,4,-0.9267563843226285,0,2.0147206283252697,1,0,0,1
3789,760,2,4,-0.0864255719584723,1,0.07700125276955483,1,1,0,0
3790,617,1,1,1.995859920592614,0,-0.664608471016102,0,4,0,0
3791,417,1,1,0.6534701673551426,0,-1.4090666108948258,2,1,0,0
3792,551,1,3,0.8179672138147238,1,-0.4505407518093927,2,0,0,0
3793,451,1,3,0.3431669331597495,1,0.5221912361765687,1,4,0,0
3794,501,1,1,2.168676661273396,0,-0.695956637887225,2,0,0,0
3795,434,1,2,2.050316225308135,1,1.2487889901535627,1,0,0,0
3796,467,1,5,0.5243210575488072,0,0.5372821650492402,2,2,1,0
3797,542,1,2,0.27223366538334687,1,-0.08971900275444576,3,0,0,1
3798,301,2,1,-0.6373940480799613,0,-0.3158483646175027,2,0,1,0
3799,296,1,3,-0.9106369238019514,0,-1.2197893444347723,4,1,0,1
3800,222,1,3,-0.9087308781782618,2,-0.08006975443860198,2,1,0,0
3801,179,1,5,0.3477053369054424,1,-1.1082995059220286,1,1,0,0
3802,256,2,5,-0.9785875548727214,0,-0.7868085115112838,2,0,0,0
3803,531,2,5,0.7161456560777877,2,2.893246952861018,0,0,1,1
3804,321,2,2,-0.5436060182355305,0,0.698012067747492,3,1,0,1
3805,602,1,4,-0.7909261537044918,0,2.3325240511843433,2,1,0,1
3806,506,2,9,-0.4753638746499669,1,-0.41596194281954946,1,3,0,1
3807,106,1,2,0.22783611749789479,0,1.3270748565597157,3,2,0,1
3808,630,1,2,-0.6806298921388682,2,-0.8016070217818848,0,0,0,0
3809,662,1,3,-0.8139065254683473,0,1.9239849596484966,2,0,0,1
3810,301,2,2,0.3539844171801802,0,1.9429752995039702,2,0,0,1
3811,584,2,4,1.1544196567281413,0,0.9213820844576909,2,0,0,0
3812,328,2,8,-0.11202321603695356,2,-1.166881026848873,0,2,0,1
3813,519,2,4,-0.25315045134346026,2,1.7984545412780961,1,0,0,1
3814,247,1,2,0.42214922438732355,2,0.30368509661713794,3,0,0,1
3815,141,1,2,0.3338608025276533,0,-1.106938574561797,1,0,0,0
3816,423,1,3,-1.0014577544433039,1,-0.4302414606301787,1,0,1,0
3817,475,2,6,-0.6711374701682198,0,-0.16435785817295814,4,0,0,1
3818,420,1,4,1.7265120924551394,0,2.307256820544196,2,0,0,1
3819,263,2,3,2.2711663620132434,0,0.3425397977518933,2,1,0,0
3820,420,1,2,-0.28172853363290823,1,-0.8672334292256605,2,0,0,0
3821,553,1,1,-0.17264692365493933,0,-1.179326266183924,1,4,0,0
3822,491,1,1,-1.00719560686579,1,-1.216423285627987,2,3,0,0
3823,536,1,4,0.12698045120982354,2,0.35353177366375194,0,2,1,0
3824,365,2,3,-0.7649725928655822,0,0.7696599956960061,1,1,0,0
3825,734,1,7,-0.8686601603494044,0,1.1625342010475828,1,0,1,1
3826,264,1,8,-0.6382653345481917,0,-1.4334981536669833,0,1,0,1
3827,597,1,3,0.10412054207980735,2,1.382999093507877,1,0,0,0
3828,736,1,5,-0.4247755054088066,1,-1.633761244066558,2,1,1,0
3829,596,1,5,-0.5711923929748512,1,-0.981648367542691,1,0,0,0
3830,459,1,1,0.311887370009671,1,-0.3744377526101351,0,2,0,0
3831,394,2,3,0.7013558554395084,1,0.8310498539386801,2,1,0,0
3832,707,1,4,1.0609976385960465,1,0.3720775132654486,1,0,0,0
3833,215,1,4,-0.409468752718883,0,1.6046356794569279,5,0,0,1
3834,305,1,1,0.27899359048595657,1,1.9037020163429215,3,0,0,1
3835,420,1,3,1.1938046159823552,2,-1.491890296707162,1,1,1,0
3836,747,1,5,1.4289420480463955,1,-1.5502938563123216,1,4,0,1
3837,575,1,2,-0.3187741806945357,2,0.3385191887342411,0,2,0,0
3838,306,1,3,-0.561350843127159,0,-1.0930859208467778,0,0,0,0
3839,437,1,4,1.3359597827216985,0,-1.1580421407935924,2,0,0,0
3840,377,1,3,-0.6996455293256963,0,0.47301817006422736,1,0,0,0
3841,358,2,4,0.6131675287499966,0,1.5710183102875757,1,0,0,1
3842,695,2,6,1.4261378749561944,1,0.8410022761495859,2,1,0,1
3843,225,1,3,0.3611279374036132,2,1.0625442541219132,1,1,0,1
3844,821,1,5,0.15059573098669513,0,-0.08242298741628311,1,1,0,0
3845,665,1,5,-0.9549685911592969,2,-1.5798680300659145,0,0,0,0
3846,718,1,2,-0.7764821606869996,2,-0.29820974063243577,1,0,0,0
3847,407,2,3,0.10922451818735639,2,0.07298830939494375,0,0,0,0
3848,470,2,4,0.5564438955391805,0,-1.2631313452913466,1,0,0,0
3849,213,1,5,-0.941255212562317,0,1.258937365555704,2,2,1,1
3850,395,1,3,-0.9882913290023831,0,1.257876135817152,1,3,0,0
3851,598,1,4,-0.628227524813735,0,0.2702414975126844,1,2,0,0
3852,759,1,5,0.045341030156642995,0,-1.6380723937203934,2,3,1,1
3853,278,2,8,-0.2780760059943862,2,-0.7899855342242591,2,1,0,1
3854,426,1,2,-0.9993256798496016,1,1.8281125661588622,1,0,0,1
3855,469,1,1,-0.840636786562734,0,0.24836770226283755,0,0,0,0
3856,220,1,3,0.4111117226725811,2,-0.7738982747778088,1,0,0,0
3857,618,1,5,-0.6484859977892211,0,0.9740120267420607,1,0,0,0
3858,355,1,5,-0.8810899783536458,2,0.9066014043568996,0,0,0,0
3859,460,1,2,-0.9547690095448308,0,0.08878852477365688,3,0,0,1
3860,409,1,5,0.9246752164360935,1,0.49043867135434693,1,0,1,1
3861,342,2,7,-0.3589350712742871,1,-0.03188735326869191,0,1,0,1
3862,498,2,5,-0.29536199592933793,1,0.4519186244979046,3,0,0,1
3863,456,1,3,-0.943478621330169,1,0.2204528573092069,1,0,0,0
3864,425,2,7,-0.3258417599748496,0,1.4119573939079197,2,0,0,1
3865,354,1,2,0.04768726274816832,0,-0.2755909819213523,1,2,0,0
3866,563,2,3,-0.874606145364326,2,-0.2867045563786207,2,1,0,0
3867,830,2,2,1.3599798404208607,0,-0.8107245327663303,1,0,0,0
3868,527,1,3,0.5477329506622922,2,-0.7521809909077656,1,0,0,1
3869,699,2,5,0.6387065443171245,1,1.7071459727573004,1,0,0,1
3870,221,1,2,-0.22570315136556357,1,-1.7563365975254306,1,2,0,0
3871,531,1,2,-0.5945720226671325,2,-1.354147220476688,2,0,1,0
3872,280,1,2,0.03252295037425161,1,-1.1889662547575337,2,0,0,0
3873,204,2,5,-0.7481301163371831,1,0.3055017856354432,1,0,0,0
3874,352,2,5,-0.8581412446903984,2,1.2463356800918,2,0,0,0
3875,738,1,2,-0.22175074386763952,0,-1.1103245401869406,0,0,0,0
3876,690,1,7,-0.3454470827588351,2,0.8354504973364851,0,0,0,1
3877,548,1,7,-0.84222973217949,0,0.31546323935242415,0,2,0,1
3878,193,0,3,-0.23906564158590593,1,0.6124843162669507,1,0,0,0
3879,460,1,6,-0.20366309573997482,2,-0.3250427052704482,1,2,0,0
3880,560,2,4,1.0791390675190509,1,-0.18730331642036144,1,0,1,0
3881,535,1,4,0.4402955752742712,0,-0.07103644333916329,1,1,0,0
3882,131,1,9,-0.7583261048669774,0,0.24075142401844266,2,0,0,1
3883,321,1,7,0.7246169500515355,0,-0.4162889521622558,2,2,0,1
3884,487,0,5,2.5257251047006686,1,-1.1163770153567683,1,1,0,0
3885,607,1,3,0.2746471898027007,1,0.21908881125000507,3,3,0,1
3886,64,2,6,0.565038849894558,1,-0.033787486046663456,2,3,0,1
3887,467,1,4,-0.6927375063666134,2,0.6529759766862131,3,3,1,1
3888,528,1,1,3.8906363311668914,0,0.27158964500304295,1,1,0,0
3889,669,2,3,-0.8104839461033311,0,0.4885140532146203,1,1,0,0
3890,638,2,1,0.4056233478923609,0,-1.5399290722956118,2,0,1,0
3891,616,2,2,-0.49638139579352086,0,-0.43716404818635984,1,0,0,1
3892,340,1,5,-0.5589143524535276,0,-0.06260811179326772,1,0,0,0
3893,118,1,9,-0.666432118945795,0,0.625539419203932,0,0,1,1
3894,421,1,4,-0.41620930892583485,1,0.6648518350848348,1,1,0,0
3895,700,1,3,0.5836955623837772,0,-1.1453171052419129,2,4,0,0
3896,778,0,4,1.8702412748857804,0,1.4765253316175024,2,0,1,0
3897,642,1,5,-0.46040401328499525,1,1.1902180625207863,3,0,0,1
3898,585,1,4,0.06476610309183993,2,-0.6109229470018956,1,0,1,0
3899,575,1,6,0.5708859841666838,1,-0.04413726975274441,1,0,0,0
3900,388,1,4,-0.9010008789693283,0,0.4924750699132492,2,2,0,0
3901,473,1,3,2.27993150127034,0,-0.24914218761699572,2,0,0,0
3902,833,1,7,-0.7660082894308481,0,-1.546790765753148,3,4,1,1
3903,311,1,5,1.5003107471321007,0,-1.2447873267121432,1,2,0,0
3904,822,1,2,3.378540340433947,2,-1.0317425820036705,2,4,0,0
3905,435,0,4,-0.9002454206957926,2,2.12590938305767,1,0,0,1
3906,765,1,3,1.2628513326842972,0,1.461253308090302,3,2,1,1
3907,218,1,2,0.0338166775549502,2,-1.1756059463758353,1,4,0,0
3908,617,0,6,0.7245874238524214,1,-1.1026263338347475,2,0,0,0
3909,352,2,3,-0.8903692209552548,2,0.2637143208089765,1,0,0,0
3910,216,0,2,0.8201944161827099,1,-0.41681886076681157,1,2,0,0
3911,543,0,3,-0.00746581689428095,0,0.4796795498561836,1,1,0,1
3912,701,1,5,-0.28103968471205387,0,-0.6817041149471192,2,1,0,0
3913,331,1,5,-0.17277947555413486,0,-1.1240831097022614,0,2,0,0
3914,200,1,7,0.3798562651913562,1,-1.2302313580189694,3,4,0,1
3915,481,1,3,-0.6485221660343721,2,0.06763770600347394,1,2,0,1
3916,482,2,1,1.91434086831011,1,0.9618670123389991,5,0,0,1
3917,609,1,3,-0.6339373973262431,0,0.10965462065394789,2,2,0,0
3918,689,2,1,1.1241770783694367,1,-0.7282583578843645,1,0,0,0
3919,488,2,5,-0.995469919109124,0,-0.7189623288530235,1,0,0,1
3920,871,1,4,1.5172274498247613,2,-0.020714961374637342,2,0,0,0
3921,544,2,5,0.9324274705584787,0,-1.3946739966824224,0,2,1,0
3922,430,1,7,-0.8730027569113721,1,1.2814986087098865,2,1,0,1
3923,177,1,5,0.35026093008934855,0,0.7019922041895719,2,0,0,0
3924,447,2,9,-0.5312680856090284,0,0.4727708017483962,1,1,0,1
3925,432,1,3,-0.3431971392369892,1,-0.041655903690673714,2,4,0,0
3926,692,2,2,-0.9355901962199499,1,-0.6918039207525225,3,2,1,1
3927,592,1,3,-0.7647944310271516,0,0.9432263110457425,3,2,0,1
3928,264,1,7,2.1160663299870417,1,-1.2661235436478215,3,0,0,1
3929,534,2,1,-0.4574163912150261,0,-0.5305105355052938,1,0,1,0
3930,634,1,8,-0.9810377640870102,2,0.4695181289582422,2,2,0,1
3931,805,1,4,-0.2717291898960161,1,-1.4014212762927853,1,0,1,0
3932,677,1,1,4.321554702516266,0,1.8911924867146566,3,0,0,1
3933,652,2,5,-0.5962522252429174,0,-0.2745625005595749,0,2,0,0
3934,512,1,4,-0.8530273388996795,0,2.3111655454341,1,4,0,1
3935,577,2,2,0.04133367947697317,0,0.394372079356192,1,2,0,0
3936,749,1,7,1.5587910861713643,1,-0.023279418530898013,1,1,0,1
3937,233,1,6,0.9856834100935765,0,0.355448280515241,2,0,0,0
3938,430,2,3,0.0804076317209911,0,0.5956394959204422,1,0,0,0
3939,345,1,6,-0.800864370584949,0,-1.7748510476349226,3,0,0,1
3940,575,1,4,0.5524944686258512,1,-0.8859518202409877,2,2,0,0
3941,746,2,9,0.7546059182784306,1,0.19914622761617073,2,0,0,1
3942,380,2,4,0.9186105760228488,1,-0.06211682907743226,1,0,0,0
3943,64,1,3,-0.4816064006528959,2,1.210026556169267,1,2,0,0
3944,417,1,1,-0.4731803662537749,0,-0.0965491219973666,3,0,1,1
3945,682,2,3,-0.8363780472314024,0,0.32429311051650955,1,0,0,1
3946,607,2,4,0.49887569955642713,2,0.44036983455778067,2,0,0,0
3947,585,2,4,0.35143418363560597,0,-0.24005236617610876,1,2,0,0
3948,444,1,2,-0.9009855757583083,2,-0.16450081202813407,2,2,0,0
3949,244,0,3,-0.9871763471195988,0,-1.2154161192942157,1,1,0,0
3950,603,1,3,2.0746586014502824,1,1.4358402979023202,4,0,1,1
3951,333,1,1,-0.9901466781426334,0,-0.924381118064838,1,1,0,1
3952,936,1,4,-0.000467472882524592,2,1.4112624844932349,1,2,1,1
3953,614,1,1,-0.3930549536364621,1,0.4510493990715013,0,2,0,1
3954,383,1,8,0.5202478635109379,0,0.368850487252856,3,0,0,1
3955,377,1,2,-0.9144767879532164,1,-0.74875370784893,2,0,0,0
3956,481,1,5,0.15861243504957073,0,-1.3753222898612534,1,4,1,1
3957,452,1,1,-0.03719374916885989,0,1.9898993717040026,1,1,0,1
3958,723,1,4,0.9463395901922921,0,-1.383622521745502,1,1,0,0
3959,537,1,4,-0.26443124798457857,0,0.04878883407562976,1,3,0,0
3960,353,1,4,0.3174287254806101,1,1.1414837247557663,1,4,0,1
3961,878,1,3,-0.4225180440619808,2,0.005908539015109031,2,0,1,0
3962,509,1,3,3.196596184952752,1,-1.5724223801688142,3,0,0,1
3963,653,1,5,-0.17421546605831176,1,-0.20083485516571004,1,2,0,0
3964,378,0,7,0.41661970829813344,1,-1.055379263391297,1,1,0,1
3965,572,2,7,-0.9086555613506596,2,-0.5747350578664856,0,2,0,1
3966,562,2,5,-0.37594466636209073,0,-0.45804968657944084,1,2,0,0
3967,122,1,6,-0.9401179380347326,1,-0.9691459233794624,1,0,1,0
3968,903,1,2,-0.8758664814923003,0,2.7207732364336037,1,0,0,1
3969,758,1,1,-0.2903150303439944,1,-0.11853127399859355,0,0,0,0
3970,420,2,5,-0.5661070295038431,0,-0.29301380037211266,0,0,0,0
3971,279,1,3,-0.38148202230296774,0,-0.28421994905658626,1,0,1,0
3972,569,1,6,-0.31068596921888314,0,-1.201885509248211,2,0,0,0
3973,517,1,1,-0.8308334366160292,2,0.9978199058322645,1,0,0,0
3974,571,1,5,-0.5446410538394156,0,-0.9413885422029742,2,0,0,0
3975,538,0,3,0.9961942207199603,1,-0.17315920237725416,2,0,0,0
3976,601,2,4,0.9675163755181332,2,0.48253729548573926,2,2,0,0
3977,789,2,5,-0.3217824631384844,0,1.1406176517317754,0,0,1,0
3978,613,1,3,0.39865005692397487,1,1.2394737441221433,2,0,0,0
3979,290,2,3,0.4166755961665821,0,-0.07623445223981215,1,2,0,0
3980,772,1,3,-0.9619837465794836,1,0.2734923372970816,3,1,0,1
3981,828,2,5,-0.047839025973494965,2,-0.8122888200053133,3,0,0,1
3982,1130,1,5,0.6523586649376099,0,-1.3716185554568616,1,0,0,0
3983,275,1,2,-0.09113144017831318,0,-0.2698492160219387,2,0,0,0
3984,548,1,4,-0.21462719464634367,0,1.7621006176835028,1,2,1,1
3985,83,1,5,-0.23730577754978088,0,0.8168582656106055,1,1,0,0
3986,610,2,11,-0.2865727275744376,1,-0.7752336109817859,4,0,0,1
3987,390,0,4,0.524344300712694,2,-0.9058257614661182,1,3,0,0
3988,884,1,1,0.03813958854010696,0,-0.3786753069519446,2,0,0,0
3989,345,1,5,-0.7610040136731404,0,0.28544882094115864,2,0,1,0
3990,162,1,4,-0.430147706200319,0,-0.03228570021352083,3,4,0,1
3991,405,2,1,-0.2429106397361375,2,0.3752500195307026,0,1,0,0
3992,104,1,9,-0.4556668170388873,0,-1.0117130964408303,3,0,0,1
3993,650,1,1,-0.7319689126639631,0,0.8026590771343545,2,2,0,0
3994,86,1,7,-0.8723518821125973,1,0.6266254208742684,4,0,0,1
3995,505,1,2,-0.8809475486252359,0,0.00896464531614967,2,0,0,1
3996,84,2,5,-0.6504735170602868,0,0.01674837008323568,2,3,0,0
3997,435,1,2,-0.48379867058497245,0,0.7080399739381248,1,2,0,0
3998,828,1,3,0.16022775669791658,2,0.038125190335773045,1,2,0,0
3999,572,2,4,3.2579855644578832,0,0.39880781263010096,2,1,0,0
4000,327,1,3,1.3075224709613142,0,2.8776277356952025,1,2,0,1
4001,493,1,4,0.701234059678861,1,-0.4515016401869279,3,0,0,1
4002,503,1,5,0.7014431126545947,0,-0.6218446521922649,2,0,0,0
4003,594,1,2,-0.08587306805048037,1,0.2894961576180303,1,4,1,0
4004,226,1,5,-0.7115165589660747,0,1.264297877718069,3,1,1,1
4005,618,0,8,-0.35840705139600665,0,0.7147061376618884,1,4,1,1
4006,64,2,4,-0.8514385629084817,0,0.5903722013521795,2,0,0,0
4007,374,2,5,-0.15788059761189227,2,0.5608950818929005,2,0,0,0
4008,402,2,4,-0.9841965992666115,2,-1.4243458946790224,1,2,0,0
4009,626,1,3,-0.7942133744744325,2,-1.4968574309310945,1,2,0,0
4010,504,1,5,0.25924224951367986,2,0.0770500687782337,0,0,0,0
4011,218,1,5,-0.6781268687960392,2,-0.923907321004057,3,0,0,1
4012,303,2,3,-0.4538949135966506,0,-0.027235256237326717,0,0,0,1
4013,539,1,3,0.8067763228190075,1,-1.5095140208754434,1,0,0,0
4014,484,1,7,-0.9615034508108597,0,1.0553192245468634,2,3,0,1
4015,384,1,3,-0.9844741853263062,0,0.11427486814970603,1,0,0,0
4016,403,1,6,-0.7433698812265228,2,0.15423720463585974,2,0,0,1
4017,639,1,2,0.16526185047804942,0,0.08791252392251116,2,0,0,0
4018,396,2,4,-0.7339156258002765,0,-0.5408041613177622,2,0,0,0
4019,482,1,3,1.0190738704160576,2,0.2987592987249668,2,0,0,0
4020,933,2,2,-0.5668238285921,1,0.42650524682483953,1,0,0,1
4021,215,1,5,-0.6687742707559939,0,-0.9794041536291168,3,0,1,1
4022,129,2,3,-0.7381777075330752,0,-1.2866769523422517,2,0,0,0
4023,656,2,1,-0.14003790527032886,1,0.9359744619123468,1,2,0,0
4024,364,2,3,0.9653927529794353,1,-0.24272464969020188,1,0,1,0
4025,436,1,3,-0.47798076846025794,1,0.8981574751863443,2,0,0,0
4026,343,1,2,-0.7118468309785405,0,-1.6687551087444763,0,2,0,0
4027,448,1,5,-0.45230854736218723,0,-0.19916237852274593,2,0,0,0
4028,819,1,1,1.383986803904595,1,-0.06141685369640901,2,2,0,0
4029,660,1,5,-0.5936314260279615,2,-0.29899799014856837,1,0,0,0
4030,672,2,3,0.07673863182378762,0,-0.575402083623301,1,0,0,1
4031,216,1,3,-0.6009384121126058,0,-0.5750632527724682,2,0,1,0
4032,269,1,5,0.13451339620805833,1,-0.5684923421810975,0,2,0,0
4033,64,1,2,1.1572317604114994,0,0.08860631076747652,2,0,0,0
4034,338,2,6,-0.07957433435991086,1,0.15605277670186998,0,0,0,0
4035,691,0,4,1.9883091447987233,0,-0.5347645955856755,3,0,0,1
4036,603,1,6,-0.07205116577816072,1,-1.670163020947227,3,0,0,1
4037,455,1,2,2.7390107198475357,1,0.12064158549451906,2,4,0,0
4038,495,2,6,0.3004948643328084,0,-1.3167422127393096,2,0,0,0
4039,362,1,4,0.06803191051059716,2,-0.6967695382103437,1,0,1,0
4040,540,1,11,0.793373394521214,0,-0.28786113155460213,3,0,0,1
4041,653,2,8,-0.9965182052870948,0,-1.1151052310986869,1,2,0,1
4042,176,0,4,-0.7053869707761244,0,-1.351060198050556,2,1,0,0
4043,559,1,3,-0.7602416874777937,2,-0.2714631441555751,2,0,0,0
4044,686,1,3,-0.8883117252381225,2,-1.2476109697692228,2,0,0,0
4045,416,1,4,1.8167753406386307,0,-0.505999436436661,1,0,0,0
4046,640,1,2,-0.8650497120022124,0,1.6761902021747255,1,0,0,1
4047,1062,1,3,-0.6977072000641359,0,0.7179662789961349,2,1,0,1
4048,479,1,3,-0.592673590013132,1,-0.8240360857475784,2,0,1,0
4049,578,1,3,-0.011283552159233367,2,0.31443841858265414,2,4,1,0
4050,352,1,1,0.47577252608409576,1,-0.2504201545551426,2,1,0,0
4051,536,1,7,-0.06395652064434772,2,0.05038176983944378,2,0,0,1
4052,592,1,7,0.3978731957596797,1,0.899322486441387,2,0,0,1
4053,538,1,5,-0.4847023046379945,0,0.2906059402988724,3,0,0,1
4054,296,1,4,4.553061417445215,2,-0.34492183855729297,1,0,1,1
4055,541,1,1,-0.8182370557293557,0,0.22589287451405765,1,4,0,0
4056,792,1,3,-0.48871592722975793,0,-1.1005056424622428,3,0,0,1
4057,589,2,3,0.8075157430307639,2,0.2684278300624631,1,3,0,1
4058,692,1,4,-0.7196499900484649,2,-0.49191097930001476,0,2,0,0
4059,452,0,3,0.40555371146241476,0,-1.3669567473419502,0,0,0,0
4060,649,1,3,-0.5471255668564077,0,0.853423964261908,0,2,1,0
4061,555,1,3,-0.8089988183259763,0,-0.3949536140882095,1,0,1,0
4062,309,1,1,-0.4826311346342994,0,-1.7267073528323607,1,2,0,0
4063,563,1,8,0.5545182099853654,1,-0.8977600579871288,2,0,1,1
4064,301,2,5,-0.8871017613324715,2,0.4200651101591116,1,1,1,0
4065,373,2,6,-0.26958032628752243,2,-1.0899259847275296,1,1,0,0
4066,537,0,8,0.367547387009805,2,1.5827641607076983,2,0,0,1
4067,559,1,2,0.40853405245979535,0,0.6825661107588977,4,0,0,1
4068,262,1,5,-0.5058101249166858,0,-0.6614972344511669,1,0,1,0
4069,710,1,5,-0.3689492075979902,1,0.38814903465093203,0,2,0,0
4070,614,1,1,0.9686161868266566,1,1.014938517547103,2,0,0,0
4071,359,1,4,-0.7701997858651529,0,1.3824714876362871,1,0,0,0
4072,192,2,7,3.9812098892330594,0,0.7690004492875863,1,0,0,1
4073,471,2,5,-0.455165520465031,0,-0.22394674956342336,1,1,0,0
4074,410,1,3,-0.6801517391001354,1,-0.5953941069480736,2,2,0,0
4075,522,1,5,-1.0052163571831465,0,-0.9345238032431024,1,1,1,0
4076,427,1,2,-0.8720236823072092,1,-0.18128493023231312,4,1,0,1
4077,98,1,2,0.42895004150675276,0,-0.5196000476801916,0,0,0,0
4078,422,1,5,0.05766404120313663,0,0.1807912035110375,0,1,0,0
4079,438,2,4,-0.7199926287437479,1,0.2344009830098829,3,2,0,1
4080,626,1,4,1.6541971142195413,0,-0.2701235402299138,1,0,1,0
4081,360,1,4,0.8289833882482761,0,-0.023223375522791353,1,3,0,0
4082,835,1,1,-0.6887866430903894,1,1.941470765352637,0,0,0,1
4083,117,1,9,-0.6004096865525597,0,-0.1546291867952453,1,0,0,1
4084,762,2,2,-0.8001083908022354,0,1.4371081734585776,2,0,0,0
4085,455,1,5,0.038499690943690386,0,1.703320464471982,0,2,0,1
4086,671,0,5,0.22054488817919923,0,-0.8282442347728793,2,0,0,1
4087,515,1,2,-0.49526778765965873,0,-1.4847199246569693,2,0,0,0
4088,727,2,2,0.35117286250235946,0,0.7796481043524793,2,1,0,1
4089,422,1,3,3.849297235335409,0,1.179360868684532,1,0,1,1
4090,280,1,5,-0.04507238539180978,1,1.7587845155646054,1,0,0,1
4091,784,2,11,0.05781777734280113,1,-0.4858221828015323,3,2,0,1
4092,477,2,6,-0.5317111311937871,1,1.9040377296658262,0,0,0,1
4093,544,2,3,-0.9970389242014301,1,0.27628261588282405,2,2,0,1
4094,746,1,4,2.1221256646846935,0,1.1249191077249276,1,0,0,0
4095,293,0,3,0.4973463493242399,0,1.027229802531021,2,0,0,0
4096,619,0,4,0.20176594041664322,1,-0.5462362465147315,1,0,0,0
4097,382,1,1,-0.9770825253240016,0,0.8467695615304198,1,0,0,1
4098,473,2,3,0.4394599491799431,1,-0.4739804814010267,1,0,0,0
4099,514,1,3,0.12000231684179789,1,-0.3149302042823158,1,0,0,0
4100,199,1,2,-0.15205677204706458,0,0.2713197152952633,2,0,0,0
4101,344,1,3,-0.01406314110963476,1,-1.0183552951956194,2,2,0,1
4102,770,0,5,1.5404590769095745,0,1.9548567566543187,2,2,1,1
4103,677,1,2,-1.001035987773114,1,-0.2463947529442678,3,0,0,1
4104,487,1,3,-0.8341905916376926,0,-0.5856017051112113,2,0,0,1
4105,548,1,7,1.2820924702936067,0,0.9287734364303695,2,0,1,1
4106,441,1,3,-0.9994781320684721,2,-0.448292512388046,1,0,0,0
4107,771,1,5,1.3717373747614419,1,-1.2522336475957698,1,2,0,0
4108,459,1,2,-0.9772698513243582,0,-1.3789127577237714,2,2,0,0
4109,546,2,2,0.5290789828354258,1,1.0656052144453942,0,0,0,0
4110,729,0,6,1.2456990394922454,0,-0.7188560194251352,2,4,0,1
4111,344,2,3,-0.04355355397329396,0,2.213478221117182,1,4,0,1
4112,811,2,7,0.03532400239701941,2,0.41137274996329415,2,1,0,1
4113,193,1,2,-0.9550901084047756,0,1.0320299726883995,0,2,0,0
4114,825,1,5,-0.7669654250141316,0,-0.4132108143872262,2,0,1,0
4115,425,1,2,1.3287071775119783,2,0.5012547414196982,1,0,0,0
4116,451,1,7,0.757452502458327,0,-0.6407434178494537,1,3,0,1
4117,121,2,4,-0.945420205632135,0,1.5588727659971906,0,0,0,1
4118,409,1,4,0.6973507727084342,0,1.3933767812450828,1,1,0,1
4119,292,2,4,-0.44769985016535857,0,-1.2757867025141931,3,0,0,1
4120,378,1,6,-0.1711831567876992,0,0.4818536734859991,0,0,0,0
4121,472,2,6,-0.8911591534090983,1,1.4571199883586758,0,0,0,0
4122,691,1,6,-0.4906054842676324,1,-0.1815686486826897,2,2,0,0
4123,541,1,8,-0.42733969113600195,1,1.0631504412490056,1,2,0,1
4124,561,2,5,0.11816689954173545,1,-1.7612628925027078,0,0,0,0
4125,280,1,5,0.08203320564260318,0,0.44631882159654385,1,0,0,0
4126,323,2,6,-0.19825258293128534,0,-0.9708877806692188,0,0,1,0
4127,859,1,3,-0.9753665945957825,2,-1.345142782368187,0,0,0,0
4128,352,1,6,-0.8287118818918935,0,0.4851684080055211,4,0,0,1
4129,831,2,4,-0.8302050523648141,2,1.0365920910501683,1,2,1,1
4130,451,1,4,1.2163734771675254,0,2.1270957327437285,1,2,0,1
4131,500,2,5,1.35160475786094,0,0.5265599878918301,1,0,0,0
4132,714,1,4,0.6626698420162277,0,1.3332799885015665,1,0,0,0
4133,754,1,5,-0.8123533431025008,0,-0.4548057403399334,2,2,0,0
4134,477,1,3,0.8569952892179796,2,1.9483896853019442,2,2,0,1
4135,422,1,3,-0.7965581239506967,0,-1.4247881588465028,2,2,0,0
4136,488,1,5,-0.18519137485283518,1,0.622109235280703,1,0,0,0
4137,567,1,3,0.3385501897195275,0,-0.2462270022672165,2,2,0,0
4138,678,1,4,-0.9540212142278836,1,1.6641222571029644,1,1,0,1
4139,500,1,5,-0.08116787243195676,0,1.1391372128048127,1,0,0,1
4140,623,1,3,-0.7137275571520284,1,-0.8111440929965176,1,1,0,1
4141,827,1,3,-0.3072236489419035,2,-1.0777911274033416,1,1,0,0
4142,576,1,3,-0.5152378876360447,0,1.465323493863127,2,2,0,0
4143,562,1,5,0.1721670586642093,2,0.4080344706315742,1,0,0,0
4144,196,1,2,-0.3246270887308959,0,-1.4030087153867024,4,0,0,1
4145,64,1,5,-0.642722705942848,2,-0.7688352287590375,1,3,1,0
4146,577,1,1,1.4452885702468736,0,0.5202325391136783,2,0,0,0
4147,481,0,3,2.2422293469824948,2,-0.2919508270768723,1,0,0,0
4148,397,2,3,0.6388223971947896,0,-0.966142388092411,1,2,0,0
4149,548,1,4,-0.12374411623666823,1,-1.3582665852392672,1,1,0,0
4150,487,1,4,1.1866270058633308,2,-0.790100235944878,1,4,0,1
4151,725,2,4,-0.07165266056942206,2,1.3565919457000726,3,0,1,1
4152,517,1,4,-0.8439666089874778,0,0.7791222543433545,1,1,0,1
4153,350,2,5,-0.9899821396891247,0,1.1770761907163512,1,0,0,0
4154,698,2,6,0.3085676635893324,1,-0.2977030172309736,2,0,0,0
4155,456,1,5,0.4122804230401511,1,1.1532299188324375,0,2,0,0
4156,605,1,8,1.6379266529266778,1,-1.0252903211337439,2,1,0,1
4157,404,2,2,0.7604657682527892,2,-0.3160990838801207,1,0,0,0
4158,370,0,2,0.03006528745132841,0,1.12095950693864,1,2,0,0
4159,516,1,1,-0.7931608859980764,1,-0.5724414156849004,2,0,0,0
4160,502,1,2,-0.09093282601305792,1,0.7210158535664419,0,0,0,0
4161,595,1,3,-0.42774522166376827,0,0.006275733060200505,2,4,0,0
4162,446,1,3,-0.7392440136754337,0,-1.451605156007686,0,3,1,0
4163,132,2,2,0.6246553617607822,1,-0.28468892693704034,1,0,1,1
4164,413,2,8,-0.8430989711462558,0,-0.858881090860112,3,0,0,1
4165,658,1,6,0.0043101496855256615,1,-0.7107133647307975,2,1,0,0
4166,440,2,1,-0.048197821619496366,2,1.2365130768706896,2,0,0,0
4167,450,1,4,-0.639829638728014,0,-0.48750883476321916,1,0,0,0
4168,697,1,2,-0.43749653429664837,1,-1.3009404844473285,1,4,0,0
4169,357,1,7,-0.8818005471145085,1,0.3025942923964239,3,0,0,1
4170,191,1,5,-0.9815570816591154,0,-1.69914625868734,1,0,1,0
4171,467,1,3,-0.9945353743127506,1,0.12991108923680378,2,2,0,0
4172,403,1,2,-0.8130394334706257,2,1.4636275498186735,3,2,0,1
4173,306,2,3,1.0438078191681357,2,1.1412852963965605,2,0,0,0
4174,464,2,4,-0.25581033719704227,1,0.21008647765321967,1,0,0,0
4175,598,1,3,-0.881173796445485,1,-0.03075722625360558,2,3,0,1
4176,498,1,3,1.3915495747068745,1,-0.6024064385698346,1,0,0,1
4177,561,1,6,-0.1520977116328551,1,0.08950957870489462,0,2,0,0
4178,862,0,4,-0.9790986068731581,0,-0.9627128531122283,0,1,0,0
4179,431,1,6,0.4552687668125342,0,-1.7212733545919554,1,0,0,0
4180,555,1,3,-0.3555235823167399,0,-0.5973098405288245,3,0,0,1
4181,398,1,7,-0.23372511962255293,1,-0.5780541660049048,1,3,0,1
4182,330,1,4,-0.04171550433374635,0,-0.8333432634327845,0,0,0,0
4183,383,1,6,-0.9069551009440278,1,-1.7548593868161257,0,0,0,0
4184,404,2,1,1.9940964021467469,0,0.36217716599214356,2,0,0,0
4185,571,2,5,-0.7079266872229563,1,-0.33288071861295504,3,1,0,1
4186,969,1,6,-0.018830665048553668,1,1.6471069037041983,1,0,0,1
4187,356,1,10,0.9601096494031288,1,1.9245230557651427,2,0,0,1
4188,416,1,4,-0.5976280198280164,1,0.34241949868007693,3,1,0,1
4189,487,2,9,-0.0033271090033083796,2,-0.16965092394597173,0,0,0,1
4190,579,1,3,3.5677595137780727,2,-0.1290685979254602,0,0,1,1
4191,552,1,7,0.9339457598508745,1,-0.45313463270514925,1,0,0,1
4192,756,1,2,0.5288342493688151,0,-0.0036077846361868824,1,1,0,1
4193,64,1,5,-0.4194079832409485,0,0.0035530224162993404,1,0,0,0
4194,64,1,3,-0.39746098992184714,0,0.11595206103312689,2,0,0,0
4195,400,1,4,-0.3318697258714816,1,-0.6954026905904424,3,1,0,1
4196,719,1,7,0.18474837051831497,1,-1.059604180229454,3,1,0,1
4197,186,1,3,-0.8493211443966997,1,-0.8695460939805721,0,1,1,0
4198,64,1,8,0.9993400781256612,0,0.3754828224276197,2,1,0,1
4199,614,1,3,-0.9893073576444554,0,-0.9191115135946775,1,0,0,0
4200,548,1,1,-0.8183586035334954,1,-1.3710144486686489,2,0,0,0
4201,281,1,4,-0.33920857441463353,0,0.09072485263226576,2,4,0,1
4202,302,1,4,-0.7123910307354672,0,-0.4132109500562984,1,1,0,0
4203,306,2,3,-0.5450414774021274,0,1.0888334251657108,3,0,0,1
4204,522,1,4,-0.596614272834195,1,-0.9349126523070567,1,0,1,0
4205,374,1,4,-0.6892167819446313,1,1.2311292352661132,1,0,0,0
4206,598,1,4,-0.5212061732777432,0,-1.2056077649878996,2,1,0,0
4207,64,1,2,-0.29205790904931606,0,-1.2513450036315117,1,0,0,0
4208,328,1,2,-0.34986067106450053,1,0.04672052915068472,2,2,0,0
4209,274,2,3,0.6915875046044472,2,1.1964125589808676,1,0,0,0
4210,448,1,1,-0.6331901500033918,2,0.20192168404703625,0,2,0,0
4211,392,1,3,-0.6710440268088975,0,-0.0008555305421408881,1,0,0,0
4212,659,2,4,-0.2937825524638527,0,0.0886661717673536,0,0,0,0
4213,128,2,5,-0.957902953697663,1,1.3179276036085315,1,2,0,0
4214,509,0,4,-0.8872676505810504,0,-0.23539497537340814,1,0,0,0
4215,611,2,6,0.6449008680017879,0,0.14876887056298013,0,2,0,0
4216,871,2,2,-0.3155888873764343,1,1.9201316280632497,1,4,0,1
4217,403,1,2,-0.9378348769415834,0,-0.2281157828318847,1,3,0,1
4218,564,1,3,-0.4174420689524776,0,-0.4584943379634688,2,1,1,0
4219,139,1,5,-0.49124742627355344,1,1.2865041642655453,3,0,0,1
4220,64,2,3,-0.7204945328845275,1,1.0431480693613668,1,0,0,0
4221,668,2,7,-0.5345321537542539,1,0.09136069895077699,3,4,0,1
4222,498,1,5,-0.7956049356571134,2,0.05899362728819508,1,0,0,0
4223,735,1,3,-0.40154901077608784,0,-0.07752911502698394,2,0,0,0
4224,225,2,7,-0.4737494217890057,1,0.7127978008316069,0,1,0,1
4225,603,2,5,-0.0566639492763022,0,2.154494150010927,1,0,0,1
4226,873,1,2,1.8899295781564414,0,-1.2977057138566659,2,3,0,0
4227,583,0,6,-0.7992236288455089,1,0.4929847619490398,1,0,0,0
4228,555,1,4,-0.4583064105110405,0,-1.786926074641652,0,0,1,0
4229,501,1,6,-0.16770913007423832,1,0.6881608257678304,3,2,1,1
4230,185,1,2,-0.20248960380141753,0,-0.4089501545872806,0,2,0,1
4231,771,1,6,0.0933979150944414,1,2.5761141877563514,1,2,0,1
4232,377,1,4,-0.6906548572591311,0,-1.0602053579102133,3,0,0,1
4233,600,2,6,0.01596453956699767,0,0.8636373825377518,0,1,0,0
4234,187,2,2,-0.779418427284059,1,0.8065748845632662,3,0,0,1
4235,264,2,5,-0.871520880987248,0,0.8337243854958749,3,0,0,1
4236,787,1,5,0.8042602223101948,0,1.1445797829719029,2,2,0,0
4237,430,1,4,-0.3549347632540612,0,-0.48113326422787134,1,0,0,0
4238,790,1,7,-0.49291441408720993,0,0.5412056398272407,1,2,0,1
4239,484,1,3,1.6754787048449293,0,-0.44361548923732963,0,0,1,0
4240,131,1,5,0.25031166574496,1,1.8034448912723742,3,1,0,1
4241,678,1,6,0.14195488855203858,2,-1.1374235807047335,2,0,0,0
4242,382,1,7,-0.7881790752451124,1,1.0893440202745075,1,0,0,1
4243,639,2,2,-0.7690680459925952,0,1.9768326095436775,2,0,0,1
4244,505,1,1,-0.33667932143398216,0,0.20149470781337514,2,2,0,0
4245,191,0,4,0.06661353474687878,0,-0.9460117228398457,0,0,1,0
4246,532,1,3,-0.49629188347861597,0,0.41101145474307876,1,2,0,1
4247,939,0,4,-0.9403923026941332,0,1.1396101926058455,0,2,0,1
4248,598,1,4,0.16071308774703824,0,-1.0789629175747468,2,0,0,0
4249,488,1,5,0.5036498416843341,1,-1.147128669191826,1,0,0,0
4250,715,1,1,1.9292998455252344,0,0.9934076565560668,4,1,0,1
4251,542,2,6,-0.47333730290922693,2,-1.2001287833662595,1,0,0,0
4252,541,1,3,-0.7042928292308351,1,-1.534147910994903,2,2,0,0
4253,281,1,1,1.6376801160114316,2,-1.2234800156916894,1,2,0,0
4254,546,2,3,0.26934671765744034,2,-0.2549116505718184,1,2,0,0
4255,707,1,1,-0.9406085243332445,1,1.3136521200891487,1,0,1,0
4256,332,1,6,-0.1254739120485146,0,-0.29611033380034035,0,1,0,0
4257,784,1,3,-0.9784275944714761,0,1.818174458997139,3,0,0,1
4258,481,1,4,-0.7466139433461862,0,-0.2563991884244865,2,1,0,0
4259,322,1,8,-0.9330102125480396,0,-0.06883898696719687,1,2,0,1
4260,699,1,5,-0.7746694047615093,1,-1.4434441551779562,1,1,0,0
4261,442,1,6,-0.3231677980334803,1,-0.453339768218811,1,4,0,1
4262,651,1,3,-0.6467398052529034,0,-0.38382438093338345,2,0,0,0
4263,441,2,3,-0.9141602279995993,1,0.4496207164078437,3,0,1,1
4264,488,1,2,-0.33872570465967405,0,1.7281456865607427,2,0,0,1
4265,598,1,3,0.24587425207684685,2,-0.32378956474763904,3,0,0,1
4266,558,1,4,-0.9523423263483197,0,0.19138733116189383,2,0,0,0
4267,100,1,1,1.1691978145215012,0,0.8160571936038906,1,0,0,1
4268,275,1,6,0.06885691506202343,0,-0.4720249846038309,1,0,0,0
4269,685,1,4,-0.2625359368437433,1,-0.23720858208544918,2,3,0,0
4270,473,1,2,-0.4945339034433122,0,1.072106866164599,0,0,0,1
4271,395,2,5,-0.4996246352105296,2,-0.4031655781275503,1,0,0,0
4272,228,1,7,-0.5920694359206445,0,0.25649732982455886,4,3,0,1
4273,284,1,3,-0.8827699111818095,0,0.1647138414810754,2,0,0,0
4274,95,1,1,-0.923894995834121,0,2.0017813601215537,1,0,1,1
4275,479,1,1,-0.6321823104417708,1,-0.1659242969549717,0,2,0,0
4276,380,2,2,0.11073380136424335,0,0.6145234949981788,3,4,0,1
4277,306,1,2,-0.6618186798252388,0,0.04344921977409469,1,2,0,0
4278,486,1,7,0.6934416885068589,0,-0.3481760195933076,1,2,0,1
4279,572,1,1,-0.5211827217382036,2,1.5574269454327432,2,0,0,1
4280,918,1,4,0.0066637022053950305,0,2.602455394388233,2,0,0,1
4281,197,1,3,-0.4327197724426449,0,0.4173623219437439,2,1,1,0
4282,731,1,5,-0.30728437653642887,1,1.2886658465525416,1,1,0,1
4283,694,1,1,-0.7150481304929246,1,-1.5992809331678086,2,0,0,0
4284,344,1,5,-0.2742618843858852,2,-0.408806564175594,2,0,0,0
4285,540,1,2,-0.8885919514038437,1,-1.0528768873522816,0,1,0,0
4286,408,1,2,-0.5104966257059362,0,-0.9723411156048934,1,0,0,0
4287,537,1,3,-0.4029484958402441,0,-1.4350248571919861,2,2,0,0
4288,801,1,4,0.23031981911430227,0,1.9382135835984309,2,0,0,1
4289,621,0,3,-0.4879345300040603,2,-1.2118793544207471,2,0,0,0
4290,601,1,4,0.10577242264745625,0,-0.5962855003262854,2,0,0,0
4291,413,0,6,-0.8126777740806567,0,-1.3468068771398656,2,0,1,0
4292,203,1,4,-0.9818773244032145,0,-0.9668788305470954,1,2,0,0
4293,458,2,5,-0.290701946297656,2,0.4918727845770093,3,0,0,1
4294,741,1,5,-0.35468179363088287,0,0.7025055132944829,2,1,0,1
4295,194,1,7,0.11898009519791411,0,-0.4674219580580664,2,0,0,1
4296,288,2,5,-0.6252202383803029,0,-1.1827368709049304,1,0,0,0
4297,525,2,4,-0.9770250722020125,0,-1.436464944875475,0,0,1,0
4298,303,1,4,0.2999029003128192,1,-0.045521166966836724,0,3,0,0
4299,341,1,6,1.891817679720004,1,0.7770562566084174,1,2,0,0
4300,415,1,4,-0.49798745497997343,0,0.7109817939820109,3,0,0,1
4301,226,2,3,-0.04722046059603367,2,1.2739243819858095,0,0,0,0
4302,305,1,6,-0.2076494618382143,1,-0.828479798909531,1,2,1,0
4303,640,1,7,-0.15888680350107168,1,0.5204660319294466,0,0,0,1
4304,238,2,5,1.0468948364741102,1,-1.024016270923359,3,4,0,1
4305,180,2,7,0.3479972951607671,1,0.5932985485590276,1,1,0,1
4306,373,1,3,0.4859805032976454,1,-0.9498314601647735,1,1,0,0
4307,646,1,3,-0.9118994913981372,0,1.5073227158477742,0,2,0,0
4308,460,0,5,-0.8464998376415901,0,-1.1860740465835118,1,2,0,1
4309,407,1,3,0.09931347641350288,0,1.135859604978003,1,0,0,0
4310,508,2,7,-0.2170536309565225,1,-0.8273935272038287,0,0,0,1
4311,150,1,4,0.506021983379275,2,0.22254830978102963,1,0,0,0
4312,598,1,4,-0.9085006160490451,0,1.3888716609318994,2,0,1,0
4313,576,1,4,-0.15774800319834328,1,0.2818208655827369,3,0,0,1
4314,418,1,5,-0.330822358720775,0,-1.5121597601045915,2,0,0,0
4315,701,2,2,0.953959094077451,2,0.08894347559761538,3,0,0,1
4316,274,1,2,-0.7971156132898598,1,0.5041996591171107,1,1,0,1
4317,725,1,5,-0.5717315385531557,0,-0.3378999204471263,1,0,0,0
4318,530,1,5,-0.8420034014937811,0,-1.372476551701606,1,1,0,1
4319,432,1,2,-0.3966025186972362,0,-0.6575294988129625,2,0,0,0
4320,496,1,3,1.1606142748773456,1,0.6743648462599753,2,4,0,1
4321,478,1,7,0.12077096500264714,1,-0.9111396287228708,1,2,0,1
4322,744,1,4,0.3791842227852199,2,-0.6765553738948288,2,2,0,0
4323,284,2,2,-0.908205001521648,1,0.5907409370720365,1,2,0,0
4324,347,2,3,-0.39605802366929,0,1.1653445292499391,1,0,0,0
4325,707,1,7,0.8476136481456876,1,-1.1403076737386382,2,2,0,1
4326,380,1,3,0.8401342642748514,2,1.8788513913511802,1,2,0,1
4327,680,1,8,3.492270768832211,2,-0.20633578868227803,2,1,0,1
4328,839,1,3,-0.2484718229199374,1,-0.6201293118129099,1,3,0,0
4329,419,2,4,-1.0057545569895714,0,0.9507490963206143,1,2,1,0
4330,636,1,6,1.3245545490020834,1,-1.6065154753751127,1,3,1,0
4331,269,1,1,2.173631446687563,1,1.4239320572270022,2,0,0,0
4332,650,1,3,1.6646038120176945,1,-0.08980597039441561,2,0,1,0
4333,539,1,2,0.4954116897023337,0,0.5137561289744628,2,0,0,0
4334,594,1,6,-0.7656450739327844,0,-0.7123427079653466,1,1,0,0
4335,370,1,2,-0.8555781317246424,1,1.3788837284198587,2,2,0,0
4336,167,1,6,0.2196896256023003,1,0.8299168238350817,1,0,1,0
4337,600,2,5,-0.8539631856870404,0,0.8572043366031189,2,2,1,0
4338,87,2,2,2.108843153164117,0,-0.22847813490990163,3,2,0,1
4339,436,2,1,-0.40749777099621276,1,1.477193243478811,2,4,1,0
4340,688,2,2,-0.9760289204855552,1,0.1866971463799313,2,0,0,0
4341,538,1,3,-0.8418571608438192,0,1.038905185649572,1,3,0,0
4342,889,2,6,-0.6588316357804501,0,-0.6803387633441554,2,0,0,0
4343,705,1,2,0.2294912299866672,0,-1.3344364660812005,2,2,0,1
4344,369,1,5,0.3516900561586568,2,-1.527835700374239,0,1,0,0
4345,505,2,5,-0.7642111942204025,0,1.9496455093895326,1,3,0,1
4346,490,1,4,0.05570780628467858,0,1.1200591191481573,1,0,0,0
4347,183,0,2,-0.974966023582368,2,0.4652583735312092,1,1,0,0
4348,311,1,1,-0.897473566119423,1,-0.8975680278151519,2,0,0,0
4349,387,2,3,-0.22903861636073652,1,-0.5841113828641529,1,2,0,0
4350,92,1,5,0.22972793937289207,1,-0.16398543391976286,0,0,0,1
4351,509,1,2,1.491818197549507,0,0.7706768279226666,4,1,0,1
4352,450,1,6,-0.42221162619767644,0,0.6582920522161215,0,4,0,1
4353,165,2,4,-0.8779001709455497,0,-0.4134988311718493,1,1,0,0
4354,580,1,4,1.6820732001819008,0,-0.2298212591056348,2,0,0,0
4355,643,1,8,-0.42278091317305744,0,1.6493469552313753,2,0,0,1
4356,545,1,4,-0.307999872307831,2,-0.9327450743582618,1,0,0,0
4357,435,1,8,0.952159268358785,0,-1.3588307980467675,1,2,0,1
4358,618,1,7,-0.11144661686069503,0,1.590518386072396,2,1,0,1
4359,636,1,4,-0.6429847821743837,0,-0.5578881021383444,3,2,0,1
4360,561,2,4,-0.21633926595452285,0,1.3235428426962896,1,2,0,1
4361,335,1,4,-0.010651669947565983,0,0.4442544113502001,0,3,0,0
4362,555,1,3,1.2352781918127593,0,-0.5524779484126174,1,0,1,0
4363,739,1,6,-0.7356269480400264,1,0.3071100118236998,2,0,0,0
4364,380,1,2,-0.1742894172663498,1,-0.12821107099949464,4,0,0,1
4365,919,1,3,1.5673863323235897,0,-0.7082225917639735,2,4,0,0
4366,394,2,4,-0.9605292274678997,1,-0.4394089993262805,1,3,1,0
4367,506,1,6,-0.7877901038975956,0,-1.3507703114421004,0,0,0,0
4368,365,1,4,-0.5754698654094358,1,-0.40342809448148836,1,0,1,0
4369,544,1,3,0.1461836693461166,0,-0.02994346552243572,0,1,0,0
4370,151,1,1,0.8678420310100184,1,0.7050563528020718,1,0,0,0
4371,390,1,3,-0.7819607905572622,0,0.0794741030616992,1,0,0,0
4372,281,1,4,-0.7197252246509237,0,1.308169901641909,1,1,0,1
4373,527,2,4,0.754971223030158,0,-1.4797189013681618,0,2,0,0
4374,698,1,2,-0.8445478813034628,0,-0.04380183896034164,1,0,0,0
4375,629,1,5,-0.6999946005920217,1,1.0798066354326945,4,0,1,1
4376,64,1,6,0.33403982970526214,2,-0.5358380656620979,1,0,0,0
4377,908,1,4,-0.823046373653104,2,-0.9386527692327974,1,2,0,0
4378,559,0,4,0.7826728554393977,1,-0.7986941312783752,0,0,0,1
4379,344,1,3,-0.32198289074505915,2,-0.4618092145676985,2,0,0,0
4380,531,0,3,-0.4042913535909579,2,-0.6586287754719984,2,4,0,0
4381,535,1,2,-0.8600596399900072,1,-0.22349051737712694,1,2,0,0
4382,366,1,3,0.14995456658201795,0,-0.3280409393757718,3,0,0,1
4383,539,1,4,1.1831185769402088,2,-0.6013874101585189,0,3,0,0
4384,378,1,3,0.19027070509742386,0,0.45110451611677227,3,0,0,1
4385,419,1,5,-0.6202604253066426,0,0.07299879437039515,1,2,0,0
4386,362,1,7,0.21261663649302875,1,0.5426347837184583,0,0,0,1
4387,213,1,5,-0.28244418625286594,2,1.3777697645053353,2,0,0,0
4388,529,1,1,0.9472866523348451,1,2.1172999106558015,2,0,0,1
4389,617,1,2,-0.381813199320941,0,0.013797189850089348,1,2,0,0
4390,602,1,1,-0.7323408467530441,0,0.3715254676464689,3,0,0,1
4391,663,2,2,-0.8992821246451204,0,1.7043610946727477,0,1,0,1
4392,564,1,5,-0.6722383430326365,0,0.7593807026604603,1,2,0,0
4393,393,2,5,-0.16463926503814444,0,0.9462991159609081,3,4,0,1
4394,667,1,1,-0.8182980783491537,1,1.0964692614332463,2,0,1,0
4395,228,1,2,-0.9665970895135743,1,-0.019523032393996626,1,0,0,0
4396,319,1,3,-0.4019486354127146,0,0.6095733266350103,1,1,0,0
4397,307,1,1,-0.5737300890321749,0,-1.6383116266599596,1,0,0,0
4398,716,1,3,-0.453143474286995,1,-0.31501356897902305,1,2,1,0
4399,688,1,1,-0.3921388261005597,1,-0.3228902421960748,3,2,0,1
4400,597,1,5,0.46969450952537867,1,-0.598114210393522,0,2,0,0
4401,714,1,6,2.2898574363933077,2,-1.1508065908914407,1,0,0,0
4402,324,2,7,-0.6984688449425851,0,-0.7297943018473585,0,0,0,1
4403,569,1,1,1.8951192812695792,0,1.17736947161894,4,3,0,1
4404,474,1,3,-0.7441762643520357,1,-0.6744499629149099,0,0,0,0
4405,669,1,5,0.42243828637420167,2,2.5603733340862322,1,0,1,1
4406,476,2,4,0.15532738922537467,0,-1.1313824106223827,3,2,0,1
4407,423,1,3,-0.9533118975630719,1,0.9680359840353499,1,0,0,0
4408,608,1,4,0.3048903322519457,0,-0.17079350914421493,3,0,1,1
4409,675,2,1,1.3455488456389726,0,0.5062538600183968,2,3,1,1
4410,366,2,4,1.7000699874722227,2,1.4185139462193135,2,1,1,0
4411,487,1,6,0.16768220222279204,0,-1.0576640759508582,2,1,0,0
4412,288,1,7,0.5630585224605292,1,-0.30140163364151823,2,0,1,1
4413,64,2,4,-0.9323652352642603,1,-1.0546964798473728,1,2,0,1
4414,540,2,3,-0.8290131655012462,1,0.4247419837276415,1,0,1,1
4415,621,1,7,-0.6981996528475881,0,-0.12971945721576608,2,1,1,1
4416,552,1,1,-0.23703961401585896,2,-0.6951460613205062,3,0,0,1
4417,110,1,7,-0.511363413946781,1,0.24137147344994764,1,0,1,1
4418,429,1,3,0.08084514416183508,0,0.5626960318630287,3,1,0,1
4419,64,1,2,-0.40775281963577115,0,-0.22466907752575122,1,0,0,0
4420,773,1,5,0.5093795731448636,0,-0.008674307876838606,0,2,0,0
4421,282,0,5,0.26382480125857793,0,-0.13043156579721693,3,4,0,1
4422,751,2,3,0.3911177204872778,0,-0.6937688973076517,3,0,1,1
4423,689,1,1,0.7875062473969535,0,-1.6740962984693313,2,3,0,0
4424,319,1,2,0.8199516378401975,1,-0.7817049665749035,1,0,0,1
4425,273,1,10,0.5300685827259733,2,0.19786318552440435,3,1,0,1
4426,570,1,3,-0.9384979984093705,0,-0.6338648579575787,1,2,0,0
4427,331,1,4,-0.015136295589285509,1,-0.5011783733728742,0,1,0,0
4428,520,1,4,-0.9875341702690632,0,0.4329994653800552,1,0,1,0
4429,403,1,1,0.3770395833010336,0,-1.3276613826351396,1,1,0,0
4430,143,1,4,-0.9437857777066035,0,0.3303627744409076,2,2,0,0
4431,64,2,5,3.1492444556685126,2,0.4694205869516236,2,0,0,0
4432,545,1,7,-0.03947425482448004,2,-0.19134166031223684,2,2,0,1
4433,387,1,6,-0.803540357366085,1,0.4876824559969112,1,0,1,0
4434,389,2,1,-0.3654335352848149,0,-0.1357083674443402,2,1,1,0
4435,639,1,3,0.7746810963515003,0,-0.6494810188121078,0,0,0,1
4436,734,1,2,-0.8060242464866703,0,-0.575135255940075,1,2,0,0
4437,445,1,2,-0.22517107549802287,2,1.9724239647325947,2,2,0,1
4438,431,0,3,-1.0042150777081398,1,-0.723774584951834,1,2,0,0
4439,600,1,8,0.5718570927323118,1,-1.0925135250365445,2,0,0,1
4440,228,1,2,-0.7877398586074424,1,-0.5196645923692125,2,0,1,1
4441,544,1,4,-0.5098153725465191,1,-0.2780342950549585,3,2,0,1
4442,610,1,2,-0.239412495570468,1,1.0088625527178585,3,0,0,1
4443,636,1,1,-0.8486977204287447,1,0.14485748778705815,2,1,0,0
4444,112,1,5,1.649577998421123,2,1.1986192890963103,2,2,0,0
4445,347,0,7,-0.36442568795264546,0,-1.0066373636743535,2,0,0,1
4446,324,2,3,-0.7396742678326687,2,-0.30166747260753085,3,2,1,1
4447,519,1,5,0.34340180529215125,1,-0.9767187899712175,2,4,0,1
4448,596,1,3,1.2768509053370771,1,-0.12556776730819955,1,0,0,0
4449,799,1,4,1.4718671729344794,2,0.8873094796982061,2,0,0,1
4450,401,2,2,-0.4341144158779009,2,0.0954186989025008,1,0,0,0
4451,400,1,5,-0.5548065930602103,0,2.2526878974437654,0,0,0,1
4452,729,1,1,1.686102163026155,2,0.13285151083418087,0,2,0,0
4453,559,2,4,-0.9526506963254435,0,-0.08099101628878377,1,0,1,0
4454,753,2,6,0.4043179543272853,0,1.637050707645935,1,2,0,1
4455,557,1,2,-0.8091069630539275,0,0.10650183484755678,2,1,0,0
4456,268,2,5,-0.3707339379209847,0,0.37972454118291765,1,0,0,1
4457,233,2,2,2.117080916372859,2,0.5707950570704323,1,0,0,1
4458,189,1,1,-0.12275597365569499,0,1.8941117712643032,0,0,0,1
4459,632,1,5,-0.2540361793474761,1,-0.8747163179396121,0,2,0,0
4460,737,0,4,-0.9429806017799951,0,0.30890449402290426,0,2,0,0
4461,869,1,5,-0.677496267217223,1,0.5112311721043756,0,1,0,0
4462,668,1,6,-1.0047555849747403,0,-0.11428512054258269,2,1,0,0
4463,732,1,4,1.107155799022366,1,-0.3768362808773358,2,4,0,1
4464,383,2,3,0.045053465057613304,1,0.21468769179323577,1,0,1,0
4465,268,2,2,-0.8801229563505371,0,1.8152177852371403,0,1,0,1
4466,670,1,4,-0.548416992170416,2,-0.28235569073369216,0,3,0,0
4467,583,0,9,0.6888491566969376,0,-1.2570111036209848,1,3,0,1
4468,521,2,8,-0.8541049403652131,1,-0.4773493799226075,4,0,0,1
4469,577,2,7,-0.7416823953459684,1,-0.815027218395167,0,2,1,1
4470,564,1,3,-0.2149516558382316,0,-0.4925427726201811,0,1,0,0
4471,756,1,1,-0.8485964975230349,2,-0.3110220905915866,1,0,0,0
4472,758,1,5,-0.5172102599749384,1,2.0755446310807733,2,2,0,1
4473,608,1,4,3.0854074643516745,2,-0.8081452488500754,1,0,0,0
4474,669,1,4,-0.20951496214700996,1,-0.013617294204974085,2,0,0,0
4475,602,2,3,0.2218742275298375,1,1.301344699538549,0,0,0,0
4476,407,1,6,0.09924228060904593,0,0.03996116055030018,1,0,0,0
4477,651,2,5,-0.765901771434724,2,-1.0848192856661851,0,1,0,0
4478,221,1,2,0.8956544196139768,0,-0.25785298257427297,3,2,1,1
4479,710,1,2,-0.8754736271550762,2,0.7424223079065061,2,0,1,1
4480,261,1,2,1.5815066897322472,1,0.7324814958713007,1,2,0,0
4481,557,1,6,-0.7602660272568287,1,0.3774418914840443,2,0,0,0
4482,330,1,5,2.1404539519953114,0,2.0825417683443406,2,3,0,1
4483,610,2,2,0.6187703125908418,0,1.0839104282669692,3,0,0,1
4484,493,1,3,-0.8171446122277002,0,1.867710175664773,1,0,0,1
4485,181,1,3,-0.8300433218678892,2,1.1962073505916297,3,0,0,1
4486,584,1,3,-0.9180374309379659,0,-0.10639711737433054,3,1,0,1
4487,384,1,3,-0.7188459952686787,0,-0.37199345130675376,2,0,0,0
4488,676,1,5,0.08671100778889053,0,-0.07885230492365189,0,0,0,0
4489,500,1,3,-0.26071205763258914,2,-0.013642367434314706,2,0,1,0
4490,579,1,4,-0.041389545489278985,1,-0.40766630153662764,2,0,0,0
4491,308,2,5,-0.9756872289521794,0,0.2918708384710467,3,2,1,1
4492,382,1,6,-0.9230888635201497,1,0.030686726380843417,1,1,0,0
4493,408,2,7,0.18982868199900926,0,0.019633723348601938,2,1,0,1
4494,671,1,6,0.907587604364099,0,1.9336228277539795,2,0,0,1
4495,835,0,8,-0.5548693067786171,1,0.19731102994112418,0,2,1,1
4496,338,1,5,-0.8226515665402873,0,-1.6617910371963232,1,0,0,0
4497,715,1,4,-0.6328807133708648,0,1.6345875175741393,1,2,0,1
4498,66,1,5,-0.4677097859772005,0,-0.48154098306219784,1,0,0,0
4499,261,0,2,0.0037510918638228763,0,-1.3013312812832958,1,1,0,0
4500,308,1,8,-0.47212257409351904,2,-0.04392856333111816,1,0,1,1
4501,229,1,4,1.3044078146557594,1,-0.9028613335692645,0,1,1,0
4502,183,1,4,-0.4862522638224413,0,-0.588058444040986,0,3,0,0
4503,582,1,2,-0.8043166477490175,1,-0.4167953294618722,1,0,0,0
4504,457,1,7,-0.7175083363999052,0,-0.5047002750396573,1,2,0,1
4505,575,1,7,-0.3713712590920919,1,-0.8924413333747612,0,3,0,1
4506,638,1,3,0.5435853295421122,1,1.824241512763377,2,0,0,1
4507,553,1,3,1.062588292049662,0,-0.6222026635153751,4,0,1,1
4508,631,1,3,-0.7994381152512178,0,-0.7019643945431315,1,0,0,0
4509,486,1,4,-1.0043261894581088,2,-0.9734246415258211,0,2,0,0
4510,262,1,2,1.062603441987207,0,-0.3263343085432482,4,0,1,1
4511,711,0,2,-0.7444123807658265,0,-1.4486064944935482,1,4,0,0
4512,382,1,1,0.7456743564063195,2,1.7161557521533835,1,0,0,1
4513,312,2,4,-0.19402004124698172,2,-0.9694289497016707,3,2,0,1
4514,464,1,5,-0.48130904986575856,0,-0.024086961963833455,0,0,1,1
4515,317,2,5,-0.846440691410134,1,-1.478784147664362,1,0,1,0
4516,416,1,4,0.12604057600053037,0,0.23864115779035872,2,2,0,0
4517,568,1,4,0.7258765811561513,2,0.5366333091202586,3,3,0,1
4518,569,1,6,-0.3790858793152029,0,-0.5651721770616049,1,1,0,0
4519,320,2,4,-0.40652903364365484,1,-1.319951199211889,0,2,0,0
4520,402,1,6,0.4238254492363763,0,-0.01340166469153516,2,0,0,0
4521,714,1,7,-0.3026313569128802,1,-0.04354153059718531,2,1,0,1
4522,599,1,5,0.5584202693595072,1,2.263460919758967,1,0,0,1
4523,915,1,2,-0.9512771411067479,0,-1.506609962772376,1,0,0,1
4524,736,1,3,0.9747747115106432,2,-1.536041116642285,2,0,0,1
4525,728,1,8,-0.6987635581670334,0,0.2099848090578588,1,0,0,1
4526,222,1,2,-0.8193366315378294,2,-0.8486189953203176,2,1,0,0
4527,652,1,5,-0.9744762161902184,1,-0.3061719426450618,0,0,0,1
4528,489,2,5,0.8190359602070271,2,-1.228852528855057,2,0,0,0
4529,389,1,1,-0.9448061512229916,1,-1.2630781901839299,3,0,0,1
4530,533,1,3,2.133424302479841,0,-0.5740334900912142,2,0,0,0
4531,689,2,6,-0.16160036399444996,0,-1.5369007714731635,2,0,0,0
4532,600,1,5,0.21222675778880537,1,1.407531135354271,1,1,0,0
4533,324,1,5,0.30632824619725896,0,-0.5055891545192848,2,0,0,0
4534,648,2,2,-0.6556683036826896,0,1.4435646621282439,2,1,0,0
4535,372,1,2,0.6624601041775474,0,0.3745847939464004,3,2,0,1
4536,543,1,6,1.9653236001744747,1,1.7118023775632785,2,1,0,1
4537,439,0,2,-0.5381737070417337,1,0.7899791886184804,4,0,0,1
4538,456,2,5,0.8268895246294485,0,2.3811300859624502,0,0,0,1
4539,653,1,3,0.49598511482876473,0,0.32974893724562543,2,0,0,0
4540,291,1,2,-0.10203284600113141,1,1.652113203791724,0,0,0,1
4541,889,1,4,-0.5417749207795539,0,0.9869243413816836,3,1,0,1
4542,135,1,4,-0.46223691261712835,1,0.07603218020091916,2,4,0,1
4543,380,1,3,-0.6339786060107372,0,-1.5555167180059915,2,2,0,0
4544,574,1,3,-0.44277293022268804,0,0.5197279646464408,1,0,0,0
4545,616,2,5,3.6387396587441914,0,0.22244230625441563,1,3,0,0
4546,479,2,6,-0.548509535295639,0,1.536722127699621,1,2,0,1
4547,488,1,4,0.10599664347282793,0,0.2152117169871144,3,1,0,1
4548,582,1,5,-0.6161998114084095,2,-0.35397038755386173,1,2,0,0
4549,453,1,3,-0.368550049316216,1,1.0578191736761533,1,0,0,1
4550,778,1,3,-0.9188763787139681,0,1.2911634578249747,0,0,0,0
4551,667,1,4,0.45743718643989834,0,-0.3137854946436126,1,0,0,0
4552,674,2,4,0.0924487731991943,0,1.489603779253121,0,4,0,1
4553,306,1,3,-0.5736476524814813,1,2.299613786860103,1,0,1,1
4554,484,2,5,-0.25103544617692203,2,-1.1499787548565392,0,2,0,0
4555,439,1,4,1.0847516043811607,0,0.6824043156843933,2,0,1,0
4556,298,1,2,-0.9616368654495474,0,-0.2722726813384481,0,4,0,0
4557,572,1,5,1.6999854496361377,0,-0.16681719090269492,0,0,0,1
4558,392,1,5,-0.3606015854711161,0,-1.081348832894746,2,0,0,1
4559,631,2,3,0.9893436467116073,0,-1.0585474074057257,0,0,0,0
4560,285,2,3,1.002674789678384,1,-0.6578915215008648,3,0,0,1
4561,843,1,2,-0.9463232768634443,2,0.3804190449710788,2,0,0,0
4562,320,1,2,0.5395346263888099,1,-1.4111068442191774,1,0,0,0
4563,543,1,6,0.3347013453549595,2,-0.5907761440037614,1,0,0,1
4564,658,0,3,-0.9629549575455468,0,1.0844515997316597,2,4,1,0
4565,385,2,6,1.8627783463398597,1,0.8077161847615391,3,0,0,1
4566,670,1,5,0.01595742367731486,2,-1.4741028151413043,1,0,1,0
4567,254,1,4,-0.8213675570745732,0,-1.3308640636334945,2,4,0,1
4568,790,1,6,-0.8742599298234712,2,0.7190280526961526,3,0,1,1
4569,502,1,5,-0.16828407230345782,0,0.900700053219606,2,2,1,0
4570,380,1,3,-0.9461914573432103,2,0.2059755250792704,1,0,0,1
4571,440,1,3,-0.8251776231450751,0,-1.1335133105889283,0,0,0,0
4572,661,2,4,2.008049077364735,0,-0.4693339466646956,2,1,0,0
4573,383,1,2,0.38094416332512065,0,-1.2337090903748296,3,0,0,1
4574,350,1,1,-0.04102562176108978,0,1.0164364031548545,0,0,0,0
4575,455,2,4,-0.7696320156625607,2,-0.6154547296730666,2,2,0,0
4576,264,1,7,-0.7570902583777493,0,-1.415152359076922,0,2,0,1
4577,864,1,5,-0.4074949192521523,1,0.2512779113223236,3,0,0,1
4578,386,1,2,0.41874760588527354,2,-0.5690548347293461,1,0,0,0
4579,666,1,5,-1.0038589433219929,2,0.027743826630910906,1,0,0,0
4580,541,1,4,-0.9618044372392144,2,0.4934074004700838,1,1,0,1
4581,303,1,3,1.0680919308577417,2,0.7513332882572396,0,3,0,0
4582,498,2,6,0.703244538821103,0,-0.6179710182903739,2,0,0,0
4583,656,1,3,0.19880692621961968,2,0.42406270729907225,3,0,0,1
4584,462,2,4,-0.30382418932451805,0,0.6238555365221103,1,2,0,0
4585,738,1,4,-0.8483822082274877,0,0.15277158679343633,2,0,0,0
4586,704,2,4,-0.8981759097828071,0,2.3516480870376046,1,4,0,1
4587,683,1,5,1.3902722803431071,1,-0.5970621530873468,2,1,0,0
4588,408,1,1,-0.5175142059575,0,0.7732652011796566,2,0,0,0
4589,284,1,3,0.20228221563682924,0,-1.5616411766506546,5,1,0,1
4590,377,1,4,-0.3882845291998869,1,0.9385427317760355,3,1,0,1
4591,539,1,4,0.3273474342850231,0,-1.546205023159017,0,0,1,0
4592,609,2,5,-0.7893786212747145,0,0.22875603150957094,3,0,0,1
4593,65,1,4,-0.33378950473975716,1,-1.270769623709992,0,0,0,0
4594,498,1,5,-0.5267873096766694,0,2.7486004607974466,0,1,0,1
4595,531,1,5,-0.7219516379915547,1,0.1456507517490114,1,4,0,1
4596,444,2,3,-0.08171962874510517,1,-0.5568570928372374,1,3,1,0
4597,758,1,6,-0.2247366272702558,2,-1.207226751030412,1,3,1,0
4598,584,2,1,-0.31159990132455606,2,-0.39302427109055516,2,2,1,1
4599,762,0,6,-0.09829157461505295,0,0.38660960392653504,2,1,0,0
4600,456,1,2,-0.8514661333139935,0,1.2960602770008827,1,0,0,0
4601,687,1,2,-0.5370477341758858,2,-0.6342083717236523,2,0,0,0
4602,827,2,7,-0.6085957923567077,1,1.4183498040112739,0,4,0,1
4603,762,1,7,0.4832847106461817,1,-0.45785386980349063,3,0,0,1
4604,281,1,4,-0.9708641866081925,1,-0.8834649948223987,1,0,0,0
4605,449,2,4,-0.671014823847561,1,-0.3605167075465609,1,2,0,0
4606,430,0,3,1.5395644014858525,0,0.25109070382102877,0,0,0,1
4607,597,2,4,-0.6445845470799262,1,0.4204117251633283,2,0,0,0
4608,637,1,3,-0.8402922911084839,2,1.0029065060282423,4,0,0,1
4609,332,1,6,0.43244966818397645,0,0.6999222062508841,2,2,0,0
4610,513,1,5,-0.9579992620392276,0,-0.3029971013518576,0,0,0,1
4611,96,1,2,-0.4426854066969958,1,-1.5440778920613993,3,2,0,1
4612,788,1,3,0.9586656640252533,2,1.7101335755923508,2,0,1,1
4613,397,1,11,2.125961237756821,2,0.10907859193647503,3,0,0,1
4614,511,1,7,-0.7165943603252326,1,-0.07710995258672883,1,4,0,1
4615,438,2,3,-0.6505973292322336,1,-0.2146232117011657,1,0,0,0
4616,729,2,1,-0.15595400043405463,2,1.0709859436478706,0,4,0,0
4617,64,2,7,-0.7465777437633921,0,-0.19082114077074872,3,0,0,1
4618,496,1,3,-0.8416769755218397,2,1.8731421413158598,0,0,0,1
4619,478,1,4,-0.4432850762738241,0,0.07742244863771879,2,0,0,0
4620,409,2,3,-0.9315912961183582,1,-0.4811497531701248,1,3,0,0
4621,845,1,3,1.276913823437393,2,-0.32415554401691377,2,0,1,1
4622,322,1,6,-0.5941524126154866,1,-0.8980747339155911,2,0,0,1
4623,654,1,2,-0.5909585162590423,0,0.7800073297561756,1,1,1,0
4624,571,1,5,0.5861229737248564,2,0.1330856082400999,1,0,0,0
4625,752,1,3,-0.5828593756104761,1,1.0357963744882497,0,0,0,0
4626,366,2,6,0.4474881640857516,0,-0.32912657147717683,1,3,0,0
4627,353,2,3,-0.804480020453063,0,2.617182633226703,2,2,1,1
4628,719,1,3,-0.24212690377180432,0,0.11979042815870163,3,4,0,1
4629,585,1,5,0.48036332875779597,0,0.539133649682,2,0,0,0
4630,191,2,2,-0.3999979645488255,1,-0.7054871115030994,1,0,1,0
4631,392,1,6,-0.9320678692250938,1,-1.215900809518046,1,2,0,1
4632,577,1,5,0.35018136615260387,2,-0.5879968634929215,1,4,1,1
4633,667,2,3,-0.314891496020807,1,-0.9395101241483444,2,2,0,1
4634,364,2,7,-0.6209577032208138,0,-0.7169186805900815,1,2,0,1
4635,64,2,5,4.009509442763528,0,0.48590828576042944,2,0,0,0
4636,604,1,3,1.1158711420679341,0,0.46803154949532066,0,1,0,0
4637,255,1,4,-0.9686483719045902,2,-0.7669138443532348,1,2,0,0
4638,96,2,6,-0.09192563373058057,0,0.3668436177810932,4,0,0,1
4639,64,1,2,-0.5625457548376903,0,-1.5719114410005157,3,2,1,1
4640,662,2,3,-0.9690894546674649,1,-1.158372124801973,2,2,0,0
4641,525,1,4,-0.9963081129633731,2,-0.3557982035567042,1,0,0,0
4642,454,2,1,-0.1163991902759676,0,-1.1125935021526687,2,4,0,0
4643,777,1,5,-0.6154158696356602,0,1.3118484039840448,4,2,0,1
4644,627,1,6,0.22798687450450802,0,0.37664703829361407,0,2,0,0
4645,823,1,5,-0.39160229987235573,0,-0.8506070526804542,1,0,0,0
4646,221,1,5,0.4715531168545756,0,0.31184434684032075,4,4,0,1
4647,493,1,3,0.6977866214176419,1,1.2590186604938856,2,3,0,0
4648,176,1,5,0.08113995919678439,1,0.4154853580577243,2,0,0,0
4649,454,2,2,-0.45737773500329953,0,-0.42253336084846543,2,0,0,0
4650,450,1,7,3.5318345099948885,1,0.642757287234829,1,1,1,1
4651,625,1,7,-0.6353337449715685,0,-0.4332832532306705,3,0,0,1
4652,509,1,5,-0.27277479446804037,2,-1.236919170596127,0,0,0,1
4653,624,2,1,-0.2604965243533064,2,0.058410089793532786,2,4,0,0
4654,640,1,3,-0.4390995725994938,1,-0.73370736312404,2,0,0,1
4655,930,1,5,-0.8762088058884823,0,-0.4421675065357602,1,2,0,0
4656,436,2,3,-0.5635327492754485,2,-1.3775359406352947,1,0,0,0
4657,311,1,2,-0.7614098831738477,2,-1.0500493134451017,2,0,0,0
4658,549,1,6,1.3326140786628127,0,-0.31849764247433354,1,0,0,0
4659,339,1,6,0.07563771095518781,0,-1.3194931879626626,1,0,0,0
4660,796,2,6,-0.6626475749873038,0,0.396931119518525,1,0,0,1
4661,443,1,5,-0.159516631028776,0,0.264306751747847,2,1,0,0
4662,386,2,5,0.9436570334489476,0,1.5399651784803086,2,3,0,1
4663,405,2,4,1.7633986944516908,1,-0.7131784769099537,0,4,0,1
4664,643,1,2,-0.9285308007926648,0,-1.253555044542086,2,0,0,0
4665,468,2,3,0.5645869553624562,0,-1.8269497167538133,3,0,0,1
4666,371,1,5,2.4405670091130167,0,-0.9364622222988269,3,1,0,1
4667,833,1,2,-0.36740891431195233,0,-0.244443984175284,1,0,0,0
4668,328,1,4,4.495862407469261,1,2.0417844040253645,3,1,0,1
4669,507,2,5,2.1943028028131204,1,0.7110050326580974,0,1,0,0
4670,630,1,5,0.08012251694268917,0,-0.9304624421200635,1,4,0,1
4671,173,1,4,0.9056037803313229,0,1.3558364723378376,1,0,0,0
4672,596,1,9,-0.6500756672515904,1,0.4887814920766917,1,0,0,1
4673,288,1,5,1.5292764088490836,2,-0.4530313645667586,2,0,0,0
4674,664,1,3,-0.0963336750228165,1,-1.3682168661270435,1,0,0,1
4675,307,1,3,-0.28301865449362484,0,-1.1757524919019153,0,4,0,0
4676,638,1,3,0.8288209666227339,1,1.7984884701127972,1,0,0,1
4677,721,1,5,1.2324623928588674,0,-1.4208055866931122,1,2,0,0
4678,672,1,3,0.22092491159290026,0,0.777484877136402,3,0,0,1
4679,550,1,8,-0.9820753051471518,0,-0.9843024368987939,2,0,0,1
4680,453,2,6,-0.08299558452142192,0,-0.25444891694385713,2,0,0,1
4681,384,0,2,0.7456353280076674,2,-0.755238767513134,2,0,0,0
4682,794,1,2,-0.2063482645865526,2,2.607885770197536,0,0,0,1
4683,360,1,3,1.7699996906308542,0,0.8626441206366758,1,2,0,0
4684,292,0,5,1.3071405501374824,2,-0.3466012057513336,2,0,0,0
4685,633,2,4,-0.24064035859369282,0,0.469898656651626,1,1,0,0
4686,340,1,3,-0.48179496043232306,1,1.4526847852044642,1,3,0,0
4687,309,1,3,-0.9502443175269535,1,-1.1027637600663858,1,3,0,0
4688,211,1,1,0.010543451977033678,1,1.837842653128553,2,0,0,1
4689,403,1,7,-0.6933821687852899,0,1.2497983926874774,1,0,0,1
4690,483,1,3,0.11498369093203148,2,0.09655903218350165,1,1,0,0
4691,548,2,2,0.6227943963228599,0,-0.32882607760016463,2,2,0,1
4692,690,1,6,-0.4734649637525666,1,2.0350096694965414,1,0,0,1
4693,605,1,2,-0.9918877169862524,1,0.5282348635468119,0,3,0,0
4694,461,2,3,1.0307442251122165,2,-0.7792293734639348,2,0,0,0
4695,460,2,8,-0.19795352215979295,0,-0.7242158973952773,1,0,0,1
4696,602,2,4,-0.6233721627127042,1,1.4050272642431503,4,0,0,1
4697,754,0,1,0.013866156795888625,0,-1.2257128866259546,1,0,0,1
4698,525,1,7,0.1333766697513018,1,-0.8764338421179,0,2,0,1
4699,406,0,4,-0.8455944567841255,1,-0.9325674957849497,2,0,0,0
4700,301,2,3,0.04949311153440908,0,-0.8684729296325072,1,2,0,0
4701,210,1,6,-0.664256084204401,0,0.6514621065175454,0,2,0,1
4702,633,1,6,0.6476773818492655,0,1.5249154400055116,2,2,1,1
4703,615,1,3,1.8795539188780734,0,-0.4597798766341811,1,2,1,0
4704,615,2,6,-0.8976839089866797,1,-1.0977726003009647,3,4,1,1
4705,474,1,6,1.5279728308510572,2,0.7387197676003249,2,1,0,0
4706,781,1,8,1.3697321983643505,1,-0.08589141841139211,1,0,0,1
4707,403,1,4,-0.580757604359022,1,-1.0780685714967282,2,0,1,0
4708,691,1,5,-0.9781041851291384,2,0.2827193666448178,1,0,1,1
4709,492,1,5,0.09907416388520188,1,-0.4619154315044691,3,1,0,1
4710,378,1,4,-0.5779621086155999,0,-1.7348178619829588,2,1,0,0
4711,618,2,3,-0.7914711637429103,1,-0.7193347507594255,4,0,0,1
4712,581,1,5,-0.8909777603402802,1,0.7750762223032088,1,3,1,0
4713,571,1,4,-0.7859466016032948,2,0.024833584952965206,2,0,1,0
4714,516,1,4,-0.7321218819794264,2,-0.8999361359227168,1,0,0,1
4715,492,1,5,0.6080640784445868,2,-0.23297060131306602,1,4,0,1
4716,977,1,2,0.549948721158796,0,0.3558416633161566,1,0,0,0
4717,736,1,4,-0.31417214005261324,0,0.7784116184579285,3,0,0,1
4718,644,1,5,-0.18816815124095101,1,-0.9786771391942681,3,2,1,1
4719,522,1,5,1.5336338827712508,0,-0.4905899566158035,1,0,0,0
4720,701,1,4,1.4193163131512796,1,1.1351833648718808,3,0,0,1
4721,603,1,2,0.7864668165191396,1,0.8182572715097756,3,2,0,1
4722,505,1,11,-0.531010137936309,1,1.7923122851433957,2,0,0,1
4723,439,1,7,-0.5434840797304005,0,0.5163125888392948,1,2,1,1
4724,483,1,5,1.2177352978053673,1,-0.6267764406658127,3,1,0,1
4725,64,2,4,1.6473988270454551,1,1.196844687005862,3,0,0,1
4726,542,2,5,0.6212460273858654,1,-0.8055770857069723,0,2,0,0
4727,402,1,5,0.43157241060316,2,-0.03631903228365883,3,1,0,1
4728,818,1,4,-0.1770901838901763,2,-0.7631630234219875,1,0,0,0
4729,503,1,2,-0.5878110144159451,0,-1.3421333528097814,1,0,0,1
4730,262,1,9,-0.7278905513647337,2,0.9098892515144821,2,2,0,1
4731,490,2,5,-0.8540634091034385,0,0.455687450995233,1,1,0,0
4732,290,2,7,0.3170907951942967,1,-1.0401429629456957,0,2,0,1
4733,594,2,3,0.5182636218134969,2,0.19838591016978493,2,1,0,0
4734,558,2,4,-0.5561016053007343,1,0.20482964430481929,2,1,0,0
4735,691,2,5,-1.0017005145066595,0,-0.9644433081359185,2,1,0,0
4736,341,1,4,1.830098536327016,0,0.8923657904767989,1,0,1,0
4737,506,1,3,-0.423410542830989,2,1.1828808593693858,2,0,0,0
4738,226,2,4,2.7275443283886083,0,0.17689869048159493,4,0,1,1
4739,640,1,4,0.14268219107775162,2,0.12185796128935766,3,2,0,1
4740,603,1,4,-0.8731965896113953,1,-0.9834423556560525,2,0,0,1
4741,599,1,4,-0.6051592674985323,2,-1.1236571863268612,2,3,0,1
4742,500,2,2,0.08059354724356882,0,-0.0340240325149793,1,0,0,0
4743,582,1,3,0.05772775264915291,0,1.024148768466549,1,0,0,0
4744,820,1,5,-0.7394069741378274,0,0.7055635854747381,3,0,0,1
4745,442,0,1,-0.8099128591600196,1,1.5648801219514523,2,0,0,1
4746,527,2,5,-0.6782697000718095,0,-0.980714276632489,2,0,1,1
4747,282,0,3,0.5645081114219498,0,1.255116843654374,1,3,0,0
4748,326,1,3,-0.7262320653760462,2,0.6732702633551294,1,0,0,0
4749,519,1,6,0.22273653364356014,1,1.510481102527365,0,0,0,1
4750,720,2,4,1.0672152129577803,0,-0.6151443936387214,2,0,0,0
4751,448,1,2,-0.5024126362152592,1,-0.4261704787047269,3,0,0,1
4752,452,1,2,-1.0007250273023438,1,-1.406052141366064,2,0,0,1
4753,418,1,1,-0.8521456093026385,1,1.2109764152015436,0,3,0,0
4754,393,1,3,-0.6276596584696106,1,0.9091651274342767,2,2,0,0
4755,558,1,3,-0.7935994445790824,1,0.6074227333139615,1,1,0,0
4756,200,1,5,-0.6602177049370128,0,-0.7814921934558515,1,4,0,1
4757,756,1,4,-0.20908976978808919,0,0.019247314800541267,2,0,0,0
4758,366,2,1,-0.9861930253229928,1,1.4407044062217929,1,0,0,0
4759,644,1,1,-0.9402877169289182,1,-0.13858884088744175,3,2,1,1
4760,246,1,5,0.9613523501292097,2,-0.535876137342132,1,2,0,0
4761,633,1,3,-0.2564258708195858,0,-0.42992137880568904,2,2,0,0
4762,634,1,1,1.7805538318501897,0,-1.2758549731547852,1,1,1,0
4763,576,2,3,-1.0045265178045433,0,-0.7915027467588166,1,0,0,0
4764,301,1,6,-1.00722788621694,0,-0.9985545924000725,2,0,0,0
4765,549,2,7,0.3606505543325684,0,0.08548357887831692,1,0,0,1
4766,263,1,4,-0.35006669476125646,0,1.293797334546358,4,0,0,1
4767,449,1,9,1.4850834120478256,1,0.9620704302034894,2,0,0,1
4768,705,1,7,0.5630390910244238,0,0.5676320059121143,0,0,0,1
4769,659,1,5,-0.2947798078250416,0,7.445799415267229e-05,1,2,0,0
4770,503,1,5,-0.345646406434494,1,-0.5383891734180373,2,0,0,0
4771,305,1,1,0.6875829873139627,2,0.7527976795894648,1,0,1,0
4772,629,1,3,0.6480999633934248,0,0.8674517900077616,0,0,0,0
4773,503,2,2,-0.6780530842986973,0,1.1941506335042338,2,0,0,0
4774,64,2,1,0.13413517331539146,1,0.33992521108176593,1,1,0,1
4775,656,1,2,0.04033212758536723,0,-1.028905526746754,1,0,0,0
4776,495,1,2,0.9637887846471521,0,-1.2538672277846932,2,1,0,0
4777,740,1,3,1.0561654613912907,2,-0.7375679808033417,1,1,0,0
4778,280,0,4,-0.6901681102248322,2,-0.8755461888533361,3,2,0,1
4779,64,1,3,1.1464481019815003,1,1.1746101480757265,1,1,1,0
4780,555,1,4,1.6208636513678871,0,-0.24806512579855353,1,2,0,0
4781,558,1,1,-0.8897536821854454,0,-0.3336131215333072,2,0,0,1
4782,161,1,6,-0.14057298835342663,1,0.1272763963933279,1,0,0,0
4783,304,1,3,-0.42454034585491557,1,-0.35899400323151004,0,2,0,0
4784,1051,1,3,-0.48493959161251127,1,0.5613366622618684,2,0,0,0
4785,438,2,1,0.23318763618373048,0,-0.18276282272373573,2,2,0,0
4786,646,2,6,-0.866726434510886,0,-0.1432685147238623,1,0,1,0
4787,369,1,3,0.7359292517138776,0,1.0139904802186068,1,0,0,0
4788,81,1,4,-0.9804433167400108,2,1.0935534983830837,0,0,0,0
4789,465,1,8,-0.12964651505177932,1,-1.1386632794145228,1,2,0,1
4790,446,2,6,-0.748143441301407,0,0.6042262023160528,1,0,0,0
4791,420,2,3,0.11197140713816867,2,-1.4907150410559444,2,1,0,0
4792,477,1,3,-0.24977772142534224,2,-0.7271510438340617,1,1,0,0
4793,552,1,4,7.4370225227798255,1,1.669009019943969,1,0,0,1
4794,469,1,4,1.0088585888444632,1,0.9606282817571126,0,0,0,0
4795,247,1,5,-0.5904241502222671,0,-0.4199588403868884,1,0,0,0
4796,597,1,5,-0.2432187590828915,0,0.8079924221828327,3,2,1,1
4797,110,0,3,-0.6188786146439812,1,-1.4546415072716345,1,0,0,0
4798,89,1,2,0.3193073920063062,2,0.1612510530081749,0,1,0,0
4799,647,1,5,-0.449588205088646,1,1.6285616982821205,2,0,0,1
4800,601,2,2,-0.8831052443803834,0,2.1483972325371665,1,2,0,1
4801,488,1,10,0.09178716996719298,1,1.0389771017817608,0,1,0,1
4802,220,0,4,-0.9965467237245973,2,-0.5416058364929137,4,0,0,1
4803,358,1,7,-0.6490240263875204,1,-1.324512884694415,1,1,0,1
4804,447,2,6,1.4094420737776403,0,1.0888310369272636,1,3,0,0
4805,180,1,4,-0.9072651422453437,2,1.480158868745146,1,2,0,1
4806,352,1,5,-0.29382985952297314,0,-1.3744908423069562,3,1,0,1
4807,630,1,5,0.6043991858297016,0,-0.219754219622476,2,0,0,1
4808,785,1,2,1.3809187913102279,2,-1.305137799329464,2,0,0,0
4809,416,1,3,-0.17322874046076284,1,2.071186275725081,0,0,0,1
4810,651,0,2,-0.8387537760497786,1,-1.203003771442738,2,1,0,0
4811,117,2,6,1.8682588933336897,0,0.8571181501189461,1,1,0,0
4812,631,1,1,0.3991074234567203,1,-0.9438914137598376,1,0,0,0
4813,339,1,7,-0.4956225444360576,2,-0.7164706170039951,1,2,0,1
4814,561,2,3,-0.6780025398625038,0,0.38441850175201514,2,0,0,0
4815,450,2,2,-0.958135662431363,0,0.09106852879312816,0,0,0,0
4816,764,1,3,-0.7917433191256771,0,2.1027660225569513,2,2,0,1
4817,325,2,2,0.5214529609283545,0,0.7455779581656211,1,2,0,0
4818,625,1,4,-0.890905676414393,1,-0.9971071392270204,1,0,0,0
4819,444,1,5,-0.866908498073097,0,0.565888092745228,2,2,0,0
4820,468,1,4,-0.7860650817495344,1,0.7835711567966873,1,0,0,0
4821,463,2,3,-0.4961754746385701,0,-0.18748649197048148,0,0,0,0
4822,330,1,6,-0.7947076297524723,1,0.11357229301998496,0,1,0,1
4823,497,1,7,1.3788056410109042,0,-1.3383802416417676,0,1,1,1
4824,487,1,1,-0.7048310191479599,1,0.6807299583111402,2,2,0,0
4825,548,1,6,1.5545283808482504,1,-1.4889107807026802,2,1,1,0
4826,516,1,3,3.2597451554908132,1,-0.9841903305110563,2,0,1,1
4827,659,1,4,0.42185013014616013,2,0.825956806122973,0,0,0,0
4828,684,1,6,-1.000271162133434,2,-0.023067478893878432,2,4,0,1
4829,289,1,4,-0.7287105283191033,2,-0.07325299888286829,0,0,0,0
4830,673,2,4,-0.6914839018044503,2,0.7069830779732741,0,3,0,0
4831,262,1,4,-0.21195746002553745,0,0.07770902293863324,0,0,0,0
4832,617,2,11,-0.8324740992937557,1,0.6400881423852803,0,0,0,1
4833,623,1,4,-0.9261313046825005,0,-1.4117547356140963,0,0,0,0
4834,117,1,1,-0.8105293905863641,2,0.49624235869898947,0,0,1,1
4835,518,1,5,-0.6045549867699497,2,-0.34123544245740706,2,0,1,0
4836,406,1,6,-0.9565392975540136,0,-1.1579562175322782,1,0,0,0
4837,348,1,2,-0.7867838992966008,1,0.12796176525853997,3,0,0,1
4838,770,2,9,-0.8213847138664164,2,-0.4190133478999107,2,4,0,1
4839,369,2,5,0.49741167434644845,1,-0.510119357851572,4,2,0,1
4840,338,1,3,-0.8188720836250033,0,1.557301603788327,1,1,0,1
4841,515,1,1,0.5869345801954572,0,0.15929153993064224,1,0,0,1
4842,637,0,2,-0.28609105883800673,1,0.6547805315174341,2,2,0,0
4843,471,1,3,0.43458447161159375,0,1.475373278969313,2,0,0,0
4844,733,1,4,-0.39915117635475916,1,0.013063645349205255,0,0,0,0
4845,606,0,1,1.3448545784254253,2,-0.4264828939767914,1,4,1,0
4846,64,0,2,-0.6786523204985845,0,-1.3003807824538742,1,0,0,0
4847,394,1,3,0.47290122135218826,1,0.4646859580908449,1,1,0,0
4848,387,1,4,-0.8263815583058126,1,-0.23720852600226505,2,0,0,1
4849,595,1,3,1.171292860925222,0,-0.2892347525051374,2,0,0,0
4850,64,2,4,-0.9785173792309999,2,0.594701794938945,2,0,0,0
4851,1009,2,8,-0.3859663498862014,0,-0.19648194623902035,1,2,1,1
4852,606,1,3,-0.45161979166220156,0,0.4530368857149415,1,0,0,0
4853,529,2,3,-0.013549669517949494,2,0.8159786652151022,0,2,0,0
4854,736,2,4,-0.4164411768384677,1,-0.6295713689151337,2,1,0,0
4855,968,1,2,-0.10356127735029326,0,0.5039041935061409,2,1,0,0
4856,674,2,5,1.0042916713152603,0,0.5017764549928613,0,0,0,0
4857,689,1,4,-0.8520616964314865,0,-0.0487506796043013,1,0,0,0
4858,526,1,1,-0.7231720099665641,2,-1.6007511717238998,1,0,0,0
4859,471,1,4,0.6435171826258957,0,-1.381256290309054,2,0,0,0
4860,404,2,2,-0.7445869643384406,2,1.177205114976226,0,4,0,0
4861,334,1,4,1.3932612589605988,0,0.48961052513376124,1,2,0,0
4862,362,1,1,-0.2162708047980913,1,0.9226941959753598,2,1,0,1
4863,229,2,5,-0.9209940632821498,1,-0.00042387206604491915,3,0,0,1
4864,484,1,6,-0.9866301716522062,0,-0.6681919721765096,2,0,0,0
4865,163,2,3,0.45602206885725644,0,-0.3339116903894857,2,0,0,0
4866,538,1,5,0.9656727746586459,0,-0.5604490201896755,1,0,0,0
4867,492,1,3,-0.7289186391560417,1,0.8143053414976096,1,0,1,0
4868,529,1,11,-0.7276931915078192,2,-0.21057674085788572,1,0,0,1
4869,395,2,4,2.1261228477249183,2,1.2127512531847042,2,2,0,0
4870,1115,1,3,0.0780371420286814,0,0.6190999299690002,0,0,1,0
4871,772,1,3,-0.8212696835455152,2,-0.834291909123382,1,0,0,0
4872,251,2,1,-0.4024211441279566,0,0.9721090692285056,2,0,0,0
4873,546,1,3,1.4461668189403731,2,-0.9619041307963768,0,0,0,0
4874,378,0,6,-0.020598899380767737,1,0.06696200438607187,3,0,0,1
4875,297,2,3,-0.47556799713553055,2,-0.9165413157706074,3,0,0,1
4876,231,1,3,-0.8413302847766401,0,0.7308609261807498,4,2,0,1
4877,586,1,8,0.308891587255496,1,-0.20683473160581986,2,0,0,1
4878,363,1,3,-0.6788713147126753,1,1.2667723654340526,0,1,0,0
4879,693,1,3,-0.15909945962220132,0,0.9691317802570423,2,2,0,0
4880,698,2,4,-0.07555973556719779,2,-0.35391604167589075,3,2,0,1
4881,774,0,6,-0.18331979999679532,0,0.8900911346193761,0,4,0,1
4882,329,1,4,-0.7200109999723557,2,1.8287630823174226,1,0,0,1
4883,595,1,3,0.24512879032370893,2,0.5076255672512282,2,1,0,0
4884,626,1,2,-0.15877302567183646,1,-1.2053106052674203,2,0,0,0
4885,405,1,1,-0.4820471884966311,0,-1.5416751326423275,1,0,0,0
4886,345,1,2,-0.953409938004793,0,1.3153146710543517,0,2,1,0
4887,821,1,5,-0.5986227839272046,2,0.3838757618815285,2,0,0,0
4888,545,1,4,-0.5658829511468438,1,-0.7522282790918452,0,0,1,0
4889,627,1,1,0.5851009352038853,2,-0.9839857383048012,0,1,0,0
4890,335,2,5,-0.27514443591220117,0,-0.7314625388386622,0,0,0,0
4891,256,1,6,1.728097195378749,2,1.2948646352066673,3,0,1,1
4892,386,2,4,0.40509194860578285,2,2.368448209181758,2,2,0,1
4893,475,1,3,-0.22246862206177265,2,1.9351548625219672,2,0,0,1
4894,287,2,1,-0.8197146217505505,0,-0.7835624101265043,2,0,1,0
4895,498,1,4,-0.7538086336313065,0,-0.009112234998266388,1,0,1,0
4896,162,2,5,-0.8304349195963691,0,0.08235088976007048,1,0,0,0
4897,275,2,4,-0.41294698166567767,1,0.42372395603338264,3,0,0,1
4898,634,1,3,0.2960662433494913,1,0.9053952294186254,2,0,1,1
4899,620,1,4,0.44078047004785464,0,1.045747994303503,2,0,0,1
4900,421,2,4,-0.9050429757828155,0,-0.13204486681905997,3,0,0,1
4901,296,2,3,-0.31115690575463667,1,-0.3624048805928984,1,2,0,0
4902,294,2,4,-0.33994188886774995,0,-0.8294163142277311,2,0,0,0
4903,425,2,6,-0.42015786773816205,0,1.1144199977884468,1,1,0,0
4904,628,1,4,-0.6433258029925019,0,2.4009000967387224,2,1,1,1
4905,685,1,3,-0.3509298296062706,1,-1.3764723138227613,1,0,0,0
4906,400,1,2,-0.26851796287685903,0,-1.4787531958546054,2,1,0,0
4907,269,0,7,-0.07668855697224068,1,-1.1367207437262203,2,0,0,1
4908,553,1,6,-0.5259728124552036,0,0.44845723087850475,2,0,0,0
4909,335,1,8,1.943980384870385,0,1.407137479666326,0,4,0,1
4910,396,2,1,-0.5870363591837794,1,0.02604014011710336,2,2,0,0
4911,765,2,6,1.2849350374258226,1,-1.1980029627117883,0,1,0,0
4912,665,1,6,0.6354693615806917,0,-0.27198715114135513,2,0,0,0
4913,531,1,2,-0.371172617971691,0,0.16632364330880703,3,3,0,1
4914,245,1,3,-0.3103463989621804,0,-0.025605676338498078,2,3,0,0
4915,542,1,4,1.066135947543404,0,0.48158097563686325,1,0,1,0
4916,712,2,1,-0.3175646377902812,1,-0.4898436325458029,1,1,0,0
4917,424,1,2,0.14907003871680027,2,-0.587769404454067,1,0,0,0
4918,770,2,9,0.6775194770631814,0,-0.09121828546275113,1,2,1,1
4919,758,2,3,1.4175595116603559,0,1.6408334640026743,2,2,0,1
4920,832,1,2,-0.7575478184172733,0,-1.7846948739886244,0,1,1,0
4921,561,1,5,2.7590380674250032,2,-0.6734397053988185,1,2,0,0
4922,617,1,5,2.41156572023112,0,0.8545191685883614,2,4,0,1
4923,782,1,2,-0.6489300993865734,0,0.028040202276654432,3,0,0,1
4924,589,1,5,-0.04039649157981841,0,0.030311698491300814,2,1,0,0
4925,399,2,4,-0.9589881844308785,1,0.9765458725201535,2,0,1,0
4926,410,1,5,-0.8210091085685024,2,0.5660801755897755,2,0,0,0
4927,547,2,6,-0.1162540492192089,0,0.7302730695552409,1,0,1,0
4928,241,1,5,0.06020551758425601,0,0.39887751566867435,1,1,0,1
4929,471,1,2,-0.22992998994616454,0,-0.1828356275384841,2,0,1,0
4930,719,0,5,0.23281819175710522,0,-0.46811085816242953,1,2,1,0
4931,64,1,4,0.5935487933046864,2,1.6067451146774259,2,2,0,1
4932,806,1,2,-0.8202382328086429,1,-0.9533564914088293,2,0,0,0
4933,724,1,3,0.08823524288410076,0,0.27312057290246006,2,0,1,1
4934,408,1,5,-0.166831234552631,0,-0.9991031217069429,1,0,1,0
4935,608,2,3,-0.8806318754378235,2,1.3387195759030706,1,0,1,0
4936,500,1,3,-0.7438745440587927,1,0.2378870304282045,0,0,0,0
4937,745,1,4,-0.45440894750868777,1,1.2339695408232403,1,0,0,0
4938,696,1,4,1.0195219060745604,1,1.163172656018417,2,0,0,0
4939,219,2,6,-0.7590276578044269,1,-0.5374190538553658,2,2,0,0
4940,617,1,4,-0.8023888386893013,0,0.6473415561307371,2,0,0,0
4941,458,1,5,0.2903161124817516,0,-0.0663821183460029,2,1,0,0
4942,516,1,5,2.776829667858152,2,-0.4381583448154851,1,0,0,0
4943,354,1,8,-0.40473923278848983,0,0.36807268682236716,2,0,1,1
4944,849,1,6,-0.5695045603255164,0,-0.08656488542753676,1,3,0,0
4945,708,1,8,-0.7099079214833871,2,0.9423836430767403,1,0,0,1
4946,352,1,5,-0.9559712271029559,0,-0.5009727302630599,2,3,0,1
4947,233,1,5,-0.8079868646425012,1,-0.6252415621444674,1,0,0,0
4948,422,1,5,-0.9081172870439291,1,-1.59531385053391,2,3,0,0
4949,586,2,4,-0.3148009070873715,0,-0.5484367669554848,2,0,0,1
4950,548,2,3,2.8832381138255228,0,0.5608729933694375,3,0,0,1
4951,750,1,4,0.5669471866349856,0,-0.6240498859435306,0,0,0,0
4952,657,1,6,-0.07160977851654833,0,-1.1764353964425471,1,2,0,0
4953,693,1,6,-0.3296959162653714,0,-0.41532188767560346,1,2,0,0
4954,565,2,1,-0.03126124763086865,1,-0.4930236346532506,1,0,0,0
4955,222,1,1,-0.5281569725371742,2,-0.8874496901555735,1,0,0,0
4956,460,2,8,-0.8080225516616637,0,-0.21995715495508839,2,0,0,1
4957,712,1,2,-0.10159216222334991,0,1.5772259054084408,2,0,0,1
4958,489,1,6,-0.2440362545226039,2,-0.43304245273451963,2,0,0,0
4959,600,0,1,1.9335857712474478,0,-0.10710804976954362,3,0,0,1
4960,436,2,4,0.0594111152546725,1,0.7373005911753526,0,0,0,0
4961,294,2,4,0.5022089574106532,1,0.09869978540687506,2,1,0,1
4962,475,1,6,-0.9089172716205981,0,0.5563939046406141,2,0,0,0
4963,561,1,6,0.44761640129851776,0,0.3162279871445658,3,1,0,1
4964,368,1,6,3.1272956656734476,1,-0.9343246070501372,0,0,0,0
4965,452,1,3,0.08191518232283178,2,1.033335015529068,2,1,0,0
4966,312,1,5,0.3704113846903621,1,-1.0782464269391756,1,0,0,0
4967,723,1,6,2.9469438214206476,1,-0.9168975871614171,3,1,1,1
4968,441,1,2,-0.5029936233315302,1,2.0653777666273823,1,0,0,1
4969,790,1,1,0.7601243930414857,0,0.046005543155168874,2,4,0,0
4970,805,2,4,-0.4888306033163558,1,-1.2266542040420745,2,1,0,0
4971,483,2,2,-0.44339651093475174,0,-1.5093884162269904,3,1,0,1
4972,298,1,7,0.08413385211596289,2,-0.5609938382113798,1,0,0,1
4973,82,1,4,-0.7065233161193518,1,1.9220878473389045,2,0,1,1
4974,205,1,4,4.00754679341566,0,1.1444080884823356,0,0,1,1
4975,225,2,2,-0.601708932330505,0,-0.6348631273095481,0,2,0,1
4976,775,1,5,-0.8745466456094023,0,-0.6775714793766984,1,2,1,0
4977,523,2,1,-0.6117839816096592,0,-0.7070570435097361,2,1,0,0
4978,577,2,9,0.9629532972288912,0,0.6695340880574606,2,1,0,1
4979,64,1,2,-0.6246529407014301,1,1.2532776293640007,1,1,0,0
4980,260,1,5,-0.046624390159288445,0,0.5060144348997799,2,4,0,1
4981,677,0,1,1.7772320419842764,2,0.3288542910244004,2,2,0,0
4982,557,1,4,-0.701660179707865,0,0.19245651255999063,3,0,0,1
4983,470,1,2,-0.8646245329528229,1,-1.1335182341128465,3,0,0,1
4984,612,0,5,-0.9042583276186793,2,1.6820092632342258,1,4,0,1
4985,827,1,6,-0.4174688281867724,0,-0.312896760403252,0,2,0,0
4986,455,2,6,-0.8958468063523646,0,0.6763726617071573,1,2,0,0
4987,513,2,4,-0.39274420857597464,0,1.402340086936845,0,2,0,0
4988,538,2,6,1.0117763680868312,1,-0.31640599211708337,2,0,0,1
4989,978,1,7,0.5205693283926734,2,0.39770185706357236,0,2,0,1
4990,80,1,5,-0.1214129136984835,0,-0.6660009827729512,1,0,0,0
4991,636,1,1,0.9245411518248894,1,1.5195240172907756,2,0,0,1
4992,477,2,1,-0.9003975417636415,1,-1.153101437371883,2,0,0,0
4993,613,2,8,-0.05168334416705548,0,-0.8248873282666737,2,0,0,1
4994,368,1,1,-0.8828711051142472,0,-0.3374340692650901,2,1,0,1
4995,490,1,5,-0.33857035363793453,0,-0.12427954042406117,2,0,0,0
4996,642,1,5,-0.3746063654864441,0,0.03839761854537126,1,0,1,1
4997,1122,2,2,-0.6945029812623708,0,0.41285291296749627,3,2,0,1
4998,661,2,3,0.7935011709343059,0,0.3060032756280753,1,4,0,0
4999,330,2,4,-0.7443712659069295,1,1.3813475238432396,3,3,1,1
5000,415,2,5,-0.1914214686661098,2,-1.4160094918855852,2,0,0,1
5001,409,2,4,-0.3383308454859597,0,-1.0443544912033058,1,4,0,1
5002,140,2,3,-0.4331873655085408,0,1.831741097458549,2,2,0,1
5003,433,1,1,-0.9731630121109984,0,-1.2735269207979618,1,0,1,0
5004,646,1,3,0.2056680535996632,2,-0.4595543257498412,0,4,1,0
5005,245,2,4,-0.9948789368266057,2,0.5979581926322841,0,2,0,0
5006,709,1,2,0.7393320876317777,0,-0.3559069269217731,2,2,0,1
5007,597,1,5,-0.6927863459691426,0,0.14660774836094112,2,4,0,1
5008,353,1,8,-0.8778396433365941,2,-0.5304192491635884,1,0,1,1
5009,471,1,1,-0.4590049761320526,1,-1.1126997078621477,2,0,0,1
5010,819,1,1,-0.17433207589635183,1,0.7029988048076153,1,0,0,0
5011,646,1,3,-0.6299248515823846,1,-0.9921727888923205,1,2,0,0
5012,501,1,1,-0.8757810205206573,1,-0.7996810790151866,1,0,0,0
5013,452,1,6,-0.9890502054218373,0,-0.9771420362234428,2,0,0,0
5014,515,1,4,0.2296922361793747,0,-0.5774875769393766,1,3,0,0
5015,397,2,10,1.204693908263638,0,-0.45729079242629417,0,0,0,1
5016,79,1,1,-0.9001137551827094,1,-0.7328567123267725,4,1,0,1
5017,908,1,2,-0.7411954121033497,2,-0.1709118712394877,3,0,0,1
5018,531,1,2,-0.987077796595127,0,1.2022879964512838,2,2,1,0
5019,579,1,5,1.1925014440307409,2,-1.0991376902395116,0,4,0,1
5020,488,1,3,-0.4094948859448981,1,-0.05828266069139889,1,0,0,0
5021,352,2,8,1.6293138772933184,0,-0.8502449244845303,1,0,0,1
5022,462,2,3,-0.36577812777414054,1,0.26157400350490323,3,0,0,1
5023,180,1,2,1.0078290391366462,0,-1.4441662657180254,1,0,0,0
5024,955,1,5,2.0754278622791715,0,-0.818680462832666,2,4,0,1
5025,253,1,3,-0.5926924209667186,0,-0.5846351880830862,2,0,0,1
5026,293,0,1,0.03325539926783559,0,1.2353075942000848,2,0,0,0
5027,411,0,7,0.10876821845168641,1,-0.7176181032923503,0,2,0,1
5028,757,1,3,-0.9858525581792731,2,-0.0070155959116219874,2,4,0,1
5029,502,1,4,-0.4213489469505089,0,1.2848311487190154,2,0,0,0
5030,252,2,2,0.9584552976638608,1,1.0162349505604855,0,2,0,0
5031,750,2,5,1.9661674929567445,1,1.0618922544060694,2,1,0,0
5032,646,1,5,1.3261718334887784,1,-0.7688790874333159,1,0,0,0
5033,607,0,1,2.6619336494059818,0,-1.0302367958025496,0,0,0,0
5034,643,1,1,0.0687749140871202,0,-0.8392962166626945,1,2,0,0
5035,978,1,4,-0.7383284706514586,0,-1.7389511848577346,1,1,0,0
5036,937,2,8,-0.13666179210310928,1,-0.7776384252257875,1,0,0,1
5037,362,1,2,-0.4518206833553533,2,2.3374457394477153,5,1,0,1
5038,824,2,5,-0.7034637998016761,0,0.9365533689362092,0,0,0,0
5039,576,1,4,0.4993204656702541,1,-0.6150543880444712,1,0,0,0
5040,599,1,2,0.0011771566134111437,0,-0.39410427999883707,2,0,0,0
5041,161,1,8,0.5799556122067816,2,1.141822852428227,4,0,0,1
5042,465,1,2,-0.688484786843806,1,2.544660262819596,1,0,0,1
5043,337,1,4,1.3743625639761887,1,0.6761834346455018,1,2,1,0
5044,665,0,6,-0.7304573625511215,1,-0.8671538423223402,1,0,0,0
5045,714,1,2,-0.07101634885378123,0,0.18310414248932,0,0,0,0
5046,85,2,6,-0.9482853635959019,0,0.3727743843746892,4,0,0,1
5047,495,1,5,-0.2159320332915378,1,-1.1797110842055045,1,0,1,0
5048,724,2,2,-0.9021444157220175,1,-0.41065364980756125,2,0,0,0
5049,462,1,2,-0.5971752191167962,0,0.9920292302470273,1,2,0,0
5050,645,1,2,0.9968637843105941,2,-0.9773051349155241,1,3,0,0
5051,570,1,5,1.2702755678331952,0,0.7625128755630618,0,2,0,0
5052,568,1,5,0.4750479745703551,0,-1.5107511224169432,2,0,0,0
5053,445,1,5,-0.5416336765582093,0,0.10110217761333108,2,2,0,0
5054,256,1,7,-0.12862830654502128,2,0.1716068178624745,1,4,0,1
5055,275,2,6,-0.7499550957422888,0,-0.4234235710002516,2,0,0,0
5056,641,2,2,0.145806665074209,2,0.001832900105601157,1,2,0,0
5057,503,0,3,-0.5737754433520238,1,-0.7979683984524202,1,2,1,0
5058,472,1,4,-0.7538538090295467,0,-1.0306089377156566,3,0,0,1
5059,415,0,5,-0.11343194103898055,1,-0.3913324889083974,1,0,0,0
5060,438,2,4,-0.8872769284397083,2,-1.3711647397986944,2,0,0,0
5061,709,1,3,0.17255813339177034,1,1.9533008065315667,2,0,0,1
5062,432,1,3,-0.7972952129966513,0,-1.3142051639532837,1,0,0,0
5063,231,1,4,-0.18787194598554907,0,-1.1677880096045314,1,0,1,1
5064,648,1,4,-0.5009301022809677,0,2.006931374036477,2,1,0,1
5065,459,1,4,-0.15831657575410865,0,0.06775616784452254,3,2,0,1
5066,506,1,1,-0.7207273878732875,0,-0.48218525093887077,2,2,0,0
5067,821,2,4,-0.6298855319803479,1,-1.4558287396616854,2,4,0,1
5068,495,1,6,-0.854083767730408,0,0.9504335107239844,0,0,1,0
5069,557,1,3,0.5182035499437979,0,-0.7340221264553317,1,0,0,0
5070,264,2,5,-0.9339303439412896,0,0.36171336528291953,1,0,0,0
5071,456,2,4,-0.5274919211821353,2,1.6235772234913801,0,2,0,1
5072,621,0,4,-0.40148028885957865,1,-0.8511108015110432,1,0,0,0
5073,188,1,3,-0.7869836242281146,2,0.26817322970301977,1,0,1,0
5074,540,1,1,-0.5137190292671585,0,1.5455091591451489,2,2,0,1
5075,520,1,2,-0.4571756830706592,0,0.7348002681191425,1,3,0,0
5076,508,1,5,-0.7494943990921652,2,-0.2113279503701599,2,0,0,0
5077,707,1,1,0.02914397253262772,1,-1.3213241971206426,2,2,0,0
5078,566,1,3,-0.9759880494784433,0,2.35257379866595,3,0,0,1
5079,795,0,4,-0.7839986704490408,1,0.3534185355852445,0,1,0,0
5080,301,1,3,-0.012780807043368975,0,1.577805963608366,4,2,0,1
5081,527,1,4,-0.0033967941216992512,0,0.15418222038641263,0,0,0,0
5082,516,1,6,-0.6943545495614049,2,0.21409395962579172,2,1,0,0
5083,286,2,6,0.1607782514250442,2,0.8677877934472183,1,0,0,0
5084,691,1,4,-0.3625423965646236,0,-0.756695206967598,1,2,1,0
5085,964,1,5,-0.245880882298583,1,0.07801915748688587,1,2,0,1
5086,496,1,3,-0.5965727127752014,1,0.9996795915875603,2,3,0,0
5087,601,1,1,3.2154199925916753,1,1.0445338948024772,1,0,0,0
5088,516,1,5,0.3520575414426769,0,-1.2986942674054651,2,0,0,0
5089,357,1,8,-0.7173929176452466,1,1.085058809693184,3,2,0,1
5090,135,1,3,-0.7333263511559239,1,-0.9820312088722172,1,3,0,0
5091,358,2,4,0.5055497499713649,0,-0.6472229274869042,1,0,0,0
5092,221,1,4,-0.5084323709197703,1,0.9844507883666997,0,0,0,0
5093,840,2,2,-0.9102501268081278,1,-0.1348496953065993,2,3,0,0
5094,476,1,3,-0.9709951401728016,0,0.5067874763033883,1,0,0,0
5095,430,1,2,-0.4643725797042594,0,-0.26888432742685137,2,2,0,1
5096,677,1,1,-0.46306658675517604,1,0.44706442866359525,1,2,0,0
5097,275,1,5,0.24019735097887707,0,-1.3330678090195824,0,1,0,0
5098,346,1,2,-0.13812311028858473,2,-1.612912156924147,1,0,0,0
5099,513,1,4,0.4874559630735678,0,0.4302971391504592,2,0,0,0
5100,705,2,2,-0.6189677847165092,1,-0.09217962098333786,1,0,0,1
5101,600,2,4,-0.01230316117758496,2,-0.8106278239744965,1,1,0,0
5102,549,2,4,1.1981501640998606,2,-1.2013038328652137,2,2,0,0
5103,515,1,3,-0.9348322753482675,0,0.03327639502809149,1,2,1,0
5104,580,1,3,0.2457451681785293,0,-0.6971245093819965,1,1,0,1
5105,540,1,5,0.2720072262493043,1,1.535876727561477,2,0,0,1
5106,294,1,2,0.5991603063791431,0,-1.3853592139598312,1,2,0,1
5107,509,1,3,-0.6891018723056103,0,1.348008517170801,2,0,0,0
5108,285,1,5,-0.45991144419843505,2,-1.5701314343163897,2,1,0,1
5109,516,2,6,-0.7291276898994663,0,1.9974533355843813,2,1,0,1
5110,403,1,5,-0.632547769063422,1,-0.943099365727027,2,0,0,0
5111,1007,1,5,2.509260862489684,1,-0.020201305468045466,0,3,0,1
5112,492,1,5,-0.407816633087477,0,-1.583994416242221,4,0,1,1
5113,219,1,4,0.9119040857027549,2,1.5767522565983267,0,0,0,1
5114,473,2,2,0.6033641630233197,0,0.26297954912747856,3,0,0,1
5115,603,1,2,-0.4098840881754188,0,-0.7311085872976057,4,3,0,1
5116,834,0,1,3.925983763308721,0,-1.1003364843070482,1,0,1,1
5117,382,1,3,0.8610047293032259,1,-1.2055089961403531,2,2,0,0
5118,183,1,7,-0.33747846453870334,0,-0.5035674730360077,0,0,0,1
5119,663,2,4,-0.630893310007006,2,-1.2389302852877744,2,0,0,0
5120,223,1,5,-0.9282459783633817,1,-0.05079151548210653,1,2,0,0
5121,412,1,1,-0.37206771720557047,1,1.1903211480992923,3,4,0,1
5122,448,1,3,-0.5539350718617853,0,-1.032575052994709,2,0,0,0
5123,486,1,5,0.25600269585565055,1,-0.7819522868195309,2,0,0,1
5124,637,2,2,-0.9876494099048712,1,0.480497642331677,3,0,0,1
5125,363,2,3,0.8030687705191091,0,-0.3095265569105966,3,0,0,1
5126,445,2,7,-0.45972447426154706,1,0.9609337389094733,1,3,0,1
5127,497,1,5,-0.362650260921333,2,1.2657681147260342,1,4,0,1
5128,529,1,5,-0.8025550221170599,0,-0.07324186430468894,1,0,0,0
5129,519,1,1,1.8118088133656556,1,-0.07782345675941159,2,0,0,0
5130,587,2,9,-0.49103979173131024,2,0.2212818386793146,2,0,0,1
5131,668,0,6,0.8735011493165806,0,1.726230200308023,1,2,1,1
5132,578,1,3,-0.7321397218929557,0,-1.144517755425284,1,1,0,0
5133,590,1,5,-0.9044736853386709,1,1.1601871466530327,1,0,0,0
5134,183,1,4,0.019338189349688045,2,0.6075562338067039,1,0,0,0
5135,510,1,6,3.224786154772395,2,-0.7647450788548387,1,0,0,0
5136,595,1,4,0.05104766248092686,0,2.0101787600857834,0,2,1,1
5137,645,1,2,-0.053516417487191624,2,-0.1240387396425203,1,2,1,0
5138,361,1,5,-0.41407820329113365,1,0.42221024902502235,3,0,1,1
5139,368,2,8,-0.6683623774044235,0,0.7113335124506627,0,0,0,1
5140,385,2,6,-0.43465186930556243,2,0.23565906198225978,2,0,0,0
5141,607,0,3,-0.8438150210445894,2,1.8659777192168425,2,1,0,1
5142,706,1,3,-0.6989894072253268,1,-0.525523183207135,1,2,0,0
5143,418,1,3,-0.3282145621067615,0,-0.7563891790567957,0,2,0,0
5144,681,1,4,-0.8487761993148963,0,1.0598486795331366,3,0,0,1
5145,524,1,2,0.586896984587439,0,0.12087985875777021,1,0,1,0
5146,475,1,9,-0.9960361960586399,1,-0.1924431271637529,1,0,0,1
5147,457,2,4,-0.6132252101758905,2,-0.3829736965907595,1,0,0,0
5148,649,1,2,-0.2684238399945215,0,-1.3617436142343187,3,4,0,1
5149,565,0,3,1.6816604674019615,2,-0.412075994231865,1,0,0,0
5150,955,2,3,-0.14127415448279274,0,-0.4868656052365116,2,0,0,0
5151,329,2,1,-0.652471766193946,0,0.042708058837817454,1,0,0,0
5152,603,2,6,-0.5662862497457541,0,-0.29648878523215877,1,0,0,1
5153,394,1,3,-0.5865435275641947,0,-0.04067030539285736,3,0,0,1
5154,326,2,3,-0.8055634570805771,1,0.5604564255142964,2,0,0,1
5155,497,1,5,-0.8487130255549451,0,2.126691846864288,2,2,0,1
5156,527,2,2,-0.34151992270660275,1,-0.5655236619628089,2,0,0,0
5157,1083,1,5,-0.6874116314483837,1,0.7230551121451634,1,2,0,0
5158,463,1,6,-0.9098795896834126,2,0.7440296193887936,2,0,0,0
5159,273,1,7,-0.7597381261566661,0,-0.5438860144552891,2,1,1,1
5160,554,1,6,-0.25981348550970834,1,-1.3380013987659656,2,0,0,0
5161,85,1,3,-0.7058746653171545,0,2.483476825342911,4,0,0,1
5162,481,1,5,-0.7317545465700376,0,-1.35809043931108,2,1,0,0
5163,503,2,4,-0.021987891318570665,0,0.7829308160643083,1,0,0,1
5164,658,1,3,0.18141821275216088,0,-1.163852042185086,3,0,0,1
5165,694,1,3,-0.7270687450551817,0,0.8915183201780476,3,2,1,1
5166,399,1,5,-0.35801968516769667,0,1.2294028813580944,3,2,0,1
5167,469,1,4,0.46317751729932594,0,-0.6567741931940309,1,2,0,0
5168,346,1,3,0.1830172025055947,1,0.9781908671825982,1,0,0,0
5169,274,2,3,-0.9348282634652241,1,-0.3055933398933091,2,0,0,0
5170,561,1,2,-0.5538382827839615,0,-1.2165112698770122,1,1,0,0
5171,245,1,3,0.2988220632599705,0,-0.5610234815340415,1,0,0,1
5172,417,1,2,-0.8067191896738659,0,0.05122734318261469,0,0,1,0
5173,300,1,2,-0.7860720633415019,0,-0.18033645883951424,3,0,0,1
5174,609,1,2,0.0038494873918652217,2,0.09103598642300029,1,0,0,1
5175,860,2,4,-0.6684338654879178,1,-0.5358567082059894,3,0,0,1
5176,239,1,1,-0.6099862172802623,0,-1.08333518425525,4,1,0,1
5177,129,1,6,-0.25536948033903417,0,-0.5252634503429064,0,1,0,1
5178,475,1,6,0.4044831344691989,0,-0.9042197897181057,0,0,0,1
5179,503,1,8,-0.30634747134242113,0,0.22274916410878676,2,1,1,1
5180,543,2,3,1.2693166151823578,1,-1.752288126861444,1,0,0,0
5181,410,1,5,-0.8931701769774641,1,1.4740627271914684,1,1,0,0
5182,459,1,3,0.41914038891505057,1,0.33994954508841035,0,0,0,0
5183,573,2,5,-0.20999008632821262,2,1.8772005524737425,1,0,0,1
5184,708,1,4,0.717682854241029,0,-0.6341741434690794,4,3,0,1
5185,108,2,5,-0.6209768402806792,0,0.6559569205444122,0,2,1,0
5186,426,1,5,-0.33864491345357295,2,-1.6361042032968898,2,0,0,0
5187,542,1,6,0.7567701720039561,0,-0.6837323804897109,2,0,0,0
5188,316,2,3,0.805084490733969,1,0.976489230119531,3,0,0,1
5189,846,2,3,-0.5282159333482666,2,-1.1755375387218552,2,2,0,0
5190,372,1,4,0.7487201562151878,2,-0.5526877886713049,0,3,1,0
5191,491,2,4,0.1586919627982697,1,0.756391701099784,2,1,0,0
5192,611,1,1,-0.4721981839629209,2,-0.2640232862686077,2,0,0,0
5193,381,1,1,2.5486744319106545,1,-0.896389238552459,2,0,0,0
5194,130,1,8,-0.9759457384970494,0,0.4978176127729974,2,0,0,1
5195,414,1,5,-0.5172818484091258,2,1.2302969926799923,3,0,0,1
5196,705,2,5,-0.6349415944477597,2,1.3977425560127876,2,1,0,0
5197,432,1,3,1.7841784204117008,1,1.4387062226767517,2,2,0,0
5198,330,1,1,-0.901320476154458,0,-0.6545167759496426,2,3,0,0
5199,685,2,7,-0.0020387372399890244,2,0.6143831666712605,3,0,0,1
5200,433,1,3,0.27467774344100204,0,0.6133391224693442,2,0,0,0
5201,397,1,1,-0.8008290043819994,1,-1.5836755719558981,1,2,0,0
5202,529,1,7,-0.8426304964630033,0,-0.5072380375637572,3,2,0,1
5203,654,1,2,-0.9580129960629489,0,-0.07909826455359598,1,0,1,0
5204,976,2,4,-0.831892039812397,0,0.8570644952040078,3,2,0,1
5205,665,1,2,0.6717338837378639,1,-1.027160526622817,1,1,0,0
5206,731,1,5,1.9229954903879456,2,-1.0090270899842244,1,2,1,0
5207,398,2,4,1.3486347935559626,0,1.022122853720903,1,0,0,0
5208,294,1,3,-0.5454853055094616,1,1.3393983501898856,1,2,0,0
5209,512,1,3,0.30842273785475993,2,-0.42908737270418523,3,0,0,1
5210,521,2,2,0.7768352006861732,2,-0.46848017833728756,2,2,0,0
5211,284,1,1,0.694637181956921,1,-0.6507443653593389,1,0,0,0
5212,464,1,5,-0.9420216163524132,2,-1.0807900562593178,3,2,0,1
5213,579,1,4,-0.7618755107487403,2,-0.976651814560454,3,0,0,1
5214,572,1,5,1.835890028463171,1,-0.221252276697681,1,1,0,0
5215,600,1,6,0.3618603629673627,2,-0.01434572079353994,1,0,1,0
5216,558,1,7,0.8207494712218938,0,1.5859928352349528,2,0,0,1
5217,398,2,7,-0.27372997294452694,1,-0.1579654278406934,1,0,1,1
5218,397,1,2,-0.5000129375491328,0,-0.5583779419838302,0,2,0,1
5219,260,1,9,0.0634588596348701,2,0.20019501739298545,3,0,0,1
5220,856,2,6,-0.3566402350183063,0,-0.06209154114061697,2,0,0,0
5221,502,1,1,-0.531841512602066,0,-1.03246545012418,1,0,1,1
5222,455,2,6,-0.5730387048942569,0,1.588350180679899,4,0,1,1
5223,314,1,3,-0.8330621200235275,0,0.5366377865307149,2,4,0,0
5224,1087,1,6,-0.24120907879502154,2,-1.0616935068881626,1,0,0,0
5225,285,2,6,-0.2616782042376098,2,-1.1577175837700207,1,2,0,0
5226,414,1,3,-0.0991200040796895,2,1.7104553114414935,1,2,0,1
5227,583,0,8,-0.8822012085540368,0,-1.0456254328954286,1,0,0,1
5228,620,1,11,1.4984404096183561,0,0.8242878804349795,4,1,0,1
5229,691,1,5,0.370302627219399,0,1.989393280388594,3,2,0,1
5230,861,1,3,-0.8650942234792902,1,-0.18914313521374745,1,0,0,0
5231,601,1,3,-0.9237822561885741,0,-1.2712839667034377,3,1,1,1
5232,288,2,7,0.0395297695874895,2,-0.8815493726898517,0,0,0,1
5233,448,1,1,-0.58292986840424,2,-0.2547181390526241,1,0,0,0
5234,561,2,4,-0.6170334165769085,0,1.6039383353797538,3,4,0,1
5235,913,1,3,0.8559741695396988,1,0.5862642073985709,0,0,0,0
5236,220,1,7,-0.5772913373474583,0,2.739017562561176,3,3,0,1
5237,740,1,7,0.009393253772715425,0,1.9145606846409329,1,1,0,1
5238,535,1,1,-0.22451426880041764,1,0.5585123775859939,1,2,0,0
5239,667,1,4,-0.697526833638026,2,0.2422525373482312,0,4,0,1
5240,479,1,7,-0.598050342265859,2,-0.7536356921537045,1,1,0,1
5241,331,1,4,1.9092369807230756,0,1.3468472726151366,2,1,1,1
5242,650,2,3,-0.5984568736760258,0,-0.20453322674261443,2,0,0,0
5243,630,2,3,0.550814703783674,1,-0.6244648769621484,1,0,0,0
5244,694,1,4,1.0011528026819476,0,1.5112835903581547,1,0,0,0
5245,497,1,5,-0.9329170366952738,0,-1.501623284992535,1,0,0,0
5246,380,1,3,0.09871216171423784,1,1.3639571538536874,1,0,0,1
5247,188,1,5,0.39911437957623,1,1.9227965034281562,1,2,0,1
5248,663,1,5,-0.4289382112129262,1,0.16425383613961017,2,1,1,0
5249,584,1,8,-0.15106784096377288,2,-1.6796073966309208,1,2,0,1
5250,306,2,7,-0.8283421081785101,0,1.3936422198112177,1,1,0,1
5251,392,1,2,-0.6178565089301465,1,-0.628062870736811,2,2,0,0
5252,406,1,5,0.24301251920129657,0,-1.4727147713321331,1,2,0,0
5253,203,1,2,-0.06935726485004287,2,1.0314082727016445,1,2,0,0
5254,336,2,5,-0.8587290603317911,2,-1.1237616928436496,0,1,0,0
5255,273,1,2,3.4946936437689917,2,-0.7769370621203746,0,0,0,1
5256,417,2,5,1.816815970634583,1,0.21463576663620146,1,1,0,0
5257,352,0,2,-0.749773794194981,1,0.448425268907718,5,0,0,1
5258,174,2,2,1.1080905960751322,0,1.2176294822186042,2,4,0,0
5259,904,0,4,-0.6917116949991515,0,-0.08851500896493732,1,0,0,0
5260,750,1,5,-0.16417485770851173,0,-0.5476320234985103,1,4,0,1
5261,344,1,9,0.5416623952293607,0,-1.7324537110390072,1,0,0,1
5262,554,1,4,-0.578940988440972,1,0.4318941129757359,2,2,0,0
5263,583,1,4,-0.1840107132980289,0,-0.038160937878226955,1,2,0,0
5264,738,1,1,-0.39915727830392067,0,0.15291148243339536,2,3,0,0
5265,336,1,2,0.44447980841054574,0,0.07713513873723986,1,1,0,0
5266,718,1,4,-0.3453504808418215,1,-1.2856198447402971,1,0,0,1
5267,390,2,5,-0.15675256810601604,1,-0.7463905137448015,2,2,1,0
5268,232,1,5,0.8919883049638561,0,-0.5453879298824049,1,2,1,1
5269,644,1,4,0.2120996882995336,0,-1.1289325109491986,0,0,0,0
5270,758,0,2,-0.24532865242281826,1,0.9754376089241577,1,2,0,0
5271,1017,1,2,-0.3787131024877745,0,-1.4257535985108927,1,0,0,0
5272,260,2,5,-0.8699960976219341,2,0.6646611402373811,2,0,0,0
5273,639,2,6,-0.9488548174233058,1,1.6405229924769544,1,0,0,1
5274,418,1,2,2.097140846629896,0,-0.31864321597665496,3,0,0,1
5275,656,1,3,-0.7978941115358452,2,1.205471670982131,2,0,0,0
5276,205,1,3,-0.6781559085031638,0,-1.0860684128901215,3,2,0,1
5277,247,2,6,-0.047689160915698664,1,0.016330550049582965,1,0,0,0
5278,344,1,7,0.7820354394088082,1,1.0491611417769997,2,0,0,1
5279,515,1,4,0.8133443315507222,0,-0.013014953313133057,0,0,0,0
5280,371,2,7,0.7922632152669277,1,1.2792780210173682,2,2,0,1
5281,631,1,3,2.878141817573234,1,0.023971784351085823,1,0,0,0
5282,705,2,3,-0.9495696449883504,2,0.10097702103564993,1,0,0,0
5283,619,2,4,-0.48856682107191496,1,1.8030162034075956,2,0,0,1
5284,823,2,5,1.4826015830556758,0,-0.2475981453860559,0,1,1,0
5285,583,2,2,-0.36723323160213045,2,-1.2880432420415842,3,4,0,1
5286,256,1,5,1.077413644084247,0,2.3867328609927445,1,0,0,1
5287,772,0,4,-0.9897449914979842,2,1.0964420918553792,2,0,0,0
5288,378,1,2,-0.2939487277895483,2,-0.18961798678314717,2,0,0,1
5289,682,1,6,1.5926861645859358,1,-1.0905396928725168,1,0,0,0
5290,814,1,6,-0.6998487454235424,0,-0.5512394457596432,2,0,0,0
5291,591,0,6,1.6918823017902946,1,-0.1563132449295846,1,0,0,0
5292,200,2,2,-0.9992046739178179,2,0.35056271523955046,2,0,1,1
5293,316,2,5,-0.924242173067978,1,-0.6771135150090941,0,1,1,0
5294,764,1,3,-0.34895548734893395,2,-0.7317514329871637,3,2,0,1
5295,466,2,3,-0.893467520666689,0,-0.3979229759266728,0,0,0,0
5296,515,2,3,-0.7478318022715633,0,-0.24085523711531648,1,0,0,0
5297,651,1,4,-0.6486839161784708,0,0.42986082992562497,1,0,0,0
5298,639,1,1,-0.3398332214184492,0,0.7381068301975954,1,2,0,0
5299,555,1,1,-0.5042644902720015,0,0.02156583018915314,1,1,0,0
5300,458,1,3,1.5886992707794805,2,-1.1669372094516577,4,2,0,1
5301,437,1,1,1.200929202882895,0,0.9140331859915559,0,1,0,0
5302,671,1,2,0.39430007567241987,1,1.742524228036765,0,1,0,1
5303,610,1,5,0.0873125441619528,0,-1.1740365062842835,4,0,0,1
5304,448,1,1,-0.7753731153144396,2,-1.4430668083301268,0,2,0,0
5305,716,1,4,-0.07126199590632168,1,1.180069290158702,0,0,0,0
5306,474,1,4,-0.8460762491337005,0,0.7818981752624639,1,0,0,1
5307,329,2,2,-0.394770601980095,1,-0.032623090773114545,1,0,0,0
5308,348,1,3,-0.3782746954418949,1,-0.45589549349427566,1,2,0,0
5309,304,1,1,0.18238010843309369,0,0.2102690306266432,2,3,0,0
5310,445,1,4,0.8255149948514122,1,0.34882563876305894,1,0,0,0
5311,746,1,4,-0.6148597877516117,0,1.1530990381492883,1,0,0,0
5312,338,2,3,-0.9650917586755463,0,-1.1689898328750088,2,0,0,0
5313,537,1,7,-0.9589322418520926,0,-0.5054640226477148,4,0,1,1
5314,368,1,5,1.1056804272856995,2,0.028334049837365833,1,0,0,0
5315,447,0,1,-0.330314682530882,2,0.6859604959292067,2,0,0,0
5316,197,1,7,-0.7179575080494612,2,0.08721151273742885,1,2,0,1
5317,455,1,4,-0.9744833422110784,0,0.4360874236810987,1,2,0,0
5318,461,1,5,-0.24261048559250126,2,0.21158255449425087,1,0,0,1
5319,608,1,4,-0.8578936785220874,1,-0.8681037572350417,2,0,0,0
5320,544,0,3,-0.4590269732836189,0,1.295203122040239,0,0,0,0
5321,260,1,2,-0.2696304286316045,0,-1.2334578375620804,1,0,0,0
5322,716,2,4,-0.7430886292396333,1,-1.5503304308043515,2,0,0,0
5323,542,0,3,-0.7823849504082201,0,0.9247412548164786,0,2,0,0
5324,539,1,3,-0.9875148301708215,1,-0.7007250661411557,0,2,0,0
5325,498,1,4,-0.11208214865637259,1,0.0022170474690926993,1,2,0,0
5326,396,1,1,-0.7803460957967665,1,0.7735675801809194,0,0,0,1
5327,543,1,3,1.1337232021710677,2,-1.259953385450967,2,4,1,0
5328,595,1,2,-0.06626797077837744,0,-0.15089254528247728,2,0,0,0
5329,150,1,5,-0.18110992619949057,0,-0.4302257641632701,1,1,0,0
5330,392,1,1,-0.29329832027168135,1,0.10676634688116192,0,0,0,0
5331,449,2,5,-0.761253924483584,1,1.3048783465510845,2,0,0,1
5332,551,1,5,2.538816667038199,1,-1.2163336086617313,2,2,0,0
5333,738,1,4,2.4630481665334236,0,-0.2131735511629216,2,0,0,0
5334,345,2,2,-0.6137063490558277,0,1.7559165698657724,2,0,0,1
5335,400,1,3,0.5147917481750405,1,-0.8658714483945432,4,2,0,1
5336,397,1,3,-0.8787169305525583,0,1.7839361856024607,3,0,0,1
5337,339,1,3,0.5345837412372422,1,-1.0511263246743239,1,0,0,0
5338,430,1,3,-0.6647622077502701,0,-1.3403430616611782,0,0,0,0
5339,654,1,4,-0.6607602896543617,1,-0.012194803922200305,0,0,0,0
5340,289,1,2,-0.288051389554136,0,-0.10796203643744294,3,0,0,1
5341,585,1,4,-0.5012306246984342,0,1.2929272166576244,2,2,1,0
5342,159,0,3,-0.8803495598005137,1,0.45878077390637145,0,0,1,0
5343,387,1,2,-0.09336856258256496,1,-0.48852978892066584,2,1,0,0
5344,434,1,5,-0.7631529349780621,0,-0.7956021400472612,2,0,0,1
5345,834,1,2,-0.4099687675044054,0,1.0856173191561136,2,0,0,0
5346,445,1,3,-0.7406970049752682,1,0.01910735058275762,2,0,0,1
5347,64,1,5,0.9744505999335963,1,0.22236044500785504,2,0,0,0
5348,100,2,5,-0.5882923765320672,1,1.3158316076960155,1,0,0,1
5349,506,1,3,1.2141869894968627,0,0.37793269751421027,0,4,0,1
5350,622,1,4,-0.6064504406821566,0,0.2748322590661849,0,0,1,1
5351,575,1,1,-0.8066453355872798,0,-1.1960936492581549,1,0,0,1
5352,533,1,5,-0.13365731436474299,0,-1.0100019979383892,1,0,0,0
5353,732,1,3,-0.18403270131056584,0,1.9311090958786234,0,0,0,1
5354,392,1,1,-0.02665031455400661,2,2.6415400116864958,1,0,0,1
5355,678,1,2,-0.6419806035830813,0,0.6004981408947011,4,1,0,1
5356,173,1,4,-0.6156578096859828,0,-0.7523130545715184,4,0,0,1
5357,319,1,3,-0.7321708974609098,0,-0.1865806211310203,2,0,0,0
5358,138,1,4,1.673862707783884,2,0.24093547046199754,1,0,0,1
5359,445,1,3,0.16047823269812547,2,-1.2476693419106415,2,2,0,0
5360,490,0,6,0.4278926337779912,1,0.45353845755063865,2,0,0,0
5361,522,1,3,-0.7883009898115242,0,0.11729023511337794,1,3,0,1
5362,512,2,9,0.09411192493196113,0,1.7029681530515617,0,0,0,1
5363,314,1,2,0.4549918994852718,0,-1.2408151631970818,1,0,0,0
5364,461,1,4,-0.5814562395087763,0,-0.5218258477450411,2,4,0,1
5365,200,1,2,-0.833321025780995,1,1.9130398301503377,2,0,0,1
5366,772,1,1,0.20657528645380957,2,-1.2609568609885766,1,1,0,0
5367,439,1,4,-0.04717910520417635,0,1.1053111319352673,2,2,0,1
5368,402,1,12,-0.13609615970419048,0,1.5972035331669412,2,1,0,1
5369,817,2,4,-0.8028331885956753,2,-0.3958425850493328,1,2,0,0
5370,251,1,4,-0.6981825137202472,1,-0.8169576266321918,2,0,0,0
5371,274,1,4,-0.010588140042884636,2,-0.8605610344421446,2,4,0,1
5372,280,1,4,-0.040770043499260375,2,0.34952819891915743,3,0,0,1
5373,486,2,2,-0.18498094129384968,0,-0.6407775689019521,1,0,0,0
5374,586,2,4,0.4787297370417905,1,0.3795436222045266,3,0,0,1
5375,647,1,5,0.7064853715833123,1,1.5612444755847723,3,2,0,1
5376,1014,2,6,-0.6786587127877375,1,1.245957154177487,2,3,0,0
5377,64,1,3,-0.8334237097539301,0,-0.7400269114690742,2,4,0,0
5378,621,1,2,-0.7794214309838579,2,0.9678843299239872,2,0,0,0
5379,388,1,6,-0.6718958756875519,1,-1.085637557368446,0,3,1,0
5380,382,2,2,1.9942596326056174,0,0.6882855175225232,2,4,0,0
5381,376,2,6,-0.8578143089260487,0,-0.16192853890898035,1,0,0,0
5382,318,2,3,1.1381851922560444,0,1.4477834830001168,3,0,0,1
5383,836,1,7,-0.7766041364482074,2,-0.3332889392029776,0,4,0,1
5384,668,2,4,-0.5721490809906854,0,-0.9847307604728686,1,1,1,0
5385,504,1,3,-0.8710356615291851,0,1.2326605361089888,1,2,0,0
5386,770,1,2,-0.8968981396722973,0,-1.3622829196209352,4,0,0,1
5387,197,1,4,-0.9061768404045022,1,1.3800955415039484,2,0,0,1
5388,233,1,1,-0.5809877621573211,0,-0.5752399964465295,3,0,0,1
5389,64,1,8,-0.25349962539928383,0,-0.9228294661686981,3,0,0,1
5390,360,1,2,-0.7798799965456769,2,-0.8704701233101927,0,2,0,0
5391,532,2,2,1.736452677011745,0,-0.8814624725200534,2,0,0,1
5392,520,1,5,-0.10987617596869435,0,-1.1500170265126193,1,0,0,0
5393,529,1,1,1.1924883453441326,0,-0.6342427005727982,1,0,0,0
5394,217,2,5,-0.8439801253944306,0,1.4712994074477126,0,0,1,0
5395,660,1,5,-0.8503223761254151,0,0.20117431276416978,2,0,0,0
5396,547,1,3,0.8998886639323475,1,-0.12053623107889769,3,3,0,1
5397,646,1,1,-0.15423624966826063,0,-1.5126381253677252,0,1,0,1
5398,121,1,4,1.8299414530287783,1,-0.3492617171945121,2,0,0,0
5399,562,1,5,-0.8462740758308227,0,0.9264159340505551,1,0,0,0
5400,262,1,3,-0.981050678775072,0,-1.0920002380685474,4,1,0,1
5401,420,2,4,1.518208030466224,2,-0.03642448965512624,0,0,0,0
5402,606,1,4,0.21274644447374558,0,0.7944661402169544,1,1,0,0
5403,518,1,4,0.6661965282424364,2,1.2004374244914122,3,2,0,1
5404,329,1,8,-0.6508692975170844,1,-0.8875382554197824,2,0,0,1
5405,501,1,4,-1.004739958906385,1,-1.4378944393816702,2,1,1,0
5406,193,1,4,-0.337115079819756,1,0.2893385899394387,3,1,0,1
5407,730,2,9,3.676952710726744,0,1.4419164929498467,4,1,0,1
5408,458,2,3,1.4137706780141577,0,0.03502233152468409,0,0,0,0
5409,723,1,4,-0.9318382546617799,0,0.09891312671658027,0,2,0,0
5410,394,2,5,-0.7963211453187731,1,-0.9676261264932273,2,0,0,1
5411,395,1,4,-0.6286479844368884,1,-0.8278448464251442,1,1,0,0
5412,347,1,3,0.7967691790484551,2,1.0037828620051508,3,3,0,1
5413,675,1,2,0.7632292913798984,2,1.076548783269065,1,0,0,1
5414,358,1,7,-0.799795366605762,2,-1.4283215907408584,1,0,0,1
5415,628,2,3,-0.23325273591189308,0,-0.23046759498668454,1,0,0,0
5416,423,1,2,-0.29921502705770453,0,1.301374737041723,3,0,0,1
5417,104,1,6,-0.46380928600380456,0,2.1490217302329553,2,0,0,1
5418,385,2,6,-0.22704667237959636,1,-0.8015316433206258,0,1,0,0
5419,264,2,6,-0.6555182058279764,0,0.6603259913272742,4,0,0,1
5420,506,2,4,-0.2365820344844053,0,-0.594549554646216,1,0,0,1
5421,261,1,4,0.16902316559795888,1,0.4529920497536744,1,4,0,1
5422,685,1,4,-0.9422187271056462,0,0.5374681874932243,1,0,0,0
5423,481,1,1,2.471143771770772,1,0.4637942809917102,1,1,0,1
5424,464,1,6,-0.8240889737043698,1,-0.568454683277105,0,0,0,0
5425,631,2,5,-0.5534760646496472,0,-1.4422049823138274,2,0,0,0
5426,692,2,7,-0.3609325650043506,2,-1.102218794550768,2,2,1,1
5427,495,2,2,-0.9653005347294331,1,1.9369612889818946,2,1,0,1
5428,345,1,2,-0.19940771209770303,0,-1.4776840498777486,1,0,0,0
5429,145,2,7,1.0670130434855916,0,-0.8406259476082452,3,0,0,1
5430,362,2,4,1.3444741942426064,2,0.215228555829212,2,4,0,1
5431,376,1,3,-0.606307981728917,2,-0.9497821533368292,3,0,0,1
5432,521,1,5,-0.17563293604669797,0,-1.1693821697208693,2,0,0,0
5433,430,2,6,0.5174367459442885,2,-0.40212294022243306,2,0,0,0
5434,637,1,2,-0.711399450350046,1,0.820326357551574,4,0,0,1
5435,377,0,1,-0.24324015892554776,0,2.0049062628791345,1,0,0,1
5436,488,1,2,-0.5432123666337615,1,0.44628269040323887,2,1,0,0
5437,736,2,2,-0.5246491388546897,0,1.414373021895392,2,1,0,0
5438,568,2,8,-0.907306437366714,0,-1.0220090641266912,0,0,0,1
5439,487,1,4,-0.47656302784622506,0,2.1033170612932484,1,0,0,1
5440,379,2,4,-0.8294658463757737,1,0.15431156617365419,1,0,0,0
5441,373,1,6,-0.6432470934038585,1,-0.13390054699597992,2,0,0,0
5442,329,1,4,-0.6001162733682256,1,0.1620220825872925,0,0,1,0
5443,391,1,5,-0.43506870682549637,0,0.5429001535479397,2,0,0,0
5444,651,1,4,1.5225223831272592,1,0.6732639134619479,2,0,0,0
5445,455,2,6,0.0061219451326096205,0,-1.1993827792783167,0,1,0,0
5446,230,2,4,2.7223933243051364,2,0.5883675207095066,2,1,0,0
5447,853,1,3,-0.09941331802541599,0,-0.44570643361606554,0,2,1,0
5448,563,1,5,0.6573842218222614,0,0.0654443150310424,0,0,0,0
5449,218,1,3,0.8195164436524068,1,0.4366669611895077,1,0,0,0
5450,411,1,4,0.3583378198990271,1,0.21774056305967784,1,0,1,0
5451,522,0,1,0.1194806118059116,0,-1.5274903984066655,0,0,0,0
5452,840,1,5,-0.4574784144960697,0,-0.8432887988764194,2,4,0,1
5453,278,1,2,-0.15589514661725323,2,0.24517248787427684,0,2,0,0
5454,695,1,2,-0.788864341362407,0,0.5703787593515799,0,1,0,0
5455,779,1,4,-0.028428686176426715,0,-0.979703074293036,0,0,1,0
5456,374,2,2,-0.2733671898593511,1,0.11478538538397004,2,0,0,0
5457,444,1,3,0.6513117461371715,0,-0.5763430175516573,2,2,1,0
5458,292,1,1,1.3602711010158735,0,-0.03826220437630335,1,0,0,0
5459,459,2,4,-0.8629496724662937,0,0.08657483170627457,1,1,0,0
5460,492,2,5,0.18631407330853952,2,-0.03918244719894096,2,1,0,0
5461,631,2,4,2.039998836944727,0,0.6904171647840798,3,4,0,1
5462,718,2,4,1.5344303987772598,1,1.4828134239634743,1,0,0,1
5463,350,0,4,0.8212029885211163,0,1.37514907018031,1,0,0,0
5464,106,1,5,-0.9574684343121705,1,-1.514452252335702,0,2,0,0
5465,495,1,4,-0.7118915639864108,1,1.2297030343159527,3,0,0,1
5466,558,1,3,-0.8446136126620417,0,-0.6321130763101929,2,0,0,1
5467,549,2,1,1.6532409541653248,0,-0.07430880390784873,0,0,0,0
5468,434,1,3,0.397611618286931,1,1.2569177332858967,2,2,0,0
5469,524,1,5,-0.2360706740495503,2,-0.3028571710849279,0,2,0,0
5470,803,1,7,2.940951445697367,0,-0.9840740331644044,2,0,0,1
5471,576,2,4,-0.7875994656249748,1,-0.2577496411260553,0,2,0,0
5472,425,1,1,0.03569528143375381,2,0.695458967969762,1,1,1,0
5473,399,1,5,-0.05177882334889502,0,0.9549535319523517,2,2,0,0
5474,466,1,2,-0.5845480097581264,2,0.10970540821480129,1,0,0,0
5475,827,2,4,-0.33218520869895946,1,-0.27143849236441336,0,0,0,0
5476,463,1,3,-0.7348933468475389,0,0.2447981620285115,2,0,0,1
5477,496,1,3,0.14191073513795013,0,-0.07245153788994825,2,0,0,0
5478,403,1,3,-0.4569091218083836,0,-0.10060456593579535,1,0,0,0
5479,719,1,4,-0.9836245213746967,0,0.01291768453218853,1,2,0,0
5480,891,1,2,2.0551559665562746,1,0.18558537475114936,3,0,1,1
5481,590,1,2,-0.2999817479353323,0,0.1921353792293991,2,0,0,0
5482,516,1,4,0.23596348376267137,0,-1.500728057358816,2,0,0,0
5483,507,2,7,-0.7848028014182443,2,0.5542445021017036,1,0,0,1
5484,64,1,6,-0.86945543999252,0,-0.8561870951125176,1,2,0,0
5485,649,1,4,1.3590018461906956,2,0.7507108071276756,1,0,0,0
5486,526,2,6,-0.09871487464713019,1,0.343648613769477,3,2,0,1
5487,585,2,7,-0.31630900367612447,0,0.846405619748824,0,2,0,1
5488,357,1,2,-0.25891338004965125,1,-0.9760062111540435,1,4,0,1
5489,423,1,1,-0.73380675598917,0,-0.6681818415275267,0,0,0,0
5490,417,2,4,1.4720471704278442,1,1.9253253810972986,1,0,0,1
5491,704,2,5,-0.7626397378240429,2,-0.9910475062725401,3,0,1,1
5492,424,1,3,-0.8329421974624962,0,-0.7002229262840718,3,0,0,1
5493,916,1,6,1.6975018785389056,0,0.44734243072109425,1,2,0,0
5494,586,1,5,-0.7049426660340731,0,-0.4332586958654915,1,1,0,0
5495,244,1,4,1.0100573749211867,2,0.2977113090559174,2,0,0,0
5496,474,1,3,0.49809765006903256,2,-1.26407064257817,1,4,0,0
5497,369,1,2,-0.5184661858701852,0,-0.8434814300911898,0,0,0,0
5498,64,1,4,-0.7098241895927528,0,0.6396005719115911,1,1,0,0
5499,819,1,4,0.4393604754032489,0,1.4100812294850744,0,2,0,0
5500,640,1,4,-0.08200388278978221,0,-0.11460331904248908,3,2,0,1
5501,606,1,5,-0.709771911092157,0,-1.0712421676387083,1,0,0,1
5502,533,1,4,1.2452912203837552,0,2.188497055154713,2,1,0,1
5503,223,1,6,0.2904279785315867,0,0.16047901316036706,2,0,0,0
5504,403,2,6,1.4331010332968874,1,1.7262430131197397,1,1,1,1
5505,668,1,4,-0.4227217883347846,0,-0.7241753747568074,1,0,0,1
5506,289,2,2,-0.8683246550389297,0,-0.8113377006882141,1,4,1,0
5507,64,1,2,1.6142006711210644,0,1.2794177857898765,2,2,0,0
5508,454,1,2,-0.07228381620782524,0,-0.6614057134878139,3,1,0,1
5509,471,1,4,-0.06039079642224058,0,0.4544704225595185,1,0,0,0
5510,527,0,4,-0.1151579701679211,0,0.044169773267082976,1,2,0,0
5511,645,1,9,-0.35753452160547144,0,0.27027654472393525,1,0,0,1
5512,627,1,7,-0.7084038080941234,2,-0.6787858686935511,2,2,0,1
5513,551,1,1,-0.04225438559997885,0,0.05564333738187297,2,3,0,0
5514,739,2,6,0.2817902729802302,0,0.4354403121066069,2,2,1,0
5515,196,0,3,1.5179963928968807,1,-0.6901995513383231,2,0,1,1
5516,600,1,7,-0.9317013266038482,0,-0.22105913277146022,0,1,0,1
5517,625,1,3,-0.7088590969903903,2,0.19624832892654545,1,0,0,0
5518,252,1,4,0.5169281311596527,2,0.26929048569271635,1,0,0,1
5519,199,1,4,0.5099604541518964,2,0.1928361026090487,2,2,0,0
5520,350,1,3,-0.7654907666387667,0,0.5121276918168524,3,0,0,1
5521,367,2,4,-0.8001532502530732,0,-0.18263631567165187,1,0,0,0
5522,650,2,4,-0.5425398297126588,1,1.737500581371795,4,0,0,1
5523,377,1,1,-0.9417715562769807,0,-1.4876450864581439,2,4,0,0
5524,328,1,8,0.3252021543512111,0,-0.6145903338242729,1,4,1,1
5525,377,1,4,0.11915328579728338,0,0.7417394536053219,2,4,0,1
5526,723,1,9,0.9826267451435353,1,-0.19552246821812982,2,1,0,1
5527,502,1,1,-0.4360520910446053,2,-1.2693824002200862,1,3,1,0
5528,464,1,5,0.022064501402693892,1,1.7474208720711601,3,0,0,1
5529,477,1,6,2.122746534256809,1,-1.0668315291850037,2,0,0,0
5530,758,1,3,2.236006063434393,1,-1.467245528541927,1,2,0,1
5531,350,2,6,-0.932873659043108,1,-0.8856868192132303,1,0,0,1
5532,763,1,3,-1.0059452150098596,2,-0.743610726220257,1,0,1,0
5533,542,1,7,2.2656160786130073,0,-0.7565415844038731,2,0,1,1
5534,467,1,4,-0.22836923164960934,2,-0.726300865657593,4,3,0,1
5535,1000,1,2,0.21804022991840777,0,1.0617462982006138,2,4,0,0
5536,288,0,2,1.4710085183937398,0,-0.7359723051695145,2,0,1,0
5537,429,2,5,-0.4304952072717201,1,0.7879959786870369,1,2,0,0
5538,253,1,4,-0.41695058287844,0,1.3532321111197199,3,0,0,1
5539,690,2,4,-0.8220422882643897,0,-1.3692954208236572,2,0,0,0
5540,837,1,3,1.3951418529733142,2,0.20724955558567765,3,3,0,1
5541,833,0,5,0.053157828423563196,0,-0.13572336037549332,0,2,1,0
5542,744,1,4,-0.8056877045276547,2,1.7696686042735328,2,0,0,1
5543,460,1,6,-0.17333567797615407,1,-1.3532410616173598,1,0,0,0
5544,426,1,7,-0.6033264914985665,2,0.3537575158486085,3,2,0,1
5545,165,2,4,-0.8459340961976396,2,0.1127935955176082,0,0,0,1
5546,907,1,4,-0.8037003042067767,1,-1.012579649148297,0,0,0,0
5547,593,2,2,-0.17457069777197812,1,0.14899972429688887,1,1,0,0
5548,401,1,6,-0.16266745137763183,2,0.6882600915993368,1,2,0,1
5549,765,2,3,0.5791640043616566,1,-0.6002054378896741,4,3,0,1
5550,305,1,2,-0.7179957824715046,0,0.7732714843069511,2,1,0,0
5551,581,2,2,1.5093826162052484,2,1.785172846934384,2,0,0,1
5552,465,1,1,-0.2642880140349031,0,-1.2198298416588196,0,2,0,0
5553,627,1,3,-0.7755883208561779,0,-0.9387122987800024,4,0,0,1
5554,487,0,5,-0.4655441413190227,1,0.538798065556536,3,0,0,1
5555,209,0,2,1.6046528864766516,0,-0.57191809619798,3,2,0,1
5556,515,1,7,-0.3463628461498522,0,-0.2065061041710012,1,0,0,1
5557,709,1,2,1.104793714386705,1,1.7999090215638445,1,0,0,1
5558,494,1,8,-0.8307335307213167,0,2.364184688006578,3,2,0,1
5559,655,1,5,1.4869736115396477,1,-1.2583888654553084,1,0,0,0
5560,290,1,5,-0.4350350177062521,1,-1.2330943873768863,0,0,0,0
5561,494,1,1,1.7899976562468602,0,1.1388045831808962,3,0,0,1
5562,375,1,2,1.036991243259774,2,-0.4869428290315924,1,0,0,0
5563,649,2,2,0.08927879711320816,2,1.2156168731608956,0,1,0,0
5564,506,2,3,0.1285535829713426,1,1.2413087518790944,1,2,0,0
5565,638,1,3,-0.7661701567507965,1,0.02443887527409306,2,0,0,0
5566,717,1,4,-0.06869538783757567,2,-0.4506441687190358,2,0,1,0
5567,638,1,6,-0.196851333677073,0,-1.2885327795101047,1,0,1,0
5568,554,1,3,-0.5942281571790918,1,0.820137665722571,1,0,0,0
5569,300,1,4,-0.29137273900861455,1,-1.0578495765058857,2,0,1,0
5570,499,1,4,1.6844664003812686,0,0.3200344159604323,2,0,0,0
5571,393,1,6,-1.002452878133149,2,-0.275456653166478,2,2,1,0
5572,431,1,5,-0.45885942761961906,0,1.2276734532824107,1,2,0,0
5573,425,2,3,-0.5950043102979291,0,0.2948600520399743,1,0,0,0
5574,304,2,5,2.297807166165354,2,-0.20646060477332764,0,2,1,1
5575,108,1,1,2.7000272975577437,2,-1.2650023996109232,3,1,0,1
5576,366,1,3,-0.11173915823778191,1,-1.520129205657615,3,0,0,1
5577,538,0,5,-0.19569611714931234,1,-0.8387580651270079,1,0,1,0
5578,230,1,6,1.3672757385951253,1,-1.0956790309900761,2,0,0,0
5579,503,2,9,-1.0011874382260166,0,-0.8049907704621215,2,1,1,1
5580,880,2,7,-0.16756955794216663,0,1.553536856039592,1,0,1,1
5581,704,2,4,-0.9824965421675411,1,-0.08824181174104995,1,0,0,0
5582,828,1,7,2.498139916323972,0,1.1298550958111075,0,0,1,1
5583,578,1,3,-0.6153726372374413,2,1.6209282417614814,2,0,0,1
5584,733,2,4,-0.2596538280385606,0,-1.4514960035668085,1,1,0,0
5585,355,1,3,-0.4580836573295004,2,1.8516888487311864,3,1,0,1
5586,371,1,1,1.2712007624359885,0,0.9404600302337566,3,1,1,1
5587,64,1,3,7.75047198768078,0,1.8413095098678078,2,0,1,1
5588,737,1,4,-0.9358143147400328,0,2.3821070850238613,2,0,0,1
5589,808,2,2,0.3315223606601846,1,0.7811904336910702,3,2,0,1
5590,389,1,4,-0.5411593106942449,1,-0.6413704262378144,3,0,0,1
5591,449,2,4,-0.8555594131661312,2,0.8660232779826845,1,0,0,0
5592,349,2,1,-0.4790501069579563,0,-1.3998977905803864,1,1,0,0
5593,576,1,6,5.390375474402917,1,2.0379057713528943,0,0,0,1
5594,724,1,4,-0.5578095250602293,1,0.9424657260401514,1,1,0,0
5595,151,2,5,-0.6774133084553896,0,-0.708214813840365,1,3,0,0
5596,581,1,3,0.8960377514058387,2,0.18681521361842818,1,2,0,0
5597,444,0,1,1.0512123059971015,0,1.0142003542417708,3,2,0,1
5598,522,2,7,-0.5869894478808529,1,2.0726734064823984,2,0,0,1
5599,591,1,5,-0.6470202379673996,1,-0.6502437898310787,0,0,1,0
5600,462,2,4,0.05202733738262976,0,-1.221072947244994,3,0,0,1
5601,479,1,2,-0.774302077292649,0,-1.6308920692420157,1,0,0,0
5602,457,1,4,-0.3355294593888818,1,-0.6111691900924737,2,0,0,0
5603,694,2,3,-0.8528732117815403,0,2.11959882911958,1,3,0,1
5604,583,2,5,-0.6381619871232339,0,-0.35267291603660494,0,0,0,0
5605,544,1,4,-0.6487469305114383,0,0.9146030029150868,4,3,1,1
5606,245,1,3,0.19953610366641933,1,-1.2462573976105595,2,0,1,0
5607,424,1,3,-0.6705303749374522,1,-0.3650533699815738,1,1,0,1
5608,679,1,5,1.3188794475906664,0,2.681786624560808,2,2,0,1
5609,507,1,3,3.1390610712112035,0,-1.2101201178965764,2,0,0,1
5610,631,1,2,-0.9218828058216155,1,1.8729695771325938,2,0,1,1
5611,853,1,5,-0.49228933571738404,1,1.5840850334550212,1,0,0,1
5612,707,2,6,-0.6424156063234122,2,1.6263745397048988,0,0,0,1
5613,518,1,4,-0.5666010865119405,0,0.6649257424448765,1,0,0,0
5614,397,1,2,-0.6942267897025944,2,-0.40133151609183887,2,3,0,0
5615,64,2,5,-0.5172785987514049,0,0.8215771173685655,1,2,0,0
5616,466,2,3,-0.8527892252357505,0,-1.2367844350656048,1,0,0,0
5617,434,2,3,-0.6740030656077146,1,1.0247514330246967,1,2,0,0
5618,578,1,3,0.3932791248691383,2,-1.4875416189077957,3,0,0,1
5619,469,1,4,-0.5789932050309542,0,-0.6263763282313379,3,1,0,1
5620,435,1,2,-0.7708971261667501,2,-1.7477139639525965,3,0,0,1
5621,144,1,6,-0.8911151416286822,0,0.2747798415654117,1,0,0,0
5622,312,1,3,-0.5728381388936844,0,-1.0175837425630636,0,1,0,0
5623,595,1,4,0.04092190187393528,0,-0.3684079717409203,4,4,0,1
5624,843,1,3,-0.7107742135813903,1,-0.9280942782171148,0,0,0,0
5625,480,1,4,-0.44953087778965356,0,0.27152700243286426,3,0,0,1
5626,565,1,5,2.0890568191994396,0,0.038345442438758884,1,2,0,0
5627,690,1,5,-0.19035729580344238,0,1.1701436088786945,2,0,1,0
5628,337,1,3,-0.23573613500460705,1,-0.6061082378675238,0,3,0,0
5629,573,1,1,-0.47131294559622516,0,0.39960117961215785,3,2,0,1
5630,351,1,1,-0.1801335013265777,0,0.2966643319518366,0,2,0,0
5631,672,1,3,3.234675307242238,0,-1.2411942952234938,3,1,1,1
5632,530,1,3,-0.7100901535119296,0,0.029173841825604074,1,1,0,0
5633,559,1,3,1.8868367254264369,1,-0.4707131428958001,1,2,0,0
5634,343,1,5,-0.8436787229951017,0,-0.8222776454762112,0,0,0,0
5635,641,2,9,-0.8880745622036319,1,-0.735990317867013,0,2,0,1
5636,916,1,2,0.07355744960369176,0,0.7006381386023979,2,2,0,0
5637,298,1,3,-0.7136657530593824,1,-0.8708262460384241,0,3,0,0
5638,432,0,6,-0.41012891049254796,1,-1.1656854776048935,2,2,0,0
5639,546,1,4,0.3225425185137345,0,2.100781061294701,2,2,0,1
5640,657,1,5,-0.22940858421568786,0,0.024944545817119537,1,3,0,0
5641,388,1,3,-0.9937822549562171,0,2.8798833891444002,2,1,0,1
5642,64,2,5,-0.6365684191468234,0,0.17681857557477745,2,0,0,0
5643,771,1,1,-0.9398472096985637,0,-0.6723637213860235,4,3,0,1
5644,652,1,5,1.6418911952587545,0,-0.8210095228674735,2,0,0,0
5645,151,1,4,0.6022181049800044,1,-0.5251060281546119,2,0,0,1
5646,378,1,3,3.1879456922344827,0,-0.031249717632534254,0,0,0,0
5647,813,1,2,1.1928844912160819,0,1.845329321898264,3,2,0,1
5648,789,2,2,-0.3518530708084364,0,0.6263353646462677,2,2,0,0
5649,687,1,3,1.1708862621979939,2,-0.6216575991285047,1,2,1,0
5650,464,1,8,0.1272865529275938,0,-0.6855678708702597,0,1,0,1
5651,516,1,4,-0.25155979738225215,0,-0.04888349365993115,1,4,0,1
5652,473,1,4,-0.5368898363752713,1,-0.8245896899542737,2,0,0,0
5653,725,2,5,0.15411562552519634,0,0.3025508266063888,2,1,0,0
5654,324,1,4,-0.10069978356148625,2,-1.192256951730894,1,2,0,0
5655,338,1,4,-0.039192817843694994,2,1.6820350256858883,0,0,0,1
5656,702,1,7,-0.48859540557930775,0,0.5470210111347451,2,0,0,1
5657,491,1,4,0.35955169975627027,2,0.6501348910111568,3,2,0,1
5658,775,1,6,-0.9215716721472124,1,-0.8547417288816247,2,2,0,0
5659,365,2,1,0.30947498148315833,0,0.7661748361287228,2,0,0,0
5660,489,1,1,0.32671408096172533,2,-0.2752639105218059,1,0,1,0
5661,315,2,2,-0.2699126966438139,2,1.077198508898687,1,2,0,0
5662,501,2,5,-0.6970909886404599,0,1.302310263901252,1,0,0,1
5663,204,2,2,-0.2628850120169273,1,1.3276441419100609,1,0,1,0
5664,402,1,5,-0.8742726986076554,2,-1.632280169279486,3,2,0,1
5665,212,1,3,-0.666454107245851,1,1.1301877565118401,3,0,0,1
5666,638,0,6,-0.4515466816221214,0,-0.05182318737230998,2,2,1,0
5667,643,2,5,0.12975858393299383,0,0.41465827054111,2,1,1,0
5668,153,2,1,-0.7970307807780918,2,0.5137311998789811,3,1,0,1
5669,766,1,2,-0.8327435017005965,1,0.7055117588548291,1,2,0,0
5670,999,1,3,-0.05589660247532162,1,0.8760236411911139,1,1,0,0
5671,509,2,4,0.1495966638441698,2,1.5807227386482987,3,0,0,1
5672,371,1,7,-0.9190076326707449,0,-0.6782366512277707,1,0,0,1
5673,1064,1,2,-0.9735617511574197,0,-0.5423496877958031,5,2,0,1
5674,236,1,4,-0.8459724004926725,1,-1.159490718455468,2,0,1,0
5675,504,1,3,1.3445619369405846,0,0.9092313201251894,3,3,0,1
5676,535,1,5,0.12790750516640698,1,-1.3736135121930704,1,4,0,1
5677,769,1,1,1.5741492518272973,2,0.22654843523605978,3,0,0,1
5678,571,1,5,0.10358230000950366,0,-1.5448868880699491,1,1,0,0
5679,400,1,4,2.408743416292335,2,-0.7511951138111105,1,4,0,1
5680,309,1,6,-0.4201215817369667,2,-0.1949694109979588,2,1,0,1
5681,431,1,4,-0.07820485605587617,2,1.5995863320439359,3,1,0,1
5682,298,2,4,-0.07289754492311448,1,-1.4665278804254338,2,1,0,0
5683,509,1,4,-1.0046649734025468,2,0.4104297188143888,2,0,0,1
5684,387,1,6,-0.9795495174218746,1,-0.5856446735336303,3,0,0,1
5685,201,2,4,-0.8482174940688311,2,-0.11777214902965107,1,0,0,0
5686,751,2,6,-0.2799774464618042,0,0.8206140308296982,1,0,0,0
5687,400,1,5,-0.43519985341099177,0,2.1052867430579942,3,0,0,1
5688,246,1,5,-0.21862101905113082,0,0.5967104014266227,2,0,1,0
5689,466,1,3,0.6315735811169264,0,-0.33630752220519194,0,0,0,0
5690,513,1,5,0.7489735001987845,1,1.7523410935227728,0,0,0,1
5691,150,2,5,2.829510708376223,0,-0.39514209812782825,3,2,0,1
5692,566,0,6,-0.17850769340313727,1,0.30718233893041713,1,0,0,0
5693,290,2,6,-0.5740676701541553,2,1.1345102699248883,1,0,0,0
5694,842,1,3,-0.6333626577194686,0,-0.6266164114272452,2,1,0,0
5695,604,1,2,-0.5841048183660273,2,-1.4643029269351964,2,0,0,1
5696,420,0,7,-0.6098671306640228,0,-0.7366461567695383,2,0,0,1
5697,350,1,2,-0.5002409379783784,1,-1.6948548004240873,0,0,0,0
5698,479,1,2,-0.9287002802860288,0,-0.7657879886562579,2,2,0,0
5699,622,2,7,0.012856881669310665,0,-0.8446634006233783,1,0,0,1
5700,494,1,9,-0.15409529350056597,1,-0.2886283302091441,2,1,0,1
5701,456,1,2,-0.3774486780683691,1,-1.6905075228561766,0,0,0,0
5702,511,2,4,-0.9218345599163685,1,1.676899023731508,2,0,0,1
5703,379,1,6,-0.9083487885742616,2,-0.10285257975466691,2,0,0,0
5704,431,1,3,-0.20671537937712298,0,0.1580062978529897,4,3,0,1
5705,82,1,4,-0.9699605963754184,0,-0.1533719126714051,2,0,0,0
5706,694,1,3,0.3043991622994357,1,-0.6969216313099684,1,1,0,1
5707,559,1,6,4.158619135975802,0,-1.2714548290091654,3,0,1,1
5708,345,1,3,-0.08248853010706604,1,1.0897668677564205,2,1,0,1
5709,879,1,2,0.2993948236920058,2,-0.44820186153129105,0,0,0,0
5710,517,2,7,-0.4200684287862735,1,-0.9055042174178757,2,0,0,1
5711,292,1,3,0.11179833991227275,1,0.9845455290747025,2,0,0,0
5712,671,2,1,0.06508349500048373,1,-0.12267536655454782,1,0,0,0
5713,579,1,2,0.7596176717056292,0,2.583296849147112,2,0,0,1
5714,578,1,3,0.2558712693944319,1,1.1443727675475892,1,4,0,0
5715,414,1,1,0.39825878215908955,0,0.3411512213518451,1,0,0,0
5716,590,1,3,-0.1806015510408863,0,-0.8677439332044409,1,0,0,0
5717,447,2,8,-0.33389404962692876,1,-0.10331378221932977,1,2,0,1
5718,611,1,4,-0.38356333800020026,2,0.7723850089811753,0,0,0,0
5719,119,1,5,-0.5017628053106146,0,1.6888862128930076,3,0,0,1
5720,413,1,3,-0.6932947910831426,1,0.26030443957801036,2,4,0,0
5721,844,1,4,-0.9734061941107646,1,-0.9078784412534815,2,0,0,0
5722,346,1,2,0.12312508749855298,2,-0.31606614054084425,1,0,0,0
5723,379,1,1,1.343888986240179,0,-1.1382524175664428,1,3,1,0
5724,410,1,2,1.703868913123205,2,-1.2092097262331856,1,2,1,0
5725,257,1,2,-0.12417896391308315,2,-0.03391906940039344,3,2,0,1
5726,64,1,3,-0.907307475287547,0,0.010669753942375335,3,2,0,1
5727,453,1,4,1.1373702279291924,0,-0.3173747487027418,0,0,0,0
5728,527,1,3,0.39298476562881096,0,-1.3841846497359918,1,0,0,0
5729,489,1,6,-0.7133505498478158,0,-0.7189055382717545,3,1,0,1
5730,471,2,3,0.6472638572957746,0,-1.0170283100853286,2,2,0,0
5731,508,2,3,-0.35827657267919566,2,2.0859096819389666,1,2,0,1
5732,704,2,4,1.2151120836757736,0,1.2629310622793233,0,3,0,0
5733,461,1,3,-0.7185006078499024,0,0.3145654849496624,1,0,0,0
5734,385,0,8,0.6336920784466825,2,-0.02579034341470068,2,0,0,1
5735,443,1,7,0.2578842125315662,1,-0.06827372070503043,2,0,0,1
5736,615,0,3,-0.9930685509196236,0,-0.9447482042762817,1,0,1,0
5737,782,1,4,-0.1651175113705297,0,-0.13012917153307932,2,0,0,0
5738,374,1,6,0.270759590406778,1,-0.579104200409521,2,0,0,0
5739,519,1,7,-0.8348676459936486,0,0.8554901752285123,1,0,0,1
5740,567,1,7,-0.23582235598290807,0,0.09585347193821045,0,0,1,1
5741,301,2,10,-0.6391517079073091,0,-0.1858383795461822,2,2,1,1
5742,504,2,3,0.20405635144703452,0,0.655062864424184,1,0,0,0
5743,206,0,5,-0.2177571434158373,0,0.08746128269154088,1,0,0,0
5744,146,1,3,-0.019836658811350834,0,0.904468038203878,1,0,1,0
5745,573,1,3,-0.9312713941407618,0,-0.3517824323934596,3,0,0,1
5746,423,1,1,-0.8570678444349921,1,1.5257833176505624,2,0,1,1
5747,540,0,2,-0.1909789204326611,1,-0.6874637655065358,3,1,0,1
5748,496,1,4,-0.8045658947500369,1,-0.27703986076705517,1,0,0,0
5749,304,2,5,-0.3055315716541722,1,0.2605123707550508,2,1,1,1
5750,490,1,5,0.18342740652622136,1,-0.9101740550693661,2,2,0,1
5751,253,1,4,0.6800230206268283,1,-0.005669811339073204,3,0,0,1
5752,778,2,2,-0.8509013261290757,1,0.28289991993247626,1,1,1,0
5753,228,1,2,0.3696039371252078,0,-1.2541423389689288,2,0,0,0
5754,460,1,5,-0.5488748454719112,2,0.972063484174916,3,2,0,1
5755,291,1,1,0.1476542873743927,1,-0.18878984997623224,0,0,0,0
5756,614,2,6,-0.8481943829216492,2,0.3730590697168225,3,1,1,1
5757,433,1,4,-0.27152556725559995,0,-0.5983673413989418,1,1,0,0
5758,396,1,4,0.840651742638177,0,0.9935142756116917,1,0,0,0
5759,670,1,2,-0.8934085492903117,2,0.07644889057730621,1,2,0,0
5760,505,1,3,0.780588573232013,1,-1.4197824869434326,2,4,0,0
5761,603,1,1,-0.39467901770806424,1,1.1345285006341885,0,2,0,0
5762,303,1,1,0.7548916069360778,1,2.295855058338778,2,1,0,1
5763,219,0,5,2.225821483425174,0,-0.7955427293735591,0,0,0,0
5764,521,0,4,-0.8309515635168467,1,0.16993231212634713,1,2,0,0
5765,436,1,5,0.13392496982590912,0,-0.20041987835877337,2,2,1,0
5766,625,2,4,-0.7352786515449403,2,-1.5414337478134084,0,0,0,0
5767,484,1,4,-0.8597078174642421,0,-0.20547281893036606,2,0,0,0
5768,541,1,4,-0.0018797369438195127,0,-0.7948906469957132,3,0,0,1
5769,175,1,6,-0.891640237271005,2,1.1980283271228027,3,2,0,1
5770,877,1,7,-0.3713592629682133,2,0.2954610203001906,2,2,0,1
5771,467,1,1,0.019878292896696473,1,-0.6025320673565131,1,0,0,1
5772,639,1,1,-0.3036235512597411,1,-0.26580206775325765,1,0,0,0
5773,332,2,6,0.20679359341667916,2,1.4183702999046628,1,0,0,0
5774,561,1,3,0.6362807290989825,1,-1.653171554888695,2,0,0,1
5775,239,1,3,1.084947328239002,1,1.7876503495709317,1,0,0,1
5776,590,1,2,-0.17315026635876107,0,1.2897680667858993,1,4,0,0
5777,428,1,5,-0.6784951534768281,1,1.0040668461892173,1,1,0,0
5778,505,1,1,-0.2830263705441341,2,-1.2353227349923277,2,4,0,0
5779,639,1,8,-0.5089678938364909,0,1.8315488006848861,3,0,0,1
5780,253,2,5,-0.7474005615153207,1,-0.37203200427285155,0,0,0,0
5781,363,2,1,-0.24195632305337575,0,-0.13763397525497803,3,4,0,1
5782,591,1,4,-0.9845565854110231,1,-1.4664537360374692,2,1,0,0
5783,919,1,2,-0.061666970536165946,0,-0.4011760594672714,0,2,0,0
5784,472,2,3,0.745338230627949,2,-0.22045683830681395,0,0,0,0
5785,618,1,4,6.599906529543717,0,1.4277604940159105,3,0,0,1
5786,478,1,10,1.5825961577693999,0,-0.26428735754778004,2,0,0,1
5787,888,1,5,-0.9121471368775174,2,-0.3564181211750107,0,0,0,0
5788,150,1,5,-0.8275852258431636,0,0.9836904100443005,1,0,0,0
5789,518,2,8,-0.8560652711355027,1,1.9203472132789068,3,0,1,1
5790,174,1,4,-0.1766583866779038,2,-0.010750949270466242,3,0,0,1
5791,64,1,3,-0.9600355755251753,0,-1.2432076408739239,1,0,0,0
5792,559,1,8,1.8038784164718586,0,-0.868306332066631,1,1,0,1
5793,527,1,5,-0.9429416697389335,2,0.7571631047707618,2,3,0,0
5794,443,2,3,-0.5030340030926161,1,-0.017625886546214175,2,0,0,1
5795,478,1,4,1.274511407090979,0,-0.2507852578614365,0,4,0,1
5796,1119,1,7,2.0065922983811193,0,-1.5303251585753581,2,2,0,1
5797,448,2,4,-0.3711344266620953,1,-0.6439863840648389,0,0,1,0
5798,602,1,3,-0.3261368040402658,1,-0.4908523100943932,1,0,0,0
5799,370,1,3,0.020500821532863322,1,-0.04928479302963785,1,4,0,0
5800,559,1,5,-0.47527751791320844,1,-1.2852950994681458,0,0,0,0
5801,452,1,3,-0.608615324379149,1,-1.1568586531024052,3,0,0,1
5802,417,1,9,0.35998837361377195,2,-0.08199336826387771,1,0,0,1
5803,863,1,1,-0.0876508515666846,0,2.4367825069553577,1,2,0,1
5804,735,1,5,-0.3394897197880855,2,-0.9435480178028863,0,1,0,0
5805,527,2,6,-0.8998126136900475,1,0.19778389021971599,1,0,0,0
5806,64,1,6,-0.9352970848513473,0,-0.03649683623213115,0,2,0,0
5807,427,1,4,-0.28063119408941506,0,-1.220346127161181,0,1,0,0
5808,1040,1,4,-0.02526644182046617,1,-1.1850840628074188,2,2,0,0
5809,453,2,4,0.0819631799923878,0,1.0158493038992984,2,0,0,0
5810,720,1,9,1.2833777602801957,0,0.09711795517800693,2,0,0,1
5811,788,2,4,0.7151246797950336,1,1.2734930420155537,1,2,0,1
5812,543,1,5,-0.8535617152485043,1,0.37127884889276,1,0,0,0
5813,331,2,4,0.6011407515230014,0,-0.7511526421584549,3,1,0,1
5814,64,1,3,0.1393573673363816,0,-0.20846024836891408,4,0,1,1
5815,636,1,2,0.782645470590961,1,-1.314691495237907,1,0,0,0
5816,337,1,3,0.8775821987900218,2,0.057653462471825345,0,0,0,1
5817,535,2,5,-0.5766863875832926,0,1.191421613354814,3,2,0,1
5818,250,1,7,-0.6971107128972367,1,1.4674052400575548,1,0,1,1
5819,446,1,6,-0.18974096279016742,1,-1.7372885065615649,3,2,0,1
5820,506,1,8,-0.6471151549637335,1,-0.4536264470072389,2,1,0,1
5821,553,2,4,-0.5702121598949931,0,-0.23866991087606046,3,0,0,1
5822,277,2,4,-0.9349710392526078,1,2.0624082509324864,1,2,0,1
5823,739,1,8,3.825113523407133,0,2.3901322167289476,1,3,0,1
5824,380,1,1,-0.63149534661373,0,0.05208889250299715,3,0,0,1
5825,165,1,1,0.5324749024916432,2,-0.8906056550812774,2,1,0,1
5826,478,2,13,4.062027954159779,0,-0.456852692754325,3,0,0,1
5827,506,2,7,2.529403290503594,0,-0.188647239644034,0,0,1,1
5828,532,1,4,0.014108109172343751,0,-0.29307437141441667,2,0,0,0
5829,772,1,6,-0.22102163941817413,0,-1.4436124698621076,2,2,0,0
5830,452,0,8,-0.6315254810450556,1,0.2214007695720014,0,0,1,1
5831,476,2,5,1.0028495761137377,0,1.6221840693724983,1,0,0,1
5832,279,1,4,-0.5883331418270502,1,-0.555413698089731,3,3,0,1
5833,664,1,3,-0.893075703459146,0,-0.4594450215719181,1,0,0,0
5834,536,1,1,-0.653633142609179,0,-1.2575939361718786,2,0,0,0
5835,415,1,2,-0.6229180170249485,0,0.967744530770017,0,0,0,0
5836,119,1,2,0.2813661303255872,2,2.4779901702968226,1,2,0,1
5837,788,1,4,-0.8189113285740686,2,-1.1836133261605368,0,0,0,1
5838,254,1,7,-0.6202922412553765,0,-0.6525353535805576,1,0,0,1
5839,381,1,4,-0.9268240488798258,0,-0.29626058043455034,1,4,0,1
5840,571,1,6,0.9108885571727746,0,0.042059562444114476,1,0,0,0
5841,260,1,5,0.30434935177763295,0,-0.16387587671897672,1,1,0,0
5842,201,2,1,-0.42269174468444576,0,-0.24605803223808345,1,0,1,0
5843,75,1,1,-0.43611255049049896,1,-1.3545043914586101,1,0,0,0
5844,644,1,6,-0.8227865275893331,0,-0.26314833214737465,3,2,0,1
5845,390,1,3,-0.5142950323296518,1,0.6327295816398849,1,1,0,0
5846,1085,2,7,1.4059660423284732,0,2.3040455449213706,1,2,0,1
5847,301,2,3,-0.8560494480091305,1,0.07664534903443748,3,2,0,1
5848,315,1,6,0.4651737439606528,1,1.5441208492285312,1,0,0,1
5849,386,2,2,-0.958712955544192,1,-0.04280944898804014,1,2,0,0
5850,548,1,3,-0.6279808255772498,2,0.9921063265710748,0,0,0,0
5851,405,0,3,0.901116228405593,2,-0.6196844773304832,2,4,0,0
5852,622,1,4,-0.40904570585970607,1,-0.025647636222023658,1,0,0,0
5853,304,1,1,0.22585620927677397,0,-1.125236783645503,2,0,0,0
5854,223,1,7,-0.8966923423774606,0,-0.15747062187215144,3,0,0,1
5855,140,1,3,0.1619871537818937,2,-0.17838030629458929,1,2,0,0
5856,64,1,6,0.7307165773223496,1,0.7855746346647255,2,0,1,0
5857,396,2,4,0.6561082131419105,1,-0.6254012161889547,0,0,0,0
5858,439,2,3,-0.42018850131753605,0,0.2474102297370474,2,0,0,0
5859,373,1,5,1.377082076113069,1,-0.7691263839604575,3,4,1,1
5860,748,1,6,-0.1376366792213341,2,-0.6432858801865189,0,0,0,1
5861,745,1,4,0.724280274681926,0,0.36921008607064193,1,1,0,0
5862,433,1,6,-0.7636499983503762,1,2.157477387184241,1,1,0,1
5863,141,1,3,-0.7678037773187696,0,-0.2801824783343863,2,2,0,0
5864,386,1,5,0.4200218201219102,0,-1.4047339890783825,0,0,0,0
5865,380,2,2,0.050165246321787184,0,-0.2833377345042427,1,2,1,0
5866,368,1,2,0.13937856189343173,1,0.3218356108881489,1,0,0,0
5867,360,1,4,-0.7333170201841965,0,-0.2627495711452173,3,3,0,1
5868,369,1,7,-0.4889490161136116,0,-0.29608312785552593,1,2,0,1
5869,422,1,1,-0.7038381140583319,0,0.32385390295638655,1,0,0,0
5870,372,1,6,-0.9361003658203974,0,-0.29168655529415655,2,1,0,0
5871,541,2,3,-0.7758841428629819,0,-0.014380813676027926,0,0,0,0
5872,572,1,7,4.414967340627028,2,-0.19577501032030512,1,0,1,1
5873,317,1,2,-0.736679857626072,0,-0.7811416190132862,1,0,0,1
5874,754,2,3,-0.8313864252175405,1,2.4048452639649454,3,2,0,1
5875,303,1,5,0.20614755276128033,0,1.1399711085771012,2,2,1,0
5876,176,2,4,-0.07044892518416132,0,0.10530938324797406,3,4,0,1
5877,576,1,6,0.38602598156477697,0,0.5823538963886145,1,0,0,0
5878,336,1,4,0.0706270225078974,0,-0.4427001717146176,2,1,0,0
5879,564,2,6,-0.7512460090025253,1,-0.6505242889893811,2,0,0,0
5880,64,2,5,-0.30102794702702723,0,-0.15280811153255758,0,2,0,0
5881,778,1,2,-0.8101773087540081,0,0.9921729529699613,1,0,0,0
5882,634,1,6,-0.7104567121133851,0,-1.0860769230452247,4,0,0,1
5883,199,2,1,3.402724740904001,0,-0.34837596275185967,2,0,0,0
5884,204,1,3,0.31888164299398375,2,-0.7214716470003016,2,0,0,0
5885,834,1,2,0.545400089885979,0,0.0797404763171445,1,1,1,0
5886,352,2,6,-0.9768218714833267,0,-0.6115351857528202,2,2,0,0
5887,333,1,7,-0.5181529392456233,0,-0.31406976829945366,2,0,1,1
5888,64,2,5,-0.1837786601501739,1,0.7902415408505056,1,0,0,0
5889,429,2,2,-0.8429576788611546,0,1.4480848404720124,2,0,1,1
5890,454,1,4,0.9118636192605738,0,-0.4685820977249424,0,4,0,1
5891,643,2,4,-0.8549362893985297,2,1.6577466942157457,1,0,0,1
5892,220,1,8,0.021419230029572356,1,-1.235043005649471,0,0,0,1
5893,195,1,4,-0.18848253313724175,0,1.0174215344660773,2,2,0,1
5894,590,1,6,0.9170260314719467,1,-0.09892612899945695,1,1,0,0
5895,701,2,4,-0.6277869780857068,0,0.7679997814338296,0,2,0,0
5896,185,2,1,-0.6679612378347106,1,-0.632027620842914,1,0,0,0
5897,716,1,4,0.8976373140300035,2,-1.1321631943567778,2,0,0,0
5898,507,1,2,-0.7533219670194649,0,0.21668634242375612,0,2,0,1
5899,718,2,5,0.38613943754625857,2,0.40869126041541287,1,2,0,1
5900,485,1,6,-0.7921021413904052,1,0.7480346914623042,2,0,0,0
5901,64,1,3,1.1127832943966023,2,1.4085330277433128,0,0,1,1
5902,469,1,3,0.8500954753727684,1,-0.8617762212641615,1,2,0,1
5903,712,0,7,0.5672372645623406,0,1.3969835703578881,1,0,0,1
5904,321,2,2,-0.3200752612471053,0,-0.5166428450318046,2,0,0,0
5905,422,2,6,-0.9728503285365184,1,-1.220068629931524,0,2,0,0
5906,464,1,10,-0.863335870980495,0,-0.3152616427796,1,0,0,1
5907,64,2,5,-0.3875229836001545,0,1.5621905428931393,1,0,0,1
5908,834,1,3,-0.9624721366490966,1,1.486400301646579,2,0,0,0
5909,319,2,8,-0.9411667389200897,1,0.8366673848469929,3,0,0,1
5910,601,1,5,-0.871464716430123,0,0.33257868914227423,3,0,0,1
5911,482,1,6,-0.7004491246134504,0,0.18292087203398036,1,0,0,0
5912,751,1,1,0.3993668324897804,1,0.8375072169156432,3,3,1,1
5913,581,1,4,-0.9578516224309177,1,-0.7053504688329137,2,0,0,1
5914,453,2,4,3.1752916776897675,0,-0.6019659642377815,1,2,0,1
5915,321,0,5,-0.6824257981419476,0,-0.4148846787418464,2,2,0,0
5916,659,1,4,-0.6153154549102466,2,-1.0355847476711424,2,0,0,0
5917,125,2,4,-0.7181302052655053,0,-1.2934379208492013,1,2,0,0
5918,629,1,1,-0.06981897051945335,1,-0.20020214231662614,4,0,0,1
5919,280,2,3,-0.9879105543930625,0,-1.321914532002063,2,0,0,0
5920,750,2,6,-0.9079439860178915,0,1.675557218512807,2,0,0,1
5921,532,2,2,-0.9020834421342232,2,-0.6550030346624162,4,0,0,1
5922,628,1,2,0.10302920818252514,0,-1.1816615524555845,4,0,0,1
5923,516,1,5,-0.6012688508807416,1,-0.021491178062077707,1,3,0,0
5924,149,2,6,-0.4226787546955071,0,-1.32428797098977,1,0,0,0
5925,327,1,1,2.038514519694631,0,-0.20051403439291912,3,2,0,1
5926,634,2,3,-0.7808526747278106,0,1.9045073490967825,2,0,1,1
5927,533,0,3,-0.9338376275142889,1,-0.4214100460973759,0,1,1,0
5928,736,1,2,-0.415549585823575,0,-0.2880831563853189,2,0,0,1
5929,580,2,12,-0.825587109555334,0,0.5592435672281941,1,0,0,1
5930,306,2,7,-0.8489407971762108,2,1.1278293541162767,0,0,0,1
5931,340,1,3,-0.4709875078708373,0,-1.3528710478903108,3,1,1,1
5932,520,1,3,0.11866804172657124,2,-0.24867623388075386,1,0,0,1
5933,64,2,6,-0.724913653439952,0,2.0056243327931504,3,0,0,1
5934,834,1,3,1.1149824526554537,2,-1.0525675379883637,1,2,0,0
5935,588,1,3,-0.5500530784633976,0,1.4790644554088246,2,0,0,0
5936,745,2,6,1.7574248322921466,2,-1.0777052201560435,1,2,1,1
5937,183,1,1,-0.3182255297996094,1,-1.1038252562998307,4,2,1,1
5938,748,2,4,0.31162749230886505,1,1.1491352603316378,0,0,0,0
5939,946,1,3,0.91502776205418,0,-1.7312414860633423,3,0,1,1
5940,235,1,3,-0.2405460181102186,1,-1.298089855382274,0,0,0,0
5941,654,2,4,0.9238678284618387,2,0.6663066303874745,3,2,0,1
5942,500,1,2,-0.5249650528797182,1,1.3516203187636695,3,0,0,1
5943,191,2,5,-0.5485266233730526,0,1.9965698929518976,1,0,0,1
5944,598,2,5,0.5993237688578821,0,-1.034213255636382,2,2,0,0
5945,666,2,6,-0.7270367931401971,2,-0.7817257642185109,3,1,0,1
5946,379,1,3,0.27615206713060636,0,0.5626384340170361,1,0,0,0
5947,733,1,5,-0.9262725915613793,0,-0.013745260067572089,0,2,1,0
5948,166,2,4,0.018958761177498767,0,-0.5558074667634015,3,3,0,1
5949,201,1,2,1.8865183680169415,1,-1.3419813000023295,0,0,0,0
5950,527,1,3,-0.3877835238307575,1,-0.680436689228552,0,1,0,1
5951,505,1,8,-0.46087994778879005,0,-0.12705049580655647,1,4,1,1
5952,356,1,3,-0.21686974269844866,1,-1.4772205479746257,2,0,0,0
5953,661,2,6,0.28527812299611277,0,-0.5704790966145523,1,0,0,0
5954,606,2,9,-0.5557984666939306,0,-0.7241988126658121,2,0,0,1
5955,671,0,2,-1.00722788621694,1,0.27080135492249074,2,0,0,0
5956,475,1,6,-0.2986231369392348,0,1.651225715805127,2,3,0,1
5957,620,2,5,-0.45509373353368643,0,1.078816701191021,3,2,0,1
5958,410,1,4,-0.23407365346345949,0,0.5392416191789433,0,1,0,1
5959,910,1,1,0.2699661667000193,0,-0.0944342542754963,3,0,0,1
5960,337,1,2,-0.6689448030268222,0,0.07739725291382264,1,0,0,0
5961,921,2,5,-0.2921168968597768,1,-0.7561473466832416,0,4,0,1
5962,506,2,8,-0.7106599537688185,1,0.4870446099022012,3,0,0,1
5963,224,2,7,-0.3823785923386444,0,-0.9615667822811592,0,3,0,1
5964,773,2,5,-0.5782291479067546,0,0.4495401337553672,2,1,0,0
5965,525,2,2,-0.5394799334844004,1,0.16164618975637024,1,0,0,0
5966,670,1,3,-0.12708624968578364,1,-1.0882828190751979,0,0,1,0
5967,744,2,6,0.1820557680312133,2,1.7147432252521877,3,1,0,1
5968,567,1,6,-0.9949065919302962,0,-0.5685725212275257,1,0,0,0
5969,381,1,5,1.1205518464720468,2,-0.8821087891471178,2,2,0,0
5970,695,1,6,-0.5470375448201947,0,-1.1448867762491,2,2,0,0
5971,500,1,3,0.04149603431999466,0,0.9672218223211689,2,2,0,0
5972,637,1,3,-0.8750770312297287,1,-1.1179802232874085,2,3,0,0
5973,69,1,6,-0.14602274472709714,0,-1.6069482459972897,1,0,0,0
5974,589,1,4,0.14615561480480657,0,-0.4049192402063182,1,3,0,0
5975,372,2,4,-0.8336283622458288,0,0.6577710068468747,2,1,0,0
5976,830,2,7,1.465873925250008,0,0.8901879725852045,1,0,0,1
5977,624,1,3,0.43295701076830023,0,0.5477794098373022,3,2,1,1
5978,547,1,1,-0.2314224519333285,1,-0.8215806959715101,1,2,0,0
5979,597,1,4,-0.823159511211148,1,-1.3564239723429663,0,0,0,1
5980,300,1,6,1.0329955815842378,2,-0.840869202157517,2,1,0,0
5981,824,1,7,-0.9355544552715104,1,1.1666459961444864,1,1,0,1
5982,898,0,3,-0.8834112860463676,0,0.4640783451704328,0,0,0,0
5983,578,1,7,0.21051026917732202,2,-0.907900600325985,2,1,0,1
5984,818,1,2,-0.7100166204848828,1,0.9682497997689268,2,1,0,0
5985,386,1,4,-0.3824326516696852,0,-1.484092173680869,2,0,1,1
5986,340,1,5,-0.22047325657386532,0,-1.1052216785170013,1,2,0,0
5987,508,1,6,-0.38446925549331323,0,1.1186066755849617,2,0,0,0
5988,586,1,4,-0.9187435395720062,2,-1.1917842573028217,3,0,0,1
5989,421,0,4,0.35239536412765166,0,-1.2776831690573835,1,0,0,0
5990,607,1,2,-0.7287505560529274,0,-1.349580369610986,2,2,0,0
5991,561,1,1,0.3564996436240916,2,-1.5362918751013999,2,3,0,0
5992,300,1,6,1.0310262065563502,2,0.13092299793140633,1,0,0,0
5993,603,1,1,-0.22605257223913516,0,-0.12802642224947228,2,0,0,0
5994,672,1,2,0.23853239728320766,2,0.8266852214831134,1,0,0,0
5995,534,1,6,-0.9695831972493781,0,0.7042253895549059,3,0,1,1
5996,730,1,4,-0.9697834863593147,2,1.5879923190953058,1,0,0,1
5997,256,1,1,-0.7845085528629128,2,0.8819155630857908,2,0,0,0
5998,593,1,4,-0.5565168411333271,1,0.18698568298376914,1,0,0,0
5999,265,1,5,-0.8025629036411827,1,1.6621623773684484,2,0,0,1
6000,277,1,9,0.017104798846181497,1,-0.8402454759579682,2,2,1,1
6001,373,1,4,-0.6781335314579628,0,0.19500884639718216,0,2,0,0
6002,311,1,1,0.8932622693013285,0,-0.05612326178451749,1,4,0,0
6003,390,1,5,-0.17145834315506395,0,0.3275719971897541,1,2,0,0
6004,457,1,5,-0.5248052108580302,2,-0.5855093041871591,0,0,0,0
6005,667,1,4,1.2659940719314173,1,-1.2325003922383626,3,0,0,1
6006,435,1,6,0.7846237536925775,1,-0.6025438208003427,2,2,0,0
6007,182,1,5,0.7364340231221077,0,1.8108935292957595,1,0,0,1
6008,728,1,5,0.31765023096742356,2,0.12711524696814566,2,0,0,0
6009,332,2,8,-0.039115431818032245,0,-0.5477422522679818,2,0,0,1
6010,488,2,1,-0.5430488567287094,0,-1.1648917650100326,0,0,0,0
6011,589,2,6,-0.4492583481720129,0,-1.3021821626587071,2,0,1,0
6012,539,2,2,0.05157332186203114,2,1.241099608362736,0,1,0,1
6013,718,0,3,-0.8148255488997298,2,1.6110964689765876,3,0,0,1
6014,595,2,5,0.7813789868190884,2,-0.9785832521489655,1,4,0,1
6015,327,1,1,1.8313240268715356,0,-0.8649547339823986,2,1,0,1
6016,935,1,1,-0.9029733007634442,2,1.9772951283425884,0,0,0,1
6017,538,1,1,-0.9847638453054679,0,-1.3394532109189405,0,0,0,0
6018,470,1,3,-0.8512651738362655,0,-1.0187653689450147,2,0,0,0
6019,692,0,6,0.4432250886685406,1,-1.0286232766569978,0,2,0,1
6020,549,1,6,-0.8918193183139504,2,1.108001206035924,1,0,0,1
6021,579,2,9,-0.5342951281542365,1,-0.6900675951379628,3,0,0,1
6022,998,1,4,-0.9415455011839082,0,-0.21082349953080318,2,4,0,1
6023,444,1,3,-0.4315666074707447,0,1.0490956618154261,1,0,0,0
6024,436,1,3,-0.06605612671416852,1,-1.1912535852633228,2,3,0,0
6025,523,1,2,-0.0007113329004213453,2,-1.0811167072535275,4,0,0,1
6026,714,1,5,-0.2636488644003615,0,2.112345597626639,1,2,1,1
6027,198,2,3,1.8220412343440409,2,-0.4731788495738468,1,2,0,0
6028,106,2,4,-0.2374775567988304,0,0.5590327782059715,2,1,0,0
6029,382,2,1,0.9863233357412017,2,1.6350773036692183,0,3,0,1
6030,173,1,3,4.042511575674776,1,0.5882591933744823,2,0,0,0
6031,415,2,3,-0.7423691400128439,0,-0.0010755242630623631,2,0,0,1
6032,600,1,3,-0.6939768217353733,0,1.9140326605100912,1,1,0,1
6033,321,1,7,-0.25738400313377807,2,0.8047218807786914,1,0,0,1
6034,214,2,1,-0.8030674071994764,1,-1.5981537312731773,1,0,0,0
6035,513,1,6,-0.16327469380335366,0,-0.9163643081183217,2,0,0,0
6036,672,1,7,0.16508954479806892,0,-1.0219520946969596,2,0,0,1
6037,161,1,6,-0.9445006625174318,0,0.02666144127377293,3,0,0,1
6038,664,2,6,0.15548333524975094,1,-1.0548391459651372,1,2,0,0
6039,663,1,1,-0.831176354931241,1,-0.533292789652138,2,0,0,0
6040,690,1,3,-0.6460837299706842,2,2.3741558237023006,2,2,0,1
6041,743,1,3,0.35758216005172017,1,-0.9623424220505351,2,0,0,1
6042,940,2,2,-0.8261748776447831,0,0.40647856752591965,2,2,0,0
6043,428,2,3,-0.23629132643005876,1,-0.9721532678128052,2,0,0,0
6044,521,1,3,-0.10307458255968276,1,-0.4518644053484477,2,1,1,0
6045,416,1,5,-0.82524069880644,0,1.3885064635952058,0,1,0,0
6046,500,1,4,-0.6810916408320367,2,0.58754396622167,1,0,1,1
6047,806,1,2,-0.05934611367913515,1,-0.610499674408146,1,1,0,0
6048,230,2,4,-0.37888883903145143,0,1.3039255604154258,2,2,0,0
6049,327,1,4,0.08932374665337847,2,1.003829282268141,1,0,1,0
6050,775,1,5,0.9541691253659558,2,0.05352207733736587,3,0,0,1
6051,704,2,3,-0.860319749156115,2,1.0073053608717903,1,0,0,0
6052,427,1,3,-0.9333606682841978,2,-0.8633264567237002,1,0,0,1
6053,670,2,6,0.10970336868063273,0,-0.07568072749473319,0,0,1,0
6054,568,2,7,0.48977484801899,2,-1.0920922250239544,2,0,1,1
6055,800,2,6,-0.40109214185055314,1,1.1356227806809438,2,0,0,0
6056,514,1,6,-0.4985818097849364,1,0.48811044686268285,1,0,1,0
6057,705,1,5,-0.08409159725560637,2,0.6929373170262361,1,2,0,1
6058,1028,0,1,-0.19242033412524018,0,0.8089112272237616,1,0,0,0
6059,619,1,7,-0.3226731931262849,2,0.08971616278332054,1,3,1,1
6060,509,1,3,0.7289449517687987,1,0.020249111998698038,2,0,0,1
6061,644,1,1,-0.8140516418401844,1,-1.6702210214952986,3,0,0,1
6062,426,1,5,0.15488976656107192,1,0.6708021139124217,2,0,0,0
6063,977,2,1,0.3674818022486213,1,1.01528403450502,2,3,0,0
6064,536,1,6,1.3473950569454831,0,-0.5611064568516243,3,0,0,1
6065,445,1,4,1.9439723660544017,2,-0.8295290395951236,1,1,0,0
6066,332,2,2,-0.28674542420788995,0,0.8976591347687991,2,0,0,0
6067,719,2,1,-0.42962385354877536,2,-0.831399354350895,3,0,0,1
6068,673,1,6,-0.2948907279739842,1,-0.21521895280248424,2,2,0,0
6069,400,1,5,0.33360492911176676,2,-0.44606602924167044,0,2,0,0
6070,615,1,5,-0.9902471057094807,0,-0.6052283921794215,3,0,0,1
6071,198,1,5,-0.8132594752670238,2,0.6230112471872212,2,0,0,1
6072,536,2,2,1.4151896105748698,1,-1.337916973471619,1,1,0,0
6073,590,1,1,-0.7866948480442345,2,1.0235442233525067,1,0,0,1
6074,841,1,4,-0.744034244543284,0,0.5059429678085305,2,0,0,0
6075,345,1,1,1.8445795772165636,2,1.1568829898638457,0,1,0,1
6076,244,1,9,-0.65337097453137,2,0.6165727455879155,2,0,1,1
6077,320,1,4,-0.6588867355228674,0,-0.14756580181048595,2,0,0,0
6078,232,1,2,1.6093026242541966,0,-0.05966209177614491,2,0,0,0
6079,767,2,5,-0.5296956017025318,1,2.4197355084450303,3,0,0,1
6080,809,1,3,-0.315121595297027,0,-0.15248588607550478,1,0,0,0
6081,564,2,3,-0.17191298454608692,0,0.13123037155418127,1,0,0,0
6082,744,1,7,1.053868800543883,2,-0.6973835418035341,2,0,0,1
6083,526,1,6,-0.9257385455375728,0,0.8078307785118998,0,0,0,0
6084,480,1,9,-0.7004360005887758,1,-0.37368665335455775,0,3,1,1
6085,433,1,7,-0.10842588449312113,1,0.7378907117526801,2,0,0,1
6086,437,1,5,-0.4278754401792031,0,-0.5266289603701639,3,3,0,1
6087,190,1,1,-0.6761721523259615,1,1.0988142736572193,2,0,1,1
6088,552,2,7,-0.47183174182466,2,2.8297133916317394,3,2,0,1
6089,491,2,4,2.4385929546523224,1,-1.7234582594614296,1,0,0,0
6090,649,1,3,-0.9862434508838526,1,1.6043998456863442,2,0,0,1
6091,518,1,2,-0.8461814952813578,1,1.4274711497024197,2,2,0,1
6092,467,2,4,-0.9887104261675754,0,-0.6737692479939429,0,0,0,0
6093,325,1,2,-0.09256963184505679,0,0.14830814524778368,0,2,0,0
6094,514,0,7,-0.9946197870238745,0,-0.07911701885238927,3,1,0,1
6095,647,2,4,-0.392357612856022,0,2.156221238594727,0,0,0,1
6096,271,1,5,0.9860212712947006,2,0.6327682004345152,2,0,0,0
6097,517,1,2,-0.9038565047130833,0,1.0193641631895218,1,0,1,0
6098,546,1,2,-0.5456947927131649,0,1.0100402633687209,0,3,0,0
6099,356,2,1,-0.5249386703779403,1,1.5407709739092814,3,2,0,1
6100,382,1,3,-0.5503620141766715,1,-0.7645843139878206,1,0,0,1
6101,546,2,4,0.3143263772075014,0,-0.5505506543005524,2,0,0,0
6102,273,1,5,-1.0033687027112614,0,-0.17991997614652588,1,2,0,0
6103,569,1,2,0.5319744268225313,0,0.25414477559346677,3,0,0,1
6104,320,1,4,0.8499551452759438,1,0.8382401126423215,1,3,0,0
6105,712,1,2,-0.4335249028659715,0,1.2579135349070198,2,0,0,1
6106,967,1,7,1.2111736282609598,1,0.7732736460107303,2,0,0,1
6107,327,1,4,-0.5199537336274315,0,1.0808332347044018,2,0,0,0
6108,606,1,3,0.19894561454295803,0,0.11223166842344426,0,3,0,0
6109,354,1,4,-0.5070787213150733,2,-0.2709085128125493,1,0,0,1
6110,708,1,8,-0.9686263091369887,0,0.0018672042675982126,1,0,0,1
6111,246,2,3,-0.919262198581661,1,0.5056877378019079,0,2,1,0
6112,596,1,3,-0.41440875252922194,0,0.025267540344178836,3,4,0,1
6113,325,1,3,3.68581536942262,0,-0.06611455979303789,1,0,1,1
6114,458,2,7,-0.8090475647899128,0,-0.6952857867130529,2,1,0,1
6115,293,2,6,1.2900945080147308,2,2.0886263144418584,1,0,0,1
6116,664,1,4,1.5533488537617346,1,0.5860314958498948,3,1,0,1
6117,332,1,3,-0.4718204414626458,1,-0.7781381976187619,2,0,0,0
6118,610,2,3,-0.3777046101130247,1,0.198123785667606,2,0,0,0
6119,431,2,2,-0.2971191525121148,0,-1.1877380316398343,1,0,0,0
6120,477,2,3,0.4887252994346364,0,0.9387714757684688,1,0,0,1
6121,529,1,2,-0.8735322350956294,0,0.5070412322028707,1,0,0,0
6122,347,1,5,-0.6026096691842078,0,-0.6789149751785086,1,1,0,0
6123,542,1,4,-0.8174891832507092,0,-0.5599427661886761,0,0,0,0
6124,806,2,8,1.1352754744195306,2,0.5788134196137388,0,0,1,1
6125,344,1,6,-0.9334861194197094,1,-1.397443891629968,1,1,0,0
6126,734,1,5,0.3928205558839554,0,-1.315098999301547,1,0,0,0
6127,799,2,3,-0.4186077767331575,2,0.6811868709231187,0,2,1,0
6128,336,1,4,0.26743939759968627,0,-1.5371768799653798,1,0,1,0
6129,208,1,4,1.2361587689881508,0,0.20280907200258008,2,2,1,1
6130,560,1,2,-0.5857685145972882,2,1.5821941636249575,3,0,0,1
6131,390,1,5,-0.7459860327448281,0,0.5388684038534355,0,2,0,0
6132,873,1,3,0.06053216494658325,0,1.836514790010324,2,2,0,1
6133,506,1,5,5.096540513220955,0,0.36460528286896293,2,2,0,0
6134,339,1,7,0.3219920665435511,1,-0.7739069286987584,2,0,0,1
6135,270,1,2,0.6070527925914317,0,0.23144915137370997,3,0,0,1
6136,717,1,6,0.0029849891710453545,0,0.5379652827792618,3,1,0,1
6137,385,1,7,-0.5408618143550827,0,-0.8639936462976,2,0,0,1
6138,508,1,1,0.07348320282889612,2,-0.569652703173288,3,1,1,1
6139,691,1,5,-0.8679154083545849,2,-0.035741059175744605,0,0,0,0
6140,403,1,8,-0.3253680988992083,0,0.10204958383486702,1,2,0,1
6141,490,1,6,-0.14221314764401224,0,2.056942731375681,1,0,1,1
6142,496,1,6,1.4051456349297695,1,1.2673567346283505,0,2,0,0
6143,636,1,3,1.5574598273891975,0,-0.5863136191637117,1,0,0,1
6144,618,1,2,-0.9447961751365296,2,0.9362983001948134,4,1,0,1
6145,455,1,5,0.008561565986583513,1,-1.1078401978514287,2,0,0,1
6146,512,2,4,0.6108836342439671,0,0.09291655231929248,2,0,0,0
6147,425,1,4,-0.22588886596755606,0,0.1578913571074778,2,2,0,1
6148,204,1,9,-0.905584176211019,2,0.6395375742495713,1,0,1,1
6149,551,1,5,-0.7384213611718465,0,0.17770179977335746,0,3,0,1
6150,878,2,4,-0.625073976199333,0,1.0860975830854702,1,1,0,0
6151,323,1,5,0.09778849383094386,0,0.6760576457827397,2,1,0,0
6152,345,1,3,-0.9388769544869842,0,1.0855807091352367,2,1,0,0
6153,325,1,3,-0.19657011405863234,0,-0.058777397733506875,1,2,0,0
6154,644,1,5,-0.8905555000735533,2,0.5940372568009588,0,2,0,1
6155,589,2,2,-0.4965487314843205,1,-0.8810688872750935,2,0,0,0
6156,468,1,6,-0.444038245890889,1,-1.3411635960657455,1,2,0,0
6157,316,2,4,-0.3964070584412061,0,0.5632800415866006,1,0,0,0
6158,518,1,4,0.2542158333421309,0,-1.5919599640110773,2,0,0,0
6159,187,1,3,-0.9217336899174041,2,-0.7950453748219921,2,4,0,0
6160,528,1,5,-0.6902213750212717,0,0.6679971352187962,4,3,1,1
6161,674,1,3,0.03444141244838134,2,-0.2744114848024903,1,3,0,0
6162,249,1,3,1.9159312688401113,1,-0.6071162860275328,0,2,0,0
6163,193,1,3,-0.021609775846855906,1,0.26672858882548983,3,0,0,1
6164,815,1,2,1.1775666862741763,0,-1.7232693891062199,1,0,0,0
6165,377,2,8,2.5059533644707526,1,-0.43926908702713285,4,0,0,1
6166,727,1,3,1.1822709308919583,2,1.7772976940832004,1,0,0,1
6167,469,1,6,2.636324744984097,0,-0.05587808059999959,1,0,0,0
6168,467,1,3,0.518549250117112,0,1.4236433489803293,0,2,0,0
6169,587,1,3,1.2111680778003793,1,0.09814173254444049,0,0,0,0
6170,323,1,1,-0.3201147414893127,1,-0.09943730674598832,0,0,0,0
6171,526,2,4,-0.5768317144821598,1,0.38074214674437534,2,1,0,1
6172,423,0,6,7.279160718059922,0,-0.9214148147823228,2,0,0,0
6173,235,1,2,-0.9032311472363406,0,1.5462484206460974,4,0,0,1
6174,567,1,5,2.2212107718817156,0,-0.2688577878509404,1,0,0,0
6175,447,1,6,-0.43457852480140285,0,-1.114968493932934,0,1,0,1
6176,468,2,6,-0.9848391396266833,1,-0.12594590676685177,1,0,0,1
6177,257,1,3,0.6445313248694178,0,-0.11648525403913189,2,0,0,0
6178,818,1,4,-0.4104503447104955,2,-0.48145959997502047,2,4,0,1
6179,675,0,1,0.6224148816495363,2,0.5093114267733495,0,0,0,0
6180,692,2,3,-0.961228322401882,0,0.6018174768817078,4,0,0,1
6181,438,1,1,2.7099036123993043,1,-1.20037144696997,1,0,0,1
6182,154,2,1,0.12294674254960485,2,-1.7231708770987715,1,0,0,0
6183,890,1,4,-0.9578368935453383,1,0.12806743864293924,1,0,0,0
6184,487,1,4,-1.0031263755100952,0,0.2892315293278814,2,0,0,1
6185,350,1,2,-0.09105534310345763,2,0.29067541940726854,3,0,0,1
6186,583,2,2,2.8069496304645845,1,0.17751058474383682,2,0,0,0
6187,733,1,8,-0.25284300391376074,0,-0.5751821740844958,0,2,0,1
6188,495,1,7,-0.5636078582516056,1,-0.5490356004373519,2,4,1,1
6189,755,0,3,1.8355736463865457,1,-1.3982084334509877,2,2,0,0
6190,716,1,2,3.1950155717238893,0,1.5554048629462398,2,1,1,1
6191,284,2,1,0.553083938299882,2,0.4229987083177692,1,0,0,0
6192,365,1,2,0.27930662421178787,2,0.1658438324266329,1,0,1,0
6193,691,1,6,-1.005762432088823,0,-1.2522558931326047,0,1,0,0
6194,64,1,5,-0.6250166532096706,1,-1.0440379449865647,1,2,0,0
6195,470,2,8,1.6290560714548665,0,-0.07210611309593831,2,0,0,1
6196,213,1,4,-0.5409385151541214,0,0.26121393803846155,1,1,0,0
6197,404,1,1,-0.5935672494285685,2,-1.7625277028499131,0,0,1,0
6198,440,1,2,-0.22428103309235947,0,-0.016274654241232072,0,0,0,0
6199,428,2,4,-0.40389675086938415,0,-0.9947306015749603,2,2,0,0
6200,389,1,2,0.9831480019204426,2,0.007414364201086848,1,4,0,0
6201,280,1,3,-0.9211804414227405,0,1.0500211447476415,3,0,0,1
6202,958,1,3,0.08564522076845033,1,-1.0846572286574137,2,3,0,0
6203,873,2,8,0.20719962786309326,2,-1.19264766782098,1,4,0,1
6204,267,1,1,1.1495848440052163,0,0.7888249602026395,1,0,0,0
6205,816,1,11,-0.4611944288339807,0,-0.9870875454365019,0,0,0,1
6206,420,2,1,-0.6523255349452551,0,-0.96492040583568,2,0,0,0
6207,525,2,3,-0.006032749411009818,2,0.015759144475153797,1,0,0,0
6208,487,1,6,0.30490241128033196,0,-0.7284998020555824,2,0,0,0
6209,368,0,7,-0.8171494770964219,1,1.2068029771820388,1,1,0,1
6210,696,1,2,-0.832752112450834,0,-0.25290307006461654,1,3,0,0
6211,525,1,1,-0.6966491249367501,2,-0.7919566190231001,1,0,1,0
6212,404,1,5,-0.7180863452177565,1,-1.3172749442672296,2,0,1,0
6213,239,1,5,0.4047828566340317,1,0.3720117286254347,3,0,1,1
6214,321,2,8,-0.23841843506162302,1,-0.545285361855151,3,0,0,1
6215,171,1,2,-0.20069274903759515,1,-0.5526904361588677,0,0,0,0
6216,502,1,5,-0.9927991725120872,0,-0.6942663786857247,3,2,0,1
6217,260,1,5,4.240167274913758,2,0.08792349607606914,0,1,0,1
6218,446,1,5,0.7931153203260931,0,-0.7442015884560317,4,2,1,1
6219,774,1,4,-0.41146035718972407,0,-1.4191449413423538,0,0,0,0
6220,739,1,2,-0.9374568988719786,0,-0.7586048105657655,1,2,0,0
6221,493,1,6,0.1974980294902738,0,0.1547821184595555,5,0,1,1
6222,482,2,3,-0.22896103215824218,0,-0.8084271613323818,1,3,1,0
6223,875,1,4,0.14324768197049043,0,2.4402519363043456,3,2,0,1
6224,604,1,1,0.1433693614053273,0,1.5698302072157306,2,1,1,1
6225,434,1,2,-0.8368868492410998,2,-1.246508595834471,1,0,1,0
6226,214,1,6,-0.6023481785076709,2,0.48845981875374045,1,2,0,0
6227,578,0,1,-0.9896377216734425,0,0.27499454630575665,0,0,1,0
6228,665,2,2,3.093124780132056,0,-0.681885482130085,0,0,0,0
6229,373,1,1,0.6624976524390552,0,-0.3793223024681457,1,0,0,0
6230,558,1,5,1.6796691763472766,2,0.46895772988867623,3,1,1,1
6231,427,1,6,-0.9619583409745938,0,-0.21032592626740668,2,0,0,0
6232,463,1,3,-0.3021665696727195,1,-0.14341189617503927,2,2,0,0
6233,64,1,3,0.3917310630015413,0,0.9298240638218306,3,4,0,1
6234,455,2,5,-0.8965074039093374,1,-0.7582631471232395,2,1,0,0
6235,693,2,5,0.5187569048462829,1,-0.1736354408034079,4,2,0,1
6236,373,1,6,0.05266421345426411,0,0.30049073502280566,1,0,0,0
6237,510,2,4,3.260575140110107,0,-0.1418991062152864,1,0,1,1
6238,348,2,5,-0.8534391246349762,1,-0.2822028511350074,1,2,0,0
6239,572,2,2,0.001392660668537311,0,-0.42731019631260675,1,0,0,0
6240,456,0,5,1.9823736011701287,0,1.8706187007693789,2,0,0,1
6241,312,1,3,0.3766838985156641,0,0.15004475143988907,1,2,0,0
6242,766,1,1,-0.5911671314630054,1,-1.3471645392160354,2,1,1,0
6243,685,2,7,-0.8787114247955193,1,-0.18686748792819774,1,2,0,1
6244,379,2,5,2.3665979742088807,0,-0.9438837258756574,1,1,0,0
6245,599,2,3,-0.9319687479466875,0,1.4641314014395626,0,1,0,0
6246,607,1,3,2.750923913618434,0,0.29246818254167517,2,2,0,0
6247,628,1,4,-0.6399788856191775,1,2.5276803675771755,2,0,0,1
6248,161,1,5,0.9941067145924508,2,0.7082775995617892,0,2,0,0
6249,701,1,6,-0.1859194248770801,0,-0.7354716039375886,0,0,0,0
6250,386,1,5,1.4709313856527861,1,1.1630454718601013,0,1,0,1
6251,428,1,2,-0.44215502154017083,0,-0.11039590949019937,1,0,0,0
6252,1027,1,3,0.9203439078904504,1,-1.209328770290694,0,0,0,0
6253,560,1,4,-0.7308963665245702,1,0.7094834441880642,1,0,0,0
6254,422,1,3,-0.36837119133652074,1,-1.3006841547014754,1,0,0,0
6255,64,1,5,0.8969047977865777,0,0.8484328047756389,2,2,0,1
6256,777,1,4,-0.8797377062516528,0,0.18477411957131207,3,0,0,1
6257,230,1,2,0.31871053343005673,0,-0.368293876047496,1,0,1,0
6258,299,2,1,-0.4238034421270097,0,0.8912947202170574,1,0,0,0
6259,433,1,4,-0.2756295189172407,0,-0.39811039752628397,2,3,0,0
6260,783,1,2,-0.12788175752198028,2,0.02698351474826202,0,1,0,0
6261,654,2,4,-0.6798586355472676,0,-1.040176355881192,2,1,0,0
6262,468,1,4,-0.9047946296200251,1,-0.39950885527765506,2,0,0,1
6263,561,2,6,-0.9887060888034935,0,-1.4077506505360406,0,4,0,1
6264,379,1,3,-0.4344930910498643,0,1.2514138122700271,1,0,1,0
6265,527,2,7,-0.6893475561830791,1,0.7316091832049426,2,0,0,1
6266,514,1,5,0.011463879999259796,0,-0.07476684196261663,0,1,0,0
6267,693,0,2,0.2722036579324972,2,0.014971681421752923,1,0,0,0
6268,693,2,2,-0.2952265325945137,1,-1.0324154748882481,1,4,0,1
6269,598,1,1,-0.026522838996683756,2,-1.213968877911072,1,0,0,0
6270,427,1,4,-0.17112884061676148,2,0.8321946167173292,1,0,1,0
6271,648,1,5,-1.0031965988325786,1,0.08999361017422737,3,0,0,1
6272,481,1,7,0.8669077189826736,1,-1.4284861457627334,3,0,0,1
6273,283,1,1,-0.9454041433507414,1,0.07810937167831168,1,0,0,0
6274,419,0,1,-0.4706282116413999,0,0.37023712813650655,2,1,0,0
6275,516,1,2,-0.888173944779025,2,-0.19225424875529026,0,0,0,1
6276,682,1,3,0.09632525566771397,0,-1.3216530648439158,1,1,0,0
6277,463,2,1,-0.6072190811275757,1,1.3102411417710187,1,0,1,1
6278,258,1,7,-0.932792019507653,1,-1.231939760354544,3,1,0,1
6279,511,1,5,-0.960657054924762,1,-0.42774795932182313,0,0,0,0
6280,522,2,6,-0.732555391883051,1,1.298842535643978,1,2,0,0
6281,537,2,5,0.11134714166442171,0,2.1795903928590556,1,0,0,1
6282,683,1,5,0.2804132233081541,1,-0.8338901623282402,2,0,0,0
6283,703,0,4,-0.8680552374544144,2,-0.5123233041700627,3,0,0,1
6284,381,1,6,-0.8555129907960712,0,-0.03862318079035048,0,0,1,0
6285,376,1,5,-0.09299407967441817,0,-0.6642599629286113,4,2,0,1
6286,291,1,2,2.1987759194216827,1,0.2528590580086616,2,3,0,0
6287,639,1,5,-0.18911092948008926,0,-0.6845457074235033,2,2,0,0
6288,789,1,4,0.25729060436773865,0,-0.9880075223084693,1,1,1,0
6289,436,1,6,-0.136580849381048,0,-0.14051396824988577,3,0,0,1
6290,451,2,3,-0.8952231338323239,1,0.3548734525238531,1,2,0,1
6291,793,1,4,1.9695577288954118,1,-0.020392730336619806,2,0,0,0
6292,601,2,10,-0.9318797377809868,1,-1.0126304654519904,2,4,1,1
6293,587,1,3,0.4430875825281372,2,-1.003128353888296,2,2,0,0
6294,261,0,5,2.938583911467634,0,2.5013363084816036,2,0,0,1
6295,635,1,7,-0.6171101066729628,2,0.48309535470992876,0,1,0,1
6296,314,1,3,-0.8163505212410447,1,-0.6739712730277798,0,2,0,0
6297,273,1,3,-0.15848153512849544,1,2.7968698315128786,2,0,0,1
6298,430,2,5,0.604290385809908,1,-1.4029725332338958,1,2,0,0
6299,382,2,6,2.0284336774531,1,-1.3913470027421315,3,2,0,1
6300,455,1,1,0.19545823807292836,0,0.40827386194369353,1,2,0,0
6301,211,1,7,-0.5915881575106883,2,-0.03764903945468434,2,1,0,1
6302,691,1,1,-0.31430902414079037,0,0.24527580206189858,1,0,0,1
6303,725,0,7,0.44873843623750176,0,0.27100104935306735,1,1,0,1
6304,110,2,9,0.5694859200808509,0,-0.21230937081622814,1,0,0,1
6305,695,0,4,-0.9291884915001021,1,1.0445859210817507,1,0,0,1
6306,337,2,4,-0.040366099938775664,2,0.06589589227491338,2,0,0,0
6307,671,2,6,2.473141456123075,0,0.09432172619866512,4,0,0,1
6308,486,1,5,0.5567333011216588,0,-0.25798806144944225,1,0,0,0
6309,505,2,3,-1.0003882525462922,0,2.1679167479779538,0,4,0,1
6310,462,2,4,-0.748692682373694,2,-0.7043272006209949,2,0,0,0
6311,742,0,6,-0.4089997835738891,0,-0.702083855768803,0,0,0,0
6312,252,1,2,0.23816192827525837,0,-0.01466923937637861,1,0,0,0
6313,621,1,2,-0.18378360987428527,0,0.1705056547028978,3,0,0,1
6314,720,1,6,-0.9260070743264045,2,0.8690600693473519,1,0,0,0
6315,643,1,3,0.3554767320648104,0,-1.0901087332463295,2,0,0,0
6316,964,1,4,0.847886826272087,2,0.04235267355300804,3,1,0,1
6317,394,1,2,-0.7735604566416359,0,-0.10687936884926215,2,0,0,0
6318,691,1,2,-0.9368665931578588,0,0.31906122884357485,2,2,0,0
6319,478,1,4,0.5840989128120858,0,2.1477331162420787,1,0,1,1
6320,746,1,3,0.0325063515101556,0,-0.16347550266105867,3,0,0,1
6321,498,1,5,0.6470520542287996,0,0.12148610188014279,1,3,1,0
6322,422,2,4,-0.15749074101005736,2,0.8438971923002627,1,0,0,1
6323,761,2,5,-0.4387453797246713,1,0.33013292318128834,1,0,0,0
6324,401,1,2,2.3474449359120664,2,0.3539409992040207,1,0,1,1
6325,217,2,6,0.5319498409070244,1,-1.0496661125370748,2,0,0,0
6326,396,2,4,-0.46790648103775107,2,0.32684220613023135,1,1,1,0
6327,623,1,3,1.4135580629138027,1,1.6703029425377118,2,0,0,1
6328,778,1,3,4.114020293910762,0,-0.9334777056727165,3,2,0,1
6329,522,1,3,-0.633055695557932,1,0.965721341315864,3,0,0,1
6330,763,1,4,1.2602895348536884,0,-0.5040065950299766,3,0,1,1
6331,228,2,6,-0.9606094770522798,0,-0.25364338714138424,1,0,0,0
6332,411,1,6,-0.7624988741736485,1,0.07669743365504487,2,4,0,1
6333,442,1,1,-0.8294258275250216,1,-1.4323502763112317,1,4,0,0
6334,477,0,5,-0.559349930986709,1,-0.19388113390044767,2,0,0,0
6335,516,1,3,-0.16677463232436487,1,0.8276075670025591,1,0,0,0
6336,638,2,2,0.2867799196287228,0,0.9354591750647961,2,4,0,0
6337,411,1,4,1.3629899800940195,0,-0.027713584935626794,0,0,0,0
6338,527,1,4,-0.8322880566117749,1,-0.0792853544853321,1,0,1,0
6339,490,1,3,-0.1296883533661587,0,-1.4551376173678428,1,4,0,0
6340,314,1,6,-0.1850483352294021,1,-0.060540102354189884,1,1,0,0
6341,477,1,3,-0.38401914152793937,0,1.1374273412848412,2,2,0,0
6342,471,1,3,0.19847883752274817,0,1.9330842390685279,1,1,1,1
6343,466,1,3,-0.275324100797565,0,-0.839803001355036,2,0,0,0
6344,506,1,3,-0.1952791789294664,0,-1.7689815917753677,2,0,1,0
6345,515,1,5,1.3685217695829974,2,-1.2692529918593995,3,0,0,1
6346,413,2,1,0.9938235273740152,0,0.49882808710718496,0,3,0,0
6347,754,1,2,-0.13197579703636092,0,-0.4524780668552789,0,0,0,0
6348,266,1,5,-0.835110115207075,2,0.3978125554115425,2,3,0,0
6349,355,1,2,2.2335199238891974,0,0.2159060808802321,0,0,0,0
6350,1055,1,3,-0.016494268513269197,1,-1.487322127659146,1,2,0,0
6351,292,1,9,0.6678148436758738,1,-0.42356078914234857,3,1,1,1
6352,229,1,2,-0.9503031667632129,2,-0.551460268501627,1,0,0,0
6353,646,2,5,1.3022787777524696,0,2.9693401469474057,1,0,1,1
6354,84,1,3,0.19486500504087614,0,-0.9348615464218547,2,3,1,0
6355,452,1,3,0.16843036737740794,0,0.05006474936271576,4,1,0,1
6356,929,1,8,-0.8892101466401715,1,-1.2759884934584935,0,2,0,1
6357,191,2,2,0.2612542013852654,0,-0.2904856991389914,3,0,1,1
6358,103,1,2,-0.9267680680529079,0,0.5089667083611281,2,4,0,0
6359,200,1,9,-0.9494372500532453,1,0.5084145341287374,2,0,0,1
6360,679,1,3,-0.6075807106927891,0,0.6914219366118769,1,1,1,0
6361,724,1,1,-0.9840207402465482,2,-1.134502731430406,2,2,0,0
6362,397,1,5,-0.8309847055252368,1,2.1043980412093686,0,3,0,1
6363,636,2,2,0.30935531804390076,0,-1.1634962882703392,1,2,0,0
6364,778,1,5,0.8242742304784558,0,0.7713577655209037,1,0,0,0
6365,857,1,5,-0.806615152137077,0,-1.1750821986362994,2,1,1,0
6366,450,2,7,0.7550408977733133,0,-1.3479800674726814,1,0,0,1
6367,64,1,3,-0.34172617551086193,0,0.3535683762225798,0,0,1,1
6368,335,1,3,2.2138408517024,0,-0.42579396268189973,3,0,0,1
6369,414,1,8,-0.8552805276493313,2,-1.0491197483925299,0,2,0,1
6370,448,1,2,-0.9518701311995847,2,0.8372243539677416,1,0,0,1
6371,462,1,4,0.8888466398204368,0,-0.10048984067803259,1,4,0,1
6372,723,1,7,-0.5507904804638558,0,0.06144571882564444,3,2,0,1
6373,754,0,4,-0.38646473970033757,0,-0.9049927116182312,0,0,0,0
6374,465,2,1,-0.2785941275707454,0,-0.5230596381095612,2,2,0,0
6375,719,2,2,0.7658571124101466,0,-0.596458380779311,1,2,1,1
6376,571,1,7,-0.9274693375739548,0,-0.2881630382175124,2,0,0,1
6377,512,1,2,-0.19316762706887725,0,1.2679861415450406,3,0,0,1
6378,681,1,4,-0.43512534041457146,0,-1.5206725428857146,1,2,0,0
6379,514,1,3,-0.584816204271535,0,0.8275099677555355,2,0,1,0
6380,911,2,7,-0.5726398903277798,2,0.1141148586368243,1,0,0,1
6381,212,1,2,1.701798108250415,0,-1.3837072184578827,2,0,1,1
6382,396,2,4,-0.6904017687742875,0,-0.6848231417274713,3,3,0,1
6383,474,1,3,-0.39123334024494816,0,-1.358419999455645,1,0,0,0
6384,587,1,3,-0.3174095580662107,1,-0.4291321788918414,1,0,1,1
6385,753,1,2,0.2863584299584032,0,-0.6989234105558951,2,2,0,0
6386,495,1,5,-0.2634982982339554,2,-0.9076238597511457,1,2,0,1
6387,215,2,5,-0.02044170677104277,0,-1.2348396982443401,2,2,0,0
6388,668,0,4,-0.49028946821089353,2,-0.07244356349859517,2,0,0,0
6389,650,1,2,0.2818404873367083,0,-1.1799386035995165,1,1,0,0
6390,111,1,1,-0.370066742157811,0,-0.45041595386502925,1,0,0,0
6391,499,1,1,-0.751612825143786,2,-0.10414971436309539,1,4,1,0
6392,181,1,2,0.71903591318009,0,0.7300597632559166,0,2,0,1
6393,367,1,4,0.4670097904521248,2,-0.16818223675718397,2,2,0,0
6394,319,2,5,-0.0034986287573389517,1,0.4227002350626533,1,2,0,0
6395,661,1,3,-0.2572187479310812,0,-0.5536810000975594,1,0,0,1
6396,523,1,2,-0.7700478231901844,2,2.0220219511721966,2,0,0,1
6397,242,2,5,1.0544218668081722,0,1.7356213874069981,1,0,0,1
6398,676,1,3,-0.9038707548299174,1,-0.9799004382372244,0,2,0,0
6399,213,1,4,-0.5164233163700382,0,-1.0411602244913587,3,4,0,1
6400,566,1,4,0.9391868173167292,0,0.12275870917514192,3,0,0,1
6401,337,1,7,-0.08712668313422312,1,-0.4448210176404283,2,0,1,1
6402,426,1,5,-0.42064131328735765,1,1.1834755300663358,0,1,0,1
6403,600,1,3,0.5860629640226052,0,0.15349781797672565,2,3,0,0
6404,604,2,2,3.6277319735220828,0,-0.8958564229045475,3,4,0,1
6405,767,2,5,-0.795030856011121,0,-0.6243955199177958,3,1,0,1
6406,483,2,3,-0.9549087612090554,1,1.6530777695249956,1,0,0,1
6407,561,1,2,-0.37550514702380633,2,-0.46041233917623126,0,1,0,0
6408,412,2,6,-0.6632444583505213,2,-1.315314448786173,1,0,0,0
6409,536,1,1,0.10977957054156368,0,-0.6904034129845262,0,1,0,0
6410,587,1,2,-0.31448561052854207,0,-1.496227965462397,1,0,0,0
6411,480,1,7,-0.3048988135552634,1,-0.8690177273525438,0,2,0,1
6412,139,1,3,-0.5618942611302605,1,0.2298954008785308,2,0,0,0
6413,566,1,2,-0.767246586093921,1,0.7137934728775295,1,2,0,0
6414,572,1,5,-0.7636564674731389,2,-1.645204097865397,1,0,1,0
6415,363,0,4,-0.5101604466647981,0,-1.323929672442224,1,0,0,0
6416,243,1,4,0.15689173045346944,0,0.332275479458245,2,1,1,0
6417,795,2,6,-0.5896320466320492,2,-0.40195403112156397,1,0,0,1
6418,598,1,3,-0.6065713611313299,1,2.105725712952594,1,2,0,1
6419,454,1,5,-0.44502167268784687,1,-1.3818301845002592,2,0,0,1
6420,272,1,5,3.76761775439674,0,-1.2598357811078722,2,2,0,0
6421,335,1,3,-0.9105594244516678,1,-1.3283906055066268,1,0,0,0
6422,760,1,7,-0.6528344744065031,1,-0.4568748608028392,4,1,1,1
6423,527,1,3,-0.6566490698015258,1,-0.8085458640256605,2,2,1,0
6424,389,1,4,2.72393736579403,1,-0.9414726870743275,2,0,0,0
6425,601,1,5,-0.47606840912273196,1,-0.41408309709527613,0,4,0,1
6426,337,2,5,-0.15660992117790493,2,-0.5369562103827509,0,0,0,0
6427,800,1,7,-0.7832806356500075,0,0.31556984521132764,2,0,0,1
6428,770,1,4,-0.9948552467413414,0,-0.08357572964870476,3,4,0,1
6429,406,2,6,-0.5863734989578994,0,0.9621199869464057,1,0,0,1
6430,374,1,3,0.02851633911018074,2,1.4290939044148239,0,0,0,0
6431,64,2,4,0.18839806581577298,0,0.6761768288531134,2,2,1,0
6432,203,2,5,0.41800997648138194,0,-0.6589100304411649,3,4,0,1
6433,232,0,2,0.9966767934601795,0,0.49839781247293935,2,0,1,0
6434,527,1,6,-0.8828921843014758,0,-0.9880267101900465,3,2,0,1
6435,434,1,2,-0.9199652157748174,0,0.7629151182335311,3,0,0,1
6436,230,1,5,0.5683018871974188,2,-0.6720520190480104,1,2,0,0
6437,443,1,4,-0.42582518939871206,0,-0.5202672833555219,2,3,0,0
6438,601,1,4,1.9820343645719196,0,-0.15621907462481904,0,0,0,0
6439,605,1,1,1.9144751935899518,1,0.0002806580754721297,0,1,0,0
6440,120,2,1,-0.8525078266400727,1,-0.2863940086184559,1,0,0,0
6441,474,1,3,0.18735760300461013,2,0.202345060616003,0,2,0,0
6442,223,2,4,-0.937211520298223,1,1.072933368955032,0,2,0,0
6443,680,2,3,-0.482512553668258,0,-0.2859176391716439,1,2,0,0
6444,656,1,2,0.8669598923678871,2,1.2470927014138733,2,0,1,0
6445,320,1,7,-0.3793398672500179,1,-0.7110595266389025,0,0,1,1
6446,346,1,10,-0.9730879898838225,0,0.6261001402187203,2,0,1,1
6447,407,0,2,-0.7282975416214462,0,-0.5621214422163923,2,0,0,0
6448,64,1,6,-0.9159900179665642,2,-1.3070174725465984,4,1,0,1
6449,567,1,2,-0.4742528258249843,0,-0.8496149120100404,0,1,0,0
6450,445,1,2,0.20555131436128576,0,2.5105240277572864,2,1,0,1
6451,694,2,3,0.09044930111661706,0,-0.7880406840470676,1,4,0,0
6452,280,2,6,0.2830099676832496,1,-1.0992594005593879,0,0,0,1
6453,376,1,3,-0.5153802627858961,0,-0.2982087066638002,2,0,1,0
6454,198,1,6,-0.6943310164466995,0,1.0275900813244554,1,3,0,0
6455,299,1,7,-0.9482447550586328,0,0.5005931462581164,1,0,0,1
6456,263,1,5,1.8806810283882616,0,-0.6605303842289912,2,2,0,0
6457,699,2,4,-0.8798316088106304,1,-0.6831914083703341,1,2,1,0
6458,360,2,1,-0.8081972463033656,0,-0.8876372107973742,1,1,0,0
6459,524,2,4,-0.9821123196407353,0,-1.543225242133546,1,1,1,0
6460,423,1,2,-0.6198380559507022,0,-0.6473581469830763,1,0,0,0
6461,246,1,4,0.7297410138675535,1,-0.39195785386222287,1,2,0,0
6462,466,1,4,-0.5971267274786481,1,1.6770014894988465,1,3,0,1
6463,619,1,3,0.10743583447678255,2,-0.3416985356617995,0,3,0,0
6464,258,1,6,2.4177754134164453,0,0.6435112966140834,1,2,0,0
6465,661,2,1,1.2607986620373426,2,0.3903511400501487,0,0,1,0
6466,330,1,2,-0.8060562639778714,0,-1.1172066285495041,1,0,0,0
6467,403,2,5,-0.5552097294135672,2,-0.8470291313526177,1,0,0,0
6468,606,1,7,0.40676879411534067,2,1.1904065007752005,2,2,0,1
6469,367,1,6,2.858405638082464,2,1.1010014911779589,2,2,0,0
6470,507,1,6,0.2721931342680578,0,-0.0541203643595952,1,0,0,0
6471,437,1,2,-0.7122610366344687,0,-1.289386782518359,1,0,0,0
6472,525,1,1,-0.8629166512564266,0,-1.6863635975959137,1,4,0,0
6473,64,2,5,-0.31267135200039775,1,-0.7617478305587551,3,1,0,1
6474,134,1,5,-0.7898292920075896,1,0.4769239690904822,3,0,0,1
6475,623,2,5,-0.7451786198535072,1,0.2992617926229025,2,1,0,0
6476,707,2,1,0.01563342576363614,0,2.006833891382432,1,0,1,1
6477,317,1,6,-0.27223822579410556,1,0.9646609966338554,1,0,1,0
6478,451,2,4,-0.8770443320069352,0,-0.4625828325534846,1,1,0,0
6479,558,1,7,-0.8381570177223606,1,-0.8034931494577658,2,2,0,1
6480,638,2,4,-0.9879024987526032,2,1.122816681933644,3,0,0,1
6481,94,1,6,-0.7556001780977201,1,1.208696626402576,3,0,1,1
6482,322,1,5,1.2125821601692954,1,-1.1560820783750938,2,0,0,1
6483,433,1,7,0.594249231977867,0,-1.1306032498942957,2,0,0,1
6484,640,1,2,-0.4629382352394255,0,0.1850013896863874,0,0,0,0
6485,999,2,1,0.3698216011642576,0,-0.18791023800010742,2,0,0,0
6486,454,2,6,-0.4764264732213567,2,-0.29240189795864496,2,4,0,1
6487,218,2,5,0.5896926044671374,0,-0.7761807060120011,3,0,0,1
6488,580,1,5,-0.8036051612185864,2,-1.405412949725389,1,1,0,1
6489,764,1,4,-0.8395510217594272,0,-0.24884466994273563,0,3,0,0
6490,521,1,11,-0.9253314008522237,1,-0.9028071051365717,0,1,0,1
6491,318,1,5,-0.7263171958775275,1,0.47858839805843034,1,0,0,0
6492,691,1,7,-0.8469660675351033,1,0.9222315550889638,2,4,0,1
6493,632,1,6,0.6221887663567685,1,2.0869643305238625,1,0,0,1
6494,294,1,6,-0.7287753370430865,1,-0.6218886816554337,2,0,0,0
6495,576,1,2,-0.2693573889577129,0,1.686651126668292,2,0,0,1
6496,699,1,2,0.4276481535022252,2,0.31227564273056396,3,0,1,1
6497,736,1,7,0.1417837823081888,0,-0.0013333054594818904,2,2,0,1
6498,486,2,4,-0.7750553923894089,0,-0.3838158577062542,2,0,0,0
6499,428,1,3,-0.9262892437164396,1,2.6841540508264288,2,0,0,1
6500,745,2,6,1.461331980070674,0,0.1824720265138822,0,2,1,0
6501,257,1,7,-0.018396172472369635,1,-0.7655019010833253,4,1,0,1
6502,587,2,2,0.23918126260730557,0,-1.546253664882339,0,0,0,0
6503,225,1,1,-0.5117456463298817,0,-0.9150732219119535,1,1,0,0
6504,713,1,3,-0.72658476365824,1,-1.5330393009715937,2,0,0,0
6505,448,1,1,-0.23860292111143375,0,-1.1373886544388903,1,2,0,0
6506,753,2,4,-0.925396190952535,2,1.69219942137559,2,2,0,1
6507,598,1,1,0.6289548257057028,0,-1.2353323064711197,3,1,0,1
6508,255,1,3,0.07307317540317591,0,-0.10882098337142311,2,1,0,0
6509,784,2,2,0.45058605634088666,2,-0.16461940279031284,2,1,0,0
6510,810,1,2,-0.1512194238337858,0,0.1125606185161271,1,2,1,1
6511,676,1,3,-0.13059085421628258,0,-1.5635649432918692,1,0,0,0
6512,347,1,7,-0.07496064120390528,2,1.5136036304260219,2,0,0,1
6513,438,1,3,0.551547813238926,2,-0.9447679384518464,2,1,0,1
6514,529,1,4,-0.748110081326741,0,0.2595787690504524,2,2,0,0
6515,359,1,8,0.15592144304673414,2,0.598633754353512,1,0,0,1
6516,838,0,1,-0.18957808882011698,0,-0.3305546991051416,3,0,0,1
6517,528,2,5,-0.3127759756125436,0,-1.4597613062988954,2,1,0,0
6518,64,1,2,-0.21605990386725873,1,-1.5160006355800775,0,2,0,0
6519,567,1,8,-0.6847053934429777,2,-0.8248629557250758,0,0,0,1
6520,430,0,9,-0.9694323200920851,0,-0.36267396315631933,3,0,1,1
6521,485,2,5,0.44010088813746406,1,0.9992283173167986,1,4,0,1
6522,426,2,3,1.5135012808372166,0,0.8868824799145831,2,0,0,0
6523,661,1,1,-0.3412708840042859,2,1.407770897522562,1,2,0,1
6524,723,2,9,0.8427798932217777,0,0.5554159401149463,1,0,0,1
6525,556,2,4,-0.18376137956484395,0,0.37594728130611954,2,1,0,0
6526,432,1,2,1.7012356487728575,2,-1.0998645085336825,2,3,0,0
6527,491,1,2,-0.28560419764207357,2,-0.7382402371725361,4,0,0,1
6528,503,1,6,-0.7747188586447434,1,1.3351379909801058,2,3,0,0
6529,339,1,4,1.068119278249535,0,-0.5398414790073456,1,0,0,0
6530,615,2,1,0.6304577400965176,1,1.426650912967986,2,2,0,1
6531,592,2,2,-0.4916760425521324,2,-1.1640419087229341,2,0,0,0
6532,808,2,4,0.8682554580795359,1,1.380826252743198,2,0,0,0
6533,751,2,3,-0.9986165401055193,0,-0.030886385402022085,0,1,1,1
6534,362,1,2,0.6277898364105151,2,1.3652276669159547,2,3,0,0
6535,664,1,3,0.1769214348267586,2,-1.0223005500861801,3,2,0,1
6536,309,2,3,-0.5221875544070413,1,-0.4253261739534529,1,0,0,0
6537,639,1,3,0.5871605185275366,2,1.2686931913737227,0,0,0,0
6538,396,1,2,-0.8701169581907038,0,0.8305019708018102,1,0,0,0
6539,295,1,1,-0.776678235145743,0,-0.9707681204254421,4,0,0,1
6540,556,1,6,-0.2321631078016452,0,0.9878887989746122,2,0,0,0
6541,64,1,4,1.157364592118761,2,-0.8388192231860178,1,0,0,1
6542,149,1,3,-0.8660991486279683,2,0.854438824275649,1,4,0,0
6543,464,1,5,-0.16293953501879077,2,0.757754507007383,4,2,0,1
6544,516,0,2,0.4149395574746941,1,1.2268278482062043,1,0,0,1
6545,426,2,7,0.37543105996291987,1,-0.01188736070573891,1,2,0,1
6546,184,2,1,-0.0022118514014122623,2,-0.030249777610266187,1,1,0,0
6547,336,1,7,1.8693540612743367,1,0.8485821296414148,1,0,0,1
6548,578,2,5,-0.3385748326455568,0,-1.638621215491045,0,1,0,0
6549,616,2,9,1.1507044367413484,0,-0.2745788678029527,2,1,0,1
6550,496,1,4,-0.024859545688532034,2,-1.6838965133221453,4,0,0,1
6551,731,0,2,0.35236530132732163,0,-1.0354108339441837,1,0,0,0
6552,579,1,5,-0.3720063707763352,0,-1.4492565075858366,2,0,0,0
6553,350,2,5,-0.8212632962173203,1,0.0425353637287926,1,0,0,0
6554,443,1,4,-0.8903717722146468,2,-0.34625912481934656,1,1,0,0
6555,219,1,3,0.1584741759765095,0,0.18927153681468206,2,0,0,0
6556,478,1,9,-0.527423935032309,0,0.806866702148541,1,0,0,1
6557,722,1,7,-0.15540926800459626,2,0.3284564859226557,2,0,0,1
6558,637,1,3,0.38617121841677404,0,-0.008675208248800213,2,0,0,0
6559,780,0,7,0.5625519034433679,2,0.044105586200007464,4,1,0,1
6560,439,0,5,-0.2830295639221397,0,1.2797792079065138,2,2,0,0
6561,769,0,5,-0.6238011087362789,0,-0.3527155752152076,2,4,0,1
6562,461,1,3,0.5132660187433897,2,-0.8267370170179786,1,2,0,1
6563,794,0,5,-0.46195864480676213,0,0.3240077812488198,1,0,0,0
6564,495,1,4,1.7996582648867683,0,-1.1777153725394542,1,0,1,0
6565,641,2,4,0.7624033136188089,2,2.4328648921067724,1,2,0,1
6566,795,1,3,0.3896511369434161,1,-0.32945646168374343,0,2,0,0
6567,461,1,4,-0.7270710990500123,0,0.6557155655339718,1,4,0,1
6568,543,0,5,-0.549551936755164,1,0.19804514669772613,1,0,0,0
6569,757,2,4,0.9147844185002071,2,-0.14787723174474937,2,4,1,1
6570,473,1,5,-0.9840518388230127,2,0.3476826620304023,2,0,0,0
6571,235,2,1,0.5389488400682667,0,-1.0118758102002963,1,0,0,0
6572,928,1,4,-0.4812475739952968,1,-0.3329992099551487,0,4,0,1
6573,406,2,5,0.6257697600957441,1,-0.45007301387832754,2,0,1,0
6574,531,1,1,-0.19029129799373318,0,-1.4176603527395595,2,4,0,0
6575,731,1,6,-0.24682698040667056,1,-1.1279279815225876,1,4,0,1
6576,378,1,6,0.22209086494382926,0,-0.43186649509002023,1,0,0,0
6577,298,1,2,0.6618059934075958,0,0.1656211600466019,2,0,0,0
6578,550,2,1,0.19472983496056495,0,-1.3357297841865152,2,0,0,1
6579,141,1,9,-0.3984896102920486,1,-0.06381171780302884,1,1,0,1
6580,442,1,4,-0.6143600152606273,0,0.10455406024288756,1,0,0,0
6581,549,1,6,0.8924637669218672,1,-0.4686046944417518,1,0,0,0
6582,446,1,4,-0.25970409273285333,0,-0.4503982981145289,2,1,0,0
6583,191,2,2,0.5482625336567271,1,0.6822984248560935,1,1,0,0
6584,818,1,4,4.538519719679561,0,1.279663916802447,1,1,0,0
6585,520,1,2,0.042287596765387486,0,-0.5330804648881932,2,0,0,0
6586,786,1,4,-0.6760799107684496,1,1.2575000086773276,1,2,0,0
6587,447,1,4,1.0330352034743862,0,-1.0381376267568048,1,0,1,1
6588,323,2,4,-0.6826449333240927,1,-0.8005054738734106,2,2,1,0
6589,553,1,7,-0.7010622703369016,2,-1.7052815269195785,2,0,0,1
6590,456,1,5,-0.9297380351775274,0,-0.43927709827681793,1,3,0,0
6591,264,2,5,-0.9246449656104618,0,0.5676257718326481,0,2,0,0
6592,793,1,5,1.0088499198093723,0,-0.7560038593978348,2,1,0,0
6593,375,2,3,-0.7410688266099268,2,-0.7252465672352009,2,0,0,0
6594,131,1,3,-0.8908365852446445,1,-1.3380576303400404,0,1,0,0
6595,765,2,5,-0.56566227103357,1,-0.6964758682353508,2,0,1,0
6596,399,1,3,0.2636686484508108,1,-0.5137890569566834,2,0,1,0
6597,378,1,5,-0.5858166601172972,2,1.0787709257212963,3,4,0,1
6598,146,1,5,-0.6315202208157106,0,-0.3924185789906003,4,0,0,1
6599,848,2,3,-0.3268638530985606,1,0.4798120201666149,2,0,0,0
6600,242,0,3,-0.9860693321814726,2,0.31817058491198913,4,2,0,1
6601,511,1,4,-0.32087058740472707,1,-0.8315886791041772,2,1,0,1
6602,682,2,6,3.677931139976979,0,-0.05864469619622495,2,0,0,0
6603,584,1,5,0.6257673460448482,2,-1.1476791495175047,2,0,0,0
6604,488,0,6,-0.9335148718643803,0,0.1979728940155958,2,0,0,0
6605,159,2,5,0.0740081563494908,0,1.2938366511003543,2,0,0,0
6606,338,1,3,-0.3790517226123701,0,-0.5220462815293099,2,2,0,0
6607,537,2,4,0.7721702293304775,2,0.4017197204871106,2,1,0,0
6608,342,1,3,-0.9023669240631511,0,-0.9943952232098073,1,2,0,0
6609,540,1,3,-0.7384220272975611,2,0.10352673203681914,1,0,0,0
6610,636,1,4,0.5849924077503939,0,-1.0077399333034716,1,1,1,0
6611,692,2,2,0.9162577594971142,1,0.7516012409348752,1,0,0,0
6612,254,2,6,-0.24141961821978955,0,2.1177162711683177,1,0,0,1
6613,939,2,4,-0.9876300471112276,0,-0.9929215394562729,0,1,0,0
6614,653,0,3,1.27207024311269,0,-0.02868663121828384,1,2,1,0
6615,499,2,4,-0.5171132298381151,2,0.9305505522090857,2,4,0,1
6616,717,1,2,-0.9666824573360231,0,-1.2523987602283913,1,0,0,0
6617,973,1,2,0.7295460725557477,1,0.09444844029567871,3,2,0,1
6618,212,1,3,-0.45720906399909167,2,0.9796170965791071,1,1,1,1
6619,454,1,5,-0.7935541619364127,0,-1.1742540963102264,1,0,0,0
6620,64,1,5,0.6371326092309044,1,2.4509593855102088,2,0,0,1
6621,538,1,3,-0.3854421646226265,0,-0.8441752829768782,0,0,0,0
6622,573,2,5,-0.05586236748460368,0,-0.9797961965510911,3,0,0,1
6623,492,2,3,0.7540276810901931,1,0.9997974257250958,1,0,0,0
6624,369,1,5,-0.2562079181906306,0,1.065785891394107,2,0,0,0
6625,90,2,5,-0.8887921113281664,0,0.16902085823564378,2,0,0,0
6626,574,1,5,2.3664667433499287,0,0.6833039496558572,1,0,0,0
6627,791,2,2,-0.6644649135691522,0,-0.6037327521458814,5,0,0,1
6628,381,1,8,4.238734911344452,1,-1.3463878603085238,0,0,1,1
6629,588,1,1,-1.0017175548504418,1,-0.9098642586794893,3,2,0,1
6630,186,2,3,-0.3353272182016831,0,-1.5015824609265473,0,1,0,0
6631,591,1,6,0.23355158205708598,1,1.1380551202058569,1,0,0,1
6632,421,1,3,1.400270380803633,1,-1.5040922447293774,3,0,1,1
6633,347,1,4,0.5336948137358721,1,0.5638846011953903,1,0,0,0
6634,347,1,4,-0.7076051528189293,2,-1.4106000774763963,0,2,0,1
6635,421,0,1,-0.724305612563467,2,0.63982181556083,2,0,0,0
6636,576,1,4,-0.5593608609985354,1,0.29344002484750936,1,0,0,0
6637,237,2,7,-0.8887210247001147,0,-1.6021088060600301,1,0,0,1
6638,420,1,5,0.11842819710235203,0,-1.4528529159976193,1,2,0,0
6639,491,1,3,1.8751771349245512,0,1.099796044980319,2,2,0,0
6640,280,1,2,0.03720733948421248,1,1.0359380936365972,2,0,0,0
6641,859,2,5,-0.2326130934560317,2,1.1704669617995724,1,3,0,0
6642,329,1,3,-0.2960368574217311,0,-0.15229630959726528,3,0,0,1
6643,366,1,1,-0.09452769003394332,0,0.8100578459840647,1,1,0,0
6644,304,1,4,0.2533141187192104,0,1.1289550285154366,2,0,1,1
6645,859,1,3,0.6039568748523786,0,-1.3131537671472695,2,1,0,0
6646,610,2,1,0.21100552494168384,1,0.060910720903099645,1,1,0,0
6647,312,1,8,0.23388556767415292,0,-1.167538867221329,4,0,0,1
6648,721,1,5,2.0749511138772596,2,-0.01669233890433858,1,0,0,0
6649,540,1,6,1.327409102753976,2,-0.8621867863391615,3,1,1,1
6650,551,1,2,0.7586492187963736,0,-0.40135543539114676,0,0,0,1
6651,431,1,6,-0.9627777461520569,0,-0.5638487863059595,1,2,0,1
6652,350,1,5,0.11625768854703017,2,1.1966953411973504,1,2,0,0
6653,567,1,4,-0.39055874363388915,2,0.6543914985473898,3,2,0,1
6654,390,1,3,-0.03015213637461068,2,0.6765931916409585,1,0,0,0
6655,863,1,6,0.171205926789841,0,0.34796631700191866,1,0,0,0
6656,246,2,6,0.26760950935328937,0,-0.8400845863531172,2,2,1,0
6657,807,2,5,1.0627395760925422,1,-0.40248777122265295,1,4,0,1
6658,477,1,4,1.4411265086390777,2,0.0977636230231506,1,2,0,0
6659,559,1,7,-0.058403655446109794,0,0.7934183297557228,1,2,0,1
6660,666,2,3,1.2763780585044993,2,-0.15191458827975313,2,0,0,1
6661,373,2,2,0.46341500738780295,0,-0.34667215083907715,4,3,0,1
6662,672,1,7,-0.7774363263232846,0,-1.0185421391656142,1,2,0,1
6663,64,2,3,-0.9712988438812449,0,0.3567247536837445,2,2,1,0
6664,356,2,5,-0.9977562314525096,0,-0.3024188419952635,3,1,1,1
6665,315,1,2,-0.10937334473161388,0,0.3621091497520405,4,2,1,1
6666,249,1,3,-0.2579715361231306,0,-1.4557782986462735,2,0,0,0
6667,457,2,6,0.20444363353575262,1,-0.4278085871871982,1,2,0,0
6668,577,1,5,0.8741706269730215,1,2.0941795790875393,2,0,0,1
6669,640,2,1,-0.8251376947604633,0,1.2369302163095024,2,1,0,0
6670,548,2,7,0.966246001998302,2,-0.5297838264398967,1,0,0,1
6671,366,2,9,-0.9028679353844713,0,0.9711691882165027,1,0,0,1
6672,573,1,1,1.1764967571323661,1,-0.2177873691159199,1,0,1,0
6673,524,1,4,0.92497600411371,1,0.25708542830605263,2,0,0,0
6674,687,1,7,0.20641267563680027,2,-0.2661926582971612,3,3,0,1
6675,655,2,2,-0.6450517054602243,0,0.003674873732580573,2,0,0,0
6676,506,2,3,-0.9081190896138359,0,-0.12071864341073334,1,0,0,1
6677,320,1,5,0.5233303794115265,0,0.32666099282633887,1,1,0,0
6678,369,1,4,-0.7579181799035407,0,-0.1986627649654031,0,0,0,1
6679,390,2,3,-0.41643440303352985,0,2.089070726713656,1,3,0,1
6680,436,0,3,-0.23807926996592668,0,-1.4223485555597366,0,0,0,0
6681,553,1,2,0.1684867178842473,1,2.408150863283638,1,1,0,1
6682,643,1,8,-0.32811008910811573,0,-0.4311293069047574,1,2,1,1
6683,489,2,5,0.1983144038941281,0,-0.33640781199214836,0,0,1,0
6684,503,2,5,0.7030944354080865,0,0.6032058069953985,0,0,0,0
6685,528,0,7,0.26195438511003816,2,1.2593317061414446,3,0,0,1
6686,396,1,7,-0.6458164597810436,0,2.5824330407698803,1,3,0,1
6687,314,1,7,1.2775503422621406,0,0.17650332901333637,2,3,1,1
6688,148,1,4,-0.19441948452483004,0,1.400949419630171,1,4,0,1
6689,360,2,4,-0.3709745737844726,0,0.1395972067260427,2,1,0,0
6690,594,2,3,-0.13746429676670216,0,-0.07257064629145017,0,3,0,0
6691,359,0,3,-0.33644584149697615,0,0.16923466260280112,1,2,0,1
6692,452,1,1,0.42312275822419704,0,-0.6929982395144458,1,0,1,0
6693,593,2,4,-0.4526636901254529,2,0.7666712803028272,2,2,0,0
6694,604,1,2,0.5170982679077409,0,0.9907977549745959,0,1,0,0
6695,284,1,6,0.44429583540217427,0,-0.8733716630878169,2,1,0,0
6696,699,1,6,-0.6781577235343048,1,-0.6302909681646378,2,0,0,0
6697,725,2,5,-0.9052791449393439,2,0.39502318652657165,1,0,0,1
6698,274,0,5,0.9281890141033926,2,-0.8860513596587074,3,0,1,1
6699,335,1,3,-0.8196730270498127,0,0.43331691966389085,1,0,0,0
6700,738,1,8,-0.9756432051006979,2,-0.15399431096624297,0,0,0,1
6701,470,2,5,-0.48435811545868346,0,0.6381291448821648,0,0,0,0
6702,64,1,5,-0.7096231752553289,2,0.026435369616611408,1,0,0,0
6703,220,0,4,-0.7546856634205225,0,0.2394808334516524,0,0,0,1
6704,450,1,1,-0.8155111492710087,0,0.7286586762662071,0,4,0,0
6705,267,1,3,0.39885482280521,0,-1.3873394913447479,1,0,0,0
6706,417,1,2,0.5480839107318414,0,-0.10010452366983395,1,0,0,1
6707,506,1,5,-0.9595518783268071,2,-1.2319348380190187,0,2,0,0
6708,792,1,2,-0.20289251191815855,0,0.2246239118273565,1,0,0,0
6709,441,1,7,-0.8601887230288536,0,-1.087868268420653,3,2,0,1
6710,714,1,2,-0.3037792434024925,0,0.8838749033034005,3,2,1,1
6711,785,1,2,-0.5729540974340993,0,-0.20957107563911745,0,3,0,0
6712,786,0,5,-0.7785955294719611,0,-1.2935810970668131,2,0,0,0
6713,556,1,5,2.000333951381664,0,-1.3123755761526548,1,1,0,0
6714,107,1,5,2.1864703188800734,2,-0.9882009022856539,2,2,1,1
6715,592,2,5,-0.163635256516858,0,-0.25875105999337794,1,0,0,1
6716,709,1,1,-0.795987489440853,2,0.6001152208553586,4,0,0,1
6717,483,1,7,-0.11760028636998886,1,1.6343611366363793,2,0,0,1
6718,848,2,8,1.6752600000478124,0,-0.16616936110743652,2,0,0,1
6719,671,2,4,-0.5253263653915496,1,-1.3448296763752379,3,0,0,1
6720,613,2,4,-0.8571366653528719,2,0.6483440431333943,0,2,0,0
6721,717,1,4,0.19551113270487586,1,-0.8157678644669488,1,0,0,0
6722,566,2,4,0.07827915846502408,1,0.24822881951715178,0,0,0,0
6723,64,1,1,-1.0064506223138852,1,1.0940252772758885,0,1,0,0
6724,400,1,4,0.9464188743793136,2,1.2256987950903229,2,0,0,1
6725,739,2,8,0.09161693579070458,1,-1.445891716535135,2,0,0,1
6726,338,1,3,-0.7863611684757233,0,-1.0101498864951488,0,2,0,0
6727,455,2,2,-1.0045641204484002,0,0.9453578341862534,1,0,0,0
6728,291,1,5,2.639743432525143,0,0.2798578734692489,3,0,0,1
6729,856,1,3,0.42133747646555686,1,0.9178644480768304,0,0,0,1
6730,836,2,4,-0.5458916046549371,1,-0.4291655248744598,0,2,0,0
6731,323,1,7,-0.43115200532836273,0,-1.0456687414346884,2,1,0,1
6732,529,2,3,-0.22058268446545304,1,-0.8243559162152176,1,0,0,0
6733,363,0,2,0.2818812125587032,0,1.7431446361283807,2,0,0,1
6734,622,2,2,-0.8147522169284072,0,0.05946799970096558,3,1,0,1
6735,601,1,4,-0.7863226539610704,0,1.1832689936280698,0,4,1,1
6736,662,1,6,-0.9575446564470583,1,0.030652348220693734,1,0,0,0
6737,566,2,2,3.318933464809723,0,1.566909079112451,2,0,0,1
6738,1087,2,3,1.1117657309695195,2,0.9560506392028986,1,1,0,0
6739,294,1,6,-0.18900411501595896,2,0.3632174026757886,2,0,0,1
6740,157,0,4,-0.4356513906925933,0,-1.2864874284617112,2,2,0,0
6741,421,1,8,-0.7321577343424779,0,-0.119546856927322,2,0,0,1
6742,186,0,5,-0.08859426926734874,0,-0.595651442576333,1,2,0,0
6743,201,1,5,0.1850071021102152,1,0.4976712671170435,2,2,1,1
6744,299,1,5,0.18065354273596285,0,-0.11527212826454156,0,1,0,1
6745,315,1,1,-1.0012962974201463,0,0.5446303732165801,2,1,0,0
6746,309,1,7,0.22361749879710366,0,-1.0409353330651643,2,0,0,1
6747,603,2,1,1.0392290503652524,0,0.19645929970363255,3,2,0,1
6748,398,1,2,-0.8837042137603927,0,-0.0648419328197381,2,0,0,0
6749,464,0,6,0.42423246882668436,2,1.3865709193850544,1,2,0,0
6750,678,1,7,0.7547016484285175,2,-0.32024330322161915,2,3,0,1
6751,346,1,4,-0.6791432523666343,1,0.2004693265666387,1,0,0,0
6752,447,1,8,0.2585759789812792,1,1.1832710158100355,2,0,0,1
6753,573,1,2,-0.9043634787653482,0,-1.5107677773741235,3,2,0,1
6754,111,1,4,0.0576097972967679,2,0.1245380535534306,3,0,0,1
6755,64,1,8,-0.2816408969862932,0,-0.45082756475200864,1,0,0,1
6756,569,2,3,0.9206702399018782,1,-0.7592821078301109,2,4,0,1
6757,598,1,2,-0.39616627235776797,0,0.7986366628951964,4,0,1,1
6758,912,1,4,-0.4395318614200525,1,2.5281862411814835,2,2,0,1
6759,531,2,3,1.7533705674903495,1,-0.05364231556780244,3,1,0,1
6760,663,1,5,1.7607998928730904,2,0.34838612542326886,1,0,0,0
6761,460,1,2,-0.9708773116318413,1,1.6274644797996725,2,2,1,1
6762,559,1,4,-0.33181998517160016,0,-0.5318754755762464,0,2,0,0
6763,833,1,4,-0.8293708813571371,2,-1.0950287696777465,1,4,0,1
6764,75,1,3,-0.6825984836984819,1,1.7270808163900435,0,0,1,1
6765,582,1,5,0.10791588935015983,0,-0.25598919281158655,0,0,1,0
6766,927,2,1,-0.8670541208369468,0,0.09853229952075901,1,2,1,0
6767,556,2,5,-0.9963354078331829,0,1.1030251442077272,3,0,0,1
6768,830,1,1,0.31306427355212046,0,-0.944421679557807,1,0,0,0
6769,374,0,7,0.035049551819845676,0,-0.8487109096969898,1,0,0,1
6770,493,1,4,1.3615311280565041,2,0.23742350543398438,2,0,0,0
6771,506,1,1,-0.21294564327564902,0,-1.0238155702013538,1,2,0,0
6772,64,1,3,1.9482514488197635,2,1.1119447840004686,2,2,0,1
6773,266,1,1,-0.051954998267403976,1,-0.10273112128408327,0,0,0,0
6774,280,1,3,-0.5098615541535096,2,-0.8145723458449959,1,0,0,0
6775,664,1,2,-0.054164532765130564,1,1.1262385993493447,2,2,0,0
6776,674,2,3,0.3987887450385564,1,0.7908203007871887,4,1,0,1
6777,564,2,6,-0.5735601352464077,0,0.43620068550696944,3,0,0,1
6778,664,1,7,-0.5338488547356842,1,-0.6805166305047123,0,0,0,1
6779,467,2,3,0.003205018610217203,0,0.44228730162222035,2,4,0,1
6780,740,2,6,-0.3894175514083558,0,0.7513923078526189,2,0,0,0
6781,501,1,12,-0.2464690292009413,2,-1.2405193265544956,2,0,0,1
6782,511,1,2,3.0827876101140705,1,0.04849886325268189,0,0,0,0
6783,446,1,1,-0.9623367561085892,1,-0.8820561260049413,1,0,0,0
6784,636,1,4,0.053813530385580746,0,-0.48103044869278977,1,3,1,0
6785,415,1,2,1.5983844300301384,1,1.3422720696588302,0,2,0,1
6786,695,1,8,-0.733795025270859,1,-0.28858250321126544,3,0,0,1
6787,273,1,4,-0.7654996881996867,0,0.1775497271103794,2,1,1,0
6788,280,1,3,-0.549175102745957,2,1.7449199302162692,1,0,1,1
6789,637,1,4,-0.9295826034956336,0,1.9179442840819005,3,1,0,1
6790,482,1,1,-0.17219649056073782,1,0.25576826348172316,3,2,1,1
6791,409,1,3,0.04678528541193888,0,1.5231973619324939,1,2,0,1
6792,678,1,4,0.7355960308127913,1,1.0248057418877736,1,2,0,0
6793,378,1,5,-0.9382262709061325,0,2.036737490919894,1,1,0,1
6794,459,2,3,-0.42504323031630287,2,0.2845852029805657,1,1,0,0
6795,779,1,6,0.5517729529286132,1,-0.7618472230742155,2,2,0,0
6796,807,1,4,0.4794428047314769,1,-1.3556062624485463,1,1,0,1
6797,814,1,2,-0.930063585160499,0,-0.5698632042557883,2,1,0,0
6798,443,2,6,-0.9962067156352334,2,-0.9657810191486403,3,0,0,1
6799,746,2,3,0.5476379874665118,1,1.878260212510872,0,0,0,1
6800,310,1,4,-0.8568525440074155,0,-0.7206953748315806,2,1,0,0
6801,318,1,3,-0.130878955313821,0,-0.27994381860433915,0,0,0,0
6802,64,1,1,-0.907184454051243,0,0.24786413457335638,1,1,0,0
6803,834,1,3,-0.6515955755264473,0,-0.4097014488903787,3,1,1,1
6804,327,0,4,-0.8329047452309002,1,2.740545451954137,1,0,0,1
6805,474,1,7,0.3482194986692562,1,-0.06363106231694265,2,0,0,1
6806,317,1,2,0.12817437031788925,0,-0.6710005989679225,2,1,1,0
6807,639,1,1,-0.8600005015361494,0,-1.0587456408347489,2,2,0,0
6808,424,1,3,-0.945655216853906,0,-0.4990333147180978,4,0,1,1
6809,239,2,6,-0.3691457738632039,0,0.057176546865518055,2,0,0,0
6810,588,1,5,-0.7865516497374581,0,0.4944613353296901,3,0,0,1
6811,213,0,9,-0.9995485097673162,0,-1.4439128169174928,2,2,0,1
6812,332,1,1,-0.6957238737551069,1,0.0787144913790884,1,0,0,0
6813,78,1,2,-0.7613399879552948,1,-1.4837602756281505,1,2,0,0
6814,215,1,4,0.16692596604439638,2,-0.3884495821216869,4,1,0,1
6815,535,1,5,0.9981336103983425,1,-0.02905562101608651,1,0,1,0
6816,107,1,5,-0.7318923264884912,0,-0.281361770619636,1,0,0,0
6817,203,1,4,-0.7511748415049639,1,0.05998285130066364,0,0,0,1
6818,499,2,4,-0.5088387687714672,0,-1.0712938506778307,2,0,0,0
6819,391,1,4,-0.8152112183829094,2,-0.9658676546497608,2,0,0,0
6820,898,1,1,1.9762486115744422,1,-0.9151832669964178,1,0,0,0
6821,866,1,1,-0.724006997964926,0,-1.4074267473588786,3,0,0,1
6822,326,1,2,-0.9082137117545948,0,-0.28963927995019184,2,0,0,0
6823,611,2,5,-0.18002145093299235,2,-0.8590431630688261,1,0,0,0
6824,649,1,4,-0.22331607539931603,2,-0.050651665724149794,3,0,0,1
6825,380,2,1,0.008652867861213158,0,-1.6578295131033975,2,2,0,0
6826,200,1,3,2.4525456074370116,0,-0.7133960641830368,1,0,0,1
6827,497,2,6,-0.6103820601607962,2,0.18575478262326534,1,3,0,0
6828,465,2,5,-0.5546317500838664,2,0.3948786100254695,1,0,0,1
6829,412,2,2,-0.589798859586707,2,2.2064243561168357,2,4,0,1
6830,588,1,3,-0.0003825716009980474,2,0.21633900384928045,3,0,0,1
6831,349,1,4,-0.06551688764177793,1,1.3214437107170747,1,0,1,0
6832,269,1,2,-0.24251826701762688,2,0.38238505480523477,2,0,1,0
6833,521,1,2,-0.5470526636143517,0,0.9190051168810383,1,0,0,0
6834,577,1,5,-0.4403250405936558,2,1.80023518936714,3,1,0,1
6835,264,2,3,0.5916669033596267,0,-0.9735945763299994,3,1,0,1
6836,685,1,5,-0.052128458060717406,1,0.45528734172457,2,0,1,0
6837,145,0,3,0.273529223108249,0,1.3809369185528386,1,3,0,0
6838,384,1,1,-0.6783555916379077,2,1.1551347670682137,2,0,0,0
6839,448,2,4,1.4582297473223083,0,0.3459166299165077,1,4,0,1
6840,372,1,3,-0.9714561112138479,2,1.1116255117870484,2,4,0,0
6841,386,1,2,-0.08679945741064624,0,-0.6073396959595095,1,0,0,0
6842,874,0,2,0.6939028330981968,0,-1.0493057338749894,2,0,0,0
6843,329,1,1,1.0385642545389786,2,0.20149029072235758,3,1,0,1
6844,988,2,4,-0.616281579670681,1,0.22730501642301487,0,0,0,0
6845,587,1,3,-0.38161787012604614,2,1.0215054383162454,3,0,0,1
6846,518,1,4,-0.9717444466552287,1,-0.9084926833458044,1,0,0,1
6847,595,2,4,0.5783152471094912,1,0.7134062221700492,2,0,0,1
6848,1005,1,4,-0.8725479317878402,2,-0.6181797623224338,1,0,0,0
6849,301,2,4,-0.4395574753397605,2,0.3442476242437003,1,0,0,0
6850,275,1,7,3.7617975019835463,0,0.7025542139339106,2,2,1,1
6851,349,2,7,1.5326534220611296,0,-0.01651429747151714,0,0,0,1
6852,506,1,3,-0.6005073152009333,1,-0.5026168832686801,1,0,0,0
6853,154,1,2,-0.7500840091891803,2,-1.760297474598606,1,2,0,0
6854,504,1,6,-0.7129681171559205,1,-1.0725105928772716,0,2,1,0
6855,838,1,9,0.16636569198882978,1,0.7343271807911981,0,1,0,1
6856,530,1,6,0.308132516326388,0,0.37818704343301607,2,2,0,0
6857,441,1,1,-0.7597194035723354,1,0.023601290532269024,5,1,1,1
6858,376,1,1,-0.7287508877389929,0,-0.3193091182292231,4,1,0,1
6859,679,1,3,-0.6105295380804541,0,-1.2417875386446828,1,0,0,0
6860,334,1,6,-0.4304532571687614,0,-0.31101762706032265,2,1,0,0
6861,869,1,3,1.5293655369957562,0,-0.021751032627414988,2,0,0,0
6862,886,1,4,-0.9805390059664796,2,-0.17935469847694158,0,0,0,0
6863,551,1,1,0.026164395208071803,0,1.0963494899841946,3,3,0,1
6864,497,1,4,1.0042523042827811,1,0.2760928247969172,2,2,1,0
6865,706,2,4,0.2991452172458831,0,0.6857790391973856,1,0,0,0
6866,718,1,6,-0.7593960680906728,2,1.1226134711230487,4,2,0,1
6867,338,2,5,-0.34910705121844415,1,-0.6627506293977852,1,0,1,0
6868,394,1,4,1.4444020731234442,0,0.019415124323116376,1,0,0,0
6869,235,2,6,-0.8827835863407365,0,0.44312334549217486,2,0,0,0
6870,581,1,11,3.4499484968228504,0,1.62296594011685,2,2,0,1
6871,633,1,3,-0.8501689554328246,1,-0.8444410591620921,2,3,0,0
6872,230,2,4,-0.8516004275729633,0,1.037121322348815,0,3,0,0
6873,408,2,8,0.6966668719518263,0,1.5760886323930627,1,1,1,1
6874,230,1,7,0.7845257267524003,0,0.17412583528089348,0,0,0,1
6875,320,1,7,-0.9685467757914452,0,0.546134007848733,1,1,0,1
6876,610,1,8,-0.8204246452304492,1,-0.8899957465343008,3,0,0,1
6877,353,1,5,2.009538830298885,0,-1.000331837955811,1,3,0,0
6878,439,2,5,-0.6746708616155365,2,0.18907335774903553,1,2,0,1
6879,174,1,4,-0.9953379507029698,0,1.7876588127682291,3,0,0,1
6880,537,1,4,-0.7097695239892826,0,0.713335194498307,1,2,0,0
6881,491,1,3,0.34451525524032695,0,1.1579064868683606,1,2,0,0
6882,354,1,3,1.516902518965914,0,-0.6886694921776418,1,0,1,0
6883,462,1,5,-0.8363786735088053,2,-1.1799360345693328,0,1,0,0
6884,536,2,3,-0.7493849981726989,0,0.9427579795810687,1,0,1,1
6885,337,1,6,-0.41535277867022297,0,1.8434220429440067,2,2,0,1
6886,204,2,3,0.39523495949810483,0,-1.0613566325711747,0,1,0,0
6887,861,1,2,0.08548926254049005,0,2.3318021788635592,0,2,0,1
6888,373,1,1,-0.6042803367500861,1,1.039135793621792,0,2,1,0
6889,480,1,5,-0.9380348641695521,0,0.568917168238878,1,0,0,0
6890,702,1,5,-0.7112429799075325,1,0.1774966296824625,2,0,0,1
6891,1205,2,3,-0.7557259311474706,2,0.6001489227297718,1,3,0,0
6892,251,1,7,-0.9862214272193627,2,1.0774876412250602,1,2,0,1
6893,589,1,3,2.745675000834318,1,-0.5789675275209247,1,0,0,0
6894,358,1,5,-0.7079552755674772,0,-0.7988963044123121,2,1,0,1
6895,392,1,4,0.8342401118753647,0,-0.447354323213416,0,0,1,0
6896,355,2,5,-0.3332098173399773,1,0.6999629970819956,2,0,0,0
6897,274,1,3,2.6393990237205944,0,-0.6658775495022184,3,0,0,1
6898,491,2,2,-0.8431022780141457,1,-0.29162298959170446,2,1,0,0
6899,205,1,1,-0.8885689748671473,1,-0.5018931652604063,2,3,0,1
6900,689,1,4,-1.0053554674412994,1,0.558778036362414,0,2,0,0
6901,511,1,1,0.2812278253721731,0,-1.6613674886258167,2,1,0,0
6902,584,2,4,-0.6357871067565956,1,1.5310354721769648,1,2,1,1
6903,406,2,3,1.0699990812581068,0,-0.7663724832981328,2,0,0,0
6904,426,1,6,0.013890617235559621,0,1.7369214450567891,1,4,0,1
6905,557,1,3,-0.13174021634690672,1,1.0570968383113688,2,0,0,0
6906,267,1,7,-0.3291940126927441,0,2.044510558781317,1,0,0,1
6907,428,1,3,-0.7041206531599705,1,-0.9907605309352869,2,1,0,0
6908,328,1,6,-0.939845185483746,0,0.7675732793271683,2,0,0,0
6909,321,1,4,-0.41163679385924284,0,0.7958602575926161,2,2,0,0
6910,78,1,5,-0.9016971597639356,1,1.7221444392624636,3,2,1,1
6911,767,1,4,1.3940931567863522,1,0.34922875189233243,2,2,0,0
6912,362,1,2,0.7903645891127445,2,1.6648906139264583,1,0,0,1
6913,732,2,2,-0.024385269687686922,2,1.2031001966589434,1,0,0,0
6914,713,1,6,-0.39528976261754306,0,0.3662935122522799,2,0,0,0
6915,242,2,6,-0.3920233140506347,2,0.4073128108810045,1,0,0,1
6916,282,1,3,-0.37260885650807596,0,-0.8511301700283995,1,1,0,0
6917,1012,1,3,0.3838261677158852,0,-0.7927060740688875,0,0,0,0
6918,850,1,4,-0.8706488250048554,1,-1.4086082659987733,1,0,1,0
6919,493,1,4,-0.23713203844102684,0,-0.1953060646316326,0,0,0,0
6920,551,1,3,0.6956203463242617,0,0.23894698561567043,0,1,0,1
6921,373,1,5,-0.28206344290490815,0,-0.6576760705783505,3,4,0,1
6922,586,2,2,-0.9937906261680773,0,-0.25486413054102885,2,0,0,0
6923,356,1,4,-0.7224407086866715,2,0.5693465150971082,3,0,0,1
6924,93,2,4,0.11538972025231214,1,0.9987331153452548,1,2,0,0
6925,235,1,5,1.7597610096193677,0,-0.29507380791799226,1,0,0,1
6926,504,1,7,1.2723866736810148,1,0.8706678769301397,3,2,0,1
6927,273,1,5,0.7516355147666447,2,0.6983541797412232,2,2,0,0
6928,486,2,4,2.0424012745488382,0,0.05555508666216038,2,0,0,0
6929,285,1,2,-0.6738624227221436,1,-0.970546903157196,2,2,1,0
6930,343,2,5,-0.9951752323666663,1,-1.1335182682594338,2,0,1,0
6931,670,1,5,-0.5628516321520347,1,0.08559753031917276,2,1,0,0
6932,549,2,4,-0.13275275217758115,2,0.389519431853727,1,2,0,1
6933,498,1,6,-0.6208834897588483,0,0.15097688645841326,2,2,0,1
6934,675,1,4,-0.9618805336738566,1,-0.639942558472097,2,0,0,0
6935,596,1,3,-0.2881469868147505,0,1.4094372186473016,0,0,0,0
6936,789,1,2,-0.7812931488333605,1,-1.0766154088921926,1,0,0,0
6937,408,1,6,0.31473410328024776,2,0.520208884616959,2,1,0,0
6938,414,1,7,-0.912833400251735,0,-0.8719133826777524,3,1,0,1
6939,239,1,2,2.21943946037168,0,0.3554247052855382,1,1,0,0
6940,414,1,3,1.1208754265583079,2,-1.1498511837303689,2,0,0,0
6941,692,1,5,1.0978281835212755,2,-0.20973025154825153,0,0,1,0
6942,759,1,5,0.578921249064437,2,0.2806923989501636,1,3,0,0
6943,692,1,2,0.0132920882057837,2,-0.23801733430233762,1,2,0,0
6944,141,0,3,-0.9520159969707699,1,-1.3140126208432892,4,0,0,1
6945,716,2,5,0.09666247567207527,2,1.414869491118211,4,1,1,1
6946,132,1,5,0.3896935492305946,2,-0.6143756272260334,1,0,0,1
6947,679,0,7,-0.8652629577728986,0,0.6102704474089699,0,0,0,1
6948,426,1,5,-0.03504277382540067,2,-1.424871857175538,1,2,0,0
6949,640,1,6,-0.3449762772276473,1,-0.3460718793731357,2,0,1,0
6950,233,1,1,-0.3574409839661173,0,-0.691009428094878,2,0,0,0
6951,734,2,2,-0.7815906523540368,1,1.3398270527324188,1,2,0,0
6952,207,1,6,0.3600319875455418,0,-1.622906934609517,2,2,0,0
6953,366,2,2,1.6283551271759016,2,-0.8182693161465183,3,0,0,1
6954,300,2,5,0.5688669027535361,2,-1.2666905093199452,1,0,0,0
6955,149,1,4,-0.539494566821646,2,1.00787484903795,1,0,0,0
6956,518,1,9,3.2092942525895465,0,0.15145285540563944,3,0,0,1
6957,861,1,5,-0.5473016807816781,1,0.04635053728680407,1,0,0,0
6958,1033,1,4,-0.7361725977068513,0,0.3820859911626232,0,0,0,0
6959,519,1,3,2.495662893851642,1,2.3581832935094513,4,2,1,1
6960,723,1,3,0.5785625944938242,1,0.20471551603997956,2,0,0,0
6961,546,1,5,0.4489239639947562,0,-0.9284710991249261,0,2,0,1
6962,599,1,8,-0.9258923318741835,0,-0.28077411348583886,1,0,0,1
6963,431,1,5,-0.7909978236661701,1,-0.8013126694981191,2,0,1,0
6964,539,1,5,-0.9888526195504438,0,1.9215495214093172,3,1,0,1
6965,607,1,4,0.5167614109840227,0,-0.48129324020811154,1,3,0,0
6966,384,1,6,-0.6762253958904689,2,-0.6339596675051974,2,0,0,0
6967,484,1,5,-0.8636188187860413,1,-0.796718121699114,0,0,0,0
6968,488,2,1,-0.8036732568389902,1,-0.33508173283980425,3,2,1,1
6969,665,1,4,0.034447562307088106,2,-0.3371831327764972,2,0,0,0
6970,286,1,2,-0.43068163216830674,0,1.610419365368357,3,2,0,1
6971,489,2,5,1.8775701679262602,1,-0.6996889932328172,1,0,0,0
6972,882,1,2,-0.5445445002344727,2,-1.439130927952872,3,0,0,1
6973,732,2,5,0.8178182946951522,0,-1.4391440519455965,2,4,0,1
6974,769,1,7,-0.203670405232083,0,-0.9564876656529915,0,2,0,1
6975,504,2,2,0.23497445233797518,0,1.2676082503965123,1,0,0,0
6976,564,2,4,-0.8199899850426883,2,1.1587517099753635,2,2,0,1
6977,700,1,2,0.3979953024010792,1,-1.5459966744278566,1,0,0,0
6978,812,1,6,-0.9167857651804059,0,0.817277686641617,2,0,0,0
6979,109,2,2,0.1870171417138851,0,0.48000078954083103,1,2,0,0
6980,236,2,5,-0.3707029067640342,0,0.6419284886402565,2,0,0,0
6981,761,2,5,-0.7439778432504932,1,-0.03730472244220257,1,0,0,1
6982,444,1,3,-0.34200605896358016,2,0.3613167560032587,1,0,0,0
6983,365,2,3,0.960920920452037,0,1.969338263017199,3,0,0,1
6984,249,1,2,-0.836905121287591,0,0.004801027358862927,1,0,1,0
6985,388,1,4,-0.818807885019991,0,0.5424278782785469,2,2,0,0
6986,219,1,5,-0.2312529124511913,0,-0.9734588408704178,1,0,0,0
6987,918,1,1,-0.00958437081717697,1,-0.5974446568812355,2,2,0,0
6988,495,1,5,-0.4534783241059757,1,0.34449909945147733,0,2,0,1
6989,488,1,1,-0.6927891030946104,2,0.5684104719302261,2,0,0,0
6990,617,1,8,-0.9371190999241485,1,-0.03932787055971332,2,1,1,1
6991,692,1,4,-0.9559152846404249,0,-0.8810723947637593,1,3,0,0
6992,689,2,3,-0.9654748084918817,1,1.8041008963725225,2,0,0,1
6993,714,1,4,1.3471995156097096,2,-0.7717042402404986,2,1,0,0
6994,373,1,3,-0.8646341019993578,1,0.11565615329149782,1,0,0,0
6995,440,1,4,-0.6521551145685831,1,-0.6752004322876352,1,2,0,0
6996,653,1,7,3.3259777121418215,1,1.981460547381505,2,1,0,1
6997,394,1,3,1.6607897547936343,2,-1.780398896446983,3,2,1,1
6998,498,1,6,-0.9633074235456204,2,-1.4079138369588744,1,0,0,0
6999,579,1,3,-0.19285189720562873,0,-0.612668432976716,0,4,0,0
7000,657,0,3,0.01304007866499947,2,1.9313116207662377,1,1,1,1
7001,144,1,2,-0.9512796069597976,0,-0.5083822006385957,3,0,0,1
7002,642,1,2,0.3168076869074552,2,0.06375146740245226,2,0,0,0
7003,453,1,4,3.479597514979711,2,1.696343399923826,3,0,1,1
7004,641,1,6,-0.43724625136928646,1,0.05945288909364752,0,0,0,0
7005,655,1,3,-0.40088792823429636,1,-0.28599637004647216,1,0,1,0
7006,821,1,4,0.08742770714317721,0,-0.8937873640862659,1,0,0,1
7007,770,1,4,0.3487894877167042,0,-0.851390798291198,1,0,0,0
7008,769,1,2,0.5783487270750389,1,1.102225457941037,1,0,0,0
7009,788,1,6,-0.9257292673804468,0,0.7716625133732318,1,0,0,1
7010,558,1,5,0.6325839558777322,2,-1.6381194407366924,2,0,0,0
7011,506,2,2,1.0218800691875964,0,2.5908738652043732,1,1,0,1
7012,674,1,4,-0.9607908333649602,1,-0.2513216456478738,2,1,0,1
7013,646,1,6,-0.9672600776065329,1,-1.2524277857519472,1,0,0,0
7014,438,1,5,-0.1936972048060798,1,-0.0913878905189378,4,0,0,1
7015,580,0,6,-0.30934791815813867,1,0.11266018692361093,2,0,0,1
7016,492,2,9,2.975933170379842,1,0.11784241443772978,1,0,0,1
7017,329,1,5,-0.6531963171878037,0,1.455019730314122,2,0,0,0
7018,758,2,3,-0.10053460933463974,2,-1.008850375335493,1,1,0,0
7019,511,1,3,-0.2892067069500082,1,0.9262412146799177,5,0,0,1
7020,909,0,6,-0.2274567104931812,0,-1.4028388760132393,1,2,0,0
7021,174,1,6,0.08838785340030225,1,-0.8664691011611332,2,0,0,0
7022,388,1,4,-0.22337008829803626,1,0.6953801366880351,2,0,0,0
7023,506,1,5,-1.000775712484348,0,2.23255822231171,1,0,0,1
7024,727,1,7,0.8798941580660091,2,-1.2194758797248493,1,0,0,1
7025,579,1,3,-0.7794384619873409,0,-0.031653004421545,1,0,0,0
7026,562,1,5,-0.7405066348052738,1,-1.6041014170670347,1,1,0,0
7027,274,1,5,0.05402265903275726,0,-1.4262519795337512,1,1,0,0
7028,268,1,2,-0.3471516765724341,1,-1.296626991345552,3,0,0,1
7029,564,1,3,-0.1388205648682183,1,1.1717944369002435,1,0,0,0
7030,227,2,2,-0.307947578521846,0,-0.02569244494308119,1,0,0,0
7031,393,2,6,-0.4575699044326309,0,-0.6531049749827409,2,2,0,0
7032,600,0,4,-0.3362835151141182,1,-1.059006723794314,2,0,0,0
7033,303,2,13,-0.8531791026643697,1,0.49578155282207353,0,0,0,1
7034,821,1,1,2.5353426071794534,0,-0.003058400838341447,0,0,0,0
7035,744,1,3,-0.13817068456635273,0,0.6631639067750801,1,0,0,0
7036,185,1,5,-0.6640706967850557,2,0.727288223206025,2,0,1,0
7037,313,1,5,0.26117266335413564,1,-0.7776990216908601,2,0,0,0
7038,64,1,4,1.1495284704598396,0,1.2266564689797448,2,1,0,1
7039,343,2,4,-0.6502136882466865,2,-1.3937757314148398,1,0,0,0
7040,653,1,7,-0.6088407884290706,2,0.49209978127936915,2,1,0,1
7041,417,2,3,-0.42077025355786574,0,0.8198419873699194,2,0,0,0
7042,592,1,4,-0.7586846747140034,2,-0.5558043916572627,0,0,0,0
7043,195,2,2,0.680112142424988,0,1.0893705190212586,2,0,0,0
7044,659,1,5,-0.11537511247557132,0,-0.523230946688707,2,2,0,1
7045,388,1,7,-0.9481237537218984,0,-0.12235703281798349,2,4,0,1
7046,502,0,2,4.804857986997203,0,-0.4414298668982453,3,2,0,1
7047,481,1,2,-0.1376449823342078,1,0.8821279777237426,0,2,1,0
7048,245,1,1,1.2365382333482546,1,-1.1864683312060536,2,0,0,0
7049,269,1,8,-0.2995756957215969,0,0.2127347264911701,1,0,0,1
7050,693,1,2,-0.11959096493821551,0,-0.47712988605822565,2,1,1,0
7051,579,1,3,-0.3915016942758248,1,1.0616096621450979,0,1,1,0
7052,710,1,2,-0.44897592898778876,1,0.049108404084402923,0,0,0,0
7053,564,1,6,-0.7573653134755032,0,0.6520325765218268,0,0,0,0
7054,528,1,6,2.321513625354543,2,0.5195028460329342,1,0,0,0
7055,154,1,5,-0.8038223822441402,1,0.6276189469006385,0,0,0,0
7056,445,2,4,-0.24769158330179053,0,0.9516193188625751,1,2,0,1
7057,494,2,5,-0.9151810373383789,1,-0.8368302463137404,1,2,0,0
7058,890,1,2,4.095056790162036,0,0.22458139976482974,1,0,0,1
7059,637,1,9,-0.1828005172647155,0,-0.734355261788387,0,0,0,1
7060,807,1,3,0.7060795459356772,1,0.17067237041812494,2,0,0,0
7061,619,2,3,-0.16606216245230412,0,0.8225250127557443,1,0,0,0
7062,357,2,3,0.6547479352813224,1,-1.321702952113232,3,0,0,1
7063,523,2,2,-0.2303518058329087,0,-1.0218711792590944,2,0,0,0
7064,547,1,1,-0.4090628395210691,1,0.005415694296290825,2,0,0,0
7065,312,1,8,-0.3888310480326826,0,-0.40331010325579353,0,1,0,1
7066,423,1,2,-1.0054771845100932,0,-1.4822260528301188,3,0,0,1
7067,458,1,5,-0.5368754452883808,0,-0.8103861925438894,4,0,1,1
7068,821,1,1,2.079391192167681,1,-0.9589757635034961,0,0,0,0
7069,83,1,4,0.13707781768344052,2,-1.2829616763409177,3,0,0,1
7070,741,2,3,1.552400618788966,0,-1.6745686700683455,1,2,0,0
7071,312,1,3,-0.7805733128219567,0,-0.06792862575240607,1,0,0,0
7072,225,2,5,-0.32069715145920985,0,0.21849375114559316,2,0,0,0
7073,735,1,5,-0.9721735171092919,1,-1.4184443056636802,1,1,0,0
7074,646,2,6,0.14171355249753767,2,0.5621329880525635,0,1,0,0
7075,750,0,3,0.5508751527194083,2,0.37829032559913145,2,0,1,0
7076,660,2,1,0.3932126336223847,0,-1.3009355671399863,2,0,1,0
7077,911,2,2,-0.9155451267851115,2,1.0152715559580057,2,0,0,0
7078,611,2,2,-0.718613175125236,0,-0.2000867114386414,2,1,1,0
7079,468,1,2,0.0769734069307145,2,0.11120965087215445,2,2,0,0
7080,568,1,5,0.4393711367847083,2,-1.444110475458688,0,0,0,0
7081,748,1,7,-0.6818919886875083,0,0.5117801950097653,2,1,0,1
7082,344,2,2,-0.47767464673452437,0,-0.9614093033308967,1,0,0,0
7083,369,0,5,-0.5677368895027741,0,0.2106209133254778,2,0,0,0
7084,438,1,6,-1.0032100123789538,0,1.7416597942877219,3,0,1,1
7085,79,1,5,-0.13394924938896588,0,0.06719012961111336,2,4,0,1
7086,527,1,7,0.11701178033206443,1,-1.3769220605321864,2,0,0,1
7087,122,0,4,-0.6787689603331055,1,-0.5616774471506635,0,3,1,0
7088,510,1,4,0.17608831474819708,0,-1.6121942895251662,1,1,1,0
7089,673,1,4,-0.7250521401914649,0,-1.450620228471618,1,0,0,0
7090,404,1,5,0.2707456965379787,2,-0.7091804394162499,3,0,1,1
7091,835,1,6,-0.3864324555632543,0,-0.18489320842081255,2,2,0,0
7092,207,1,1,1.0824701881081855,1,1.3640906673899078,1,0,0,0
7093,738,1,10,-0.20754399117849606,1,-0.473681154908542,2,0,0,1
7094,635,2,4,-0.8002340749515245,1,2.447326603955128,1,4,0,1
7095,156,1,2,0.7476640614240236,0,-0.06964903252550525,0,0,0,1
7096,1042,1,3,0.521459536584451,0,-0.7452510640027533,2,0,0,0
7097,487,2,3,-0.9183720729563274,1,-0.19206164409936696,1,0,0,1
7098,324,0,6,-0.9577893381318743,2,0.4229866858476765,1,0,0,0
7099,218,0,4,-0.858840585886196,2,-0.07181489212283983,1,0,0,0
7100,455,1,2,0.890391663411921,0,-0.3884503694796971,1,3,0,0
7101,474,0,4,-0.6150389619834036,0,-1.6190404024560565,4,0,0,1
7102,520,1,4,-0.2931612086971344,0,-1.3124840915212799,0,4,0,1
7103,440,2,3,-0.06834546535348793,2,0.6558824316423395,4,1,0,1
7104,626,1,6,0.37593828261458406,0,-0.37157548546606134,2,0,0,0
7105,422,1,2,0.7941031693491386,1,0.030776827465972323,1,0,0,0
7106,113,1,2,-0.27007632782897056,0,0.5797306887075435,0,0,0,0
7107,470,1,3,-0.46123759360125993,2,-0.8425084341128836,1,0,0,0
7108,64,2,4,-0.7860535912906544,0,0.19275798646234504,1,2,0,0
7109,570,1,2,-0.056612107813766264,1,0.12620449555317106,1,2,0,0
7110,304,1,3,-0.19598969897667365,1,0.25870970034376956,3,0,0,1
7111,532,1,1,-0.6578575803406412,0,0.1584630659960948,1,0,0,0
7112,762,1,1,-0.4068079881500352,0,-0.40657375208432645,0,0,0,0
7113,310,0,3,0.3608631341332439,2,0.42166234329581387,3,1,0,1
7114,712,2,2,-0.004617774358875259,1,1.299812835765687,2,0,0,0
7115,413,0,7,-0.33935305088810136,1,-0.8577545500600512,0,2,0,1
7116,850,1,4,-0.6845428279884765,2,-1.258796053959303,0,1,0,1
7117,426,1,3,0.11361031252779782,0,-1.4342480819701204,4,0,0,1
7118,331,1,5,-0.0030402620790949296,2,0.8658829274583018,3,2,0,1
7119,637,1,4,-0.3844703870699055,1,-0.16885778491384706,3,2,0,1
7120,412,1,1,-0.7307107618995993,1,-0.8549818186347501,0,0,0,0
7121,331,2,6,-0.8123568804177752,0,-0.17302375532326,0,1,0,0
7122,404,1,3,-0.586173242982106,2,-0.2517343126398374,4,2,1,1
7123,491,1,4,1.4268057491163877,0,-0.5417545556190299,4,2,0,1
7124,768,1,5,0.41805443260377234,0,0.7068096133908663,1,2,0,0
7125,113,1,2,1.2470667751226365,1,1.4439056798188463,2,0,0,0
7126,504,2,5,0.8726878529886577,1,-1.2273817936904718,2,3,0,0
7127,624,1,5,-0.38325123725937515,0,1.0448477839651353,4,0,0,1
7128,538,1,4,-0.23898200098725253,2,-0.07569210911838119,2,1,0,0
7129,761,1,4,-0.8188573028133074,0,-0.5442726977131311,1,2,0,0
7130,485,2,4,0.2900261110182142,0,1.0681031112154782,2,0,0,0
7131,463,2,6,-0.4504054901227454,0,-1.4414548118488852,1,3,0,1
7132,618,1,2,-0.8289933027384161,1,-1.4453621420242018,1,0,0,0
7133,519,1,8,-0.9059387912511039,2,-0.7999053150260932,1,2,0,1
7134,421,1,4,0.2036609572892638,2,0.07339403636884138,3,2,0,1
7135,603,1,6,-0.338445509401535,1,0.6140111761673842,1,2,0,0
7136,369,0,1,-0.9986730717206176,1,-1.2279146578299966,2,2,0,0
7137,377,0,4,0.7620762457806078,1,-1.0127922300936778,4,0,0,1
7138,394,2,1,-0.025184909181071417,1,0.03981409036478815,1,2,1,0
7139,770,1,2,-0.9680627433158855,2,0.06462176582106406,2,2,0,1
7140,64,0,8,-0.6382643071330892,0,-0.7899734120175871,0,1,0,1
7141,579,1,4,0.29562939318074366,0,-0.24408695295491878,3,2,0,1
7142,506,2,7,-0.9459801921930269,0,0.5772411958780606,2,0,0,1
7143,163,1,7,0.34767249238564124,0,-1.419226140817179,1,2,1,1
7144,561,1,7,-0.2928658483855781,2,-0.238134924460181,0,2,0,1
7145,595,1,4,0.5454325418350949,1,-0.5774382495454813,0,4,0,1
7146,617,1,4,0.957816430080139,0,-0.5003368029204016,3,0,0,1
7147,64,1,5,0.477060175198561,0,-0.09181026605077236,1,0,0,0
7148,773,2,4,-0.9251832393097067,2,0.6164602612697603,2,1,1,0
7149,352,1,2,-0.3804450124193543,1,-1.061936365029451,1,2,0,0
7150,637,1,8,-0.6175007470425938,0,0.662703520597713,3,0,1,1
7151,648,1,4,-0.28544922423448116,0,-1.4141635395946253,1,2,1,0
7152,324,1,3,2.4254009339252445,0,1.1566924460502461,3,0,0,1
7153,632,0,7,-0.8727521416989591,1,0.36263640989344026,1,0,0,1
7154,422,1,7,1.0333507327689344,1,0.08154955107330283,0,0,0,1
7155,85,1,5,3.766691926961667,0,-1.2766637515059138,1,2,0,0
7156,733,2,1,3.678232461177904,0,1.6303255149925964,2,0,0,1
7157,344,2,7,0.6123760310444638,0,-1.3505290331208657,3,2,0,1
7158,329,1,3,-0.37058324599200754,1,-0.8898572643733681,1,2,0,0
7159,419,2,4,-0.8084986314671277,2,1.103778198991086,0,1,0,0
7160,554,1,2,-0.05481538044802351,2,0.7988664135890373,1,0,1,0
7161,488,2,3,-0.04919350980098517,1,2.1242065015971754,3,0,0,1
7162,609,1,4,-0.6209303101622372,2,0.8803816961474119,1,0,0,0
7163,232,0,5,-0.032216662436821177,0,0.589115859120238,1,0,0,0
7164,351,1,7,-0.8818288151095754,0,-0.6166016916555613,2,2,0,1
7165,476,1,3,0.014456167269591255,0,-0.0005366015051688674,1,3,0,0
7166,879,1,4,1.301263966457458,0,0.13666174152676827,2,3,0,0
7167,477,1,2,-0.3581660612781376,2,0.7325744569212309,0,0,0,0
7168,717,2,2,0.46316119978315207,2,-0.050215865809273924,1,0,0,1
7169,507,1,4,0.019002033541837618,0,0.45199273302097775,0,1,1,1
7170,403,1,4,-1.0047422989578185,0,0.4967627045787226,2,2,0,0
7171,450,1,3,-0.8755335544262716,0,-0.5197845892576822,2,0,1,0
7172,466,1,4,0.5085351755941374,1,-1.118484005533813,0,0,0,0
7173,620,0,7,-0.9658640765467884,0,-0.535342238072339,0,0,0,1
7174,774,1,5,2.1748149760683817,0,-0.9592267905330775,1,0,0,0
7175,571,1,4,1.2755320189262205,2,-0.2829754579140127,2,1,0,0
7176,737,2,4,-0.5501695364166045,2,-0.4968024271858785,1,1,0,0
7177,307,2,3,-0.6298935768387309,0,-0.8341648165897904,2,0,0,0
7178,417,1,4,-0.042491143114421474,0,-0.28341232778448466,1,0,0,1
7179,355,1,2,-0.045480094101646884,0,-0.9050702452957174,2,0,0,0
7180,562,2,2,-0.9130214160101884,1,0.1154992564080949,1,3,0,0
7181,428,2,3,-0.7611559287521091,0,-0.32207283371418477,1,0,0,0
7182,645,2,2,0.02131043491445659,0,0.6688609359006665,2,0,0,0
7183,313,0,7,0.6330005614804113,2,0.6043814116036831,2,1,1,1
7184,508,2,6,-0.7910243962456329,0,-0.5926565580462462,1,2,0,0
7185,637,2,6,0.2232533266283903,0,-0.4511222388707591,1,0,0,0
7186,86,0,5,1.070943339437054,2,0.7684756987988814,3,0,0,1
7187,924,1,5,-0.8803795358847879,1,2.733691676832768,0,1,0,1
7188,443,1,2,-0.4197649177718884,1,0.9076267472485096,1,1,0,0
7189,94,1,4,0.9254460244719125,0,-0.9247348814173225,1,2,0,0
7190,531,1,3,-0.5369207819708881,2,-1.3595180801782696,1,1,0,1
7191,506,2,9,-0.6885312066482865,0,-0.6292119315729742,3,2,0,1
7192,483,2,2,0.3844321910108871,0,-1.5608777476125555,0,4,0,0
7193,698,2,3,-0.48698998843306374,0,-0.6092148505162093,3,4,0,1
7194,649,0,8,0.23830831888611334,2,-0.2445657133220896,1,1,0,1
7195,559,1,7,-0.8704321365289717,2,-1.13513050628764,0,2,0,1
7196,590,2,6,-0.18774543405310684,1,-0.6564440426116116,1,0,0,1
7197,479,1,6,-0.5225437099623977,2,-1.282677786662847,1,1,1,0
7198,855,1,1,5.009609217158546,0,1.759177692905404,1,2,1,1
7199,204,1,4,-0.09757325521574889,0,0.7362550990387615,1,1,0,1
7200,527,2,2,0.15794571360652077,0,1.7805316431492837,1,4,0,1
7201,513,1,4,-0.86501110477252,0,1.1561219330642667,2,4,0,1
7202,662,2,4,3.899044953148329,1,-0.6702266916530186,2,0,0,1
7203,331,1,2,-0.9541890699676527,0,0.35465988227246537,2,0,0,0
7204,151,1,5,-0.933137436021252,0,-0.1069389627322642,2,2,0,0
7205,531,1,4,-0.9277611100505758,1,1.8611805671422212,2,1,0,1
7206,556,1,1,1.0719284455895672,0,0.2061935422685229,4,2,0,1
7207,797,0,2,0.3185419471759342,0,0.6362409058667687,1,0,0,0
7208,245,1,4,2.6677678616685077,0,0.6808970645597787,0,1,0,0
7209,730,0,2,-0.9378076903413275,1,-1.0597708777495995,2,0,1,0
7210,973,0,2,0.18884384804104024,2,0.18183400025844199,1,0,0,1
7211,424,0,6,-0.2328405049568123,2,0.3627597006987321,1,0,1,0
7212,241,1,1,0.028806959251415565,0,0.6091852654905173,3,0,0,1
7213,418,0,2,-0.2762531902298097,1,-0.18031051995507402,1,0,1,0
7214,502,1,5,0.1363573612250152,0,1.5108555580600365,0,2,0,0
7215,612,1,4,1.4085226948099336,0,-0.03497991763306742,0,0,0,0
7216,381,1,5,-0.10727814864217594,1,-0.15175846711820257,2,0,0,0
7217,811,2,10,1.2982499278409663,1,2.6481861649895744,2,0,1,1
7218,277,1,1,0.5421819810479461,0,-1.0204066027357668,1,2,0,0
7219,152,1,1,1.0282609064050174,0,0.21177725795795665,1,2,0,0
7220,721,1,6,0.08714106844494883,0,-1.7690326667034117,2,0,0,0
7221,64,1,5,-0.26430313186695836,0,-0.7521561466443747,0,1,0,0
7222,459,1,5,-0.9345401047357238,0,0.9637086856986111,0,1,0,0
7223,1123,2,6,0.8241324879853612,2,1.1714246011019298,0,4,0,1
7224,497,1,6,-0.7260429680703456,0,-0.5532614284512013,0,0,0,0
7225,275,2,5,-0.9698754753021388,0,-1.5386822638682318,1,2,0,0
7226,488,1,5,-0.2633193540278699,0,-0.859635209134297,1,0,0,0
7227,489,0,4,0.010316180057466451,1,0.504467733210922,1,0,0,0
7228,532,1,8,0.09487290366062481,1,-0.13189712724293068,2,1,0,1
7229,632,1,2,0.11886705700939253,0,1.9483407724040598,1,2,0,1
7230,292,1,4,0.07077180893728684,0,1.0334686247300953,1,0,1,0
7231,837,1,4,0.6716124769219802,1,2.451339466874332,4,1,0,1
7232,549,2,4,0.48410544640409586,0,-0.8692868351324081,0,1,0,0
7233,645,1,2,0.6965294322175473,0,-1.6202435667768165,2,3,0,0
7234,374,2,2,-0.380654872116468,0,-0.2201884345021629,3,0,0,1
7235,757,2,4,-0.9418764188284822,2,0.8696387539625351,0,0,0,0
7236,448,1,3,0.030048059301767283,0,-0.6017668800050745,2,4,0,1
7237,555,1,2,-0.767836958840844,0,0.180902742842402,3,0,0,1
7238,313,1,6,0.9883740971395129,1,-0.5401511038738679,0,2,0,0
7239,300,1,4,0.2929218353139535,1,2.273080746382283,2,3,0,1
7240,637,1,3,0.46882276236710546,0,-0.7711589411252173,2,0,0,0
7241,411,0,4,-0.6646335402952314,2,-0.46860774037648595,0,0,0,0
7242,329,1,5,0.011807586391185747,0,0.40006074170438805,0,0,0,0
7243,371,1,5,-0.24407796239404753,2,-0.6866275961152737,1,0,0,1
7244,639,1,4,-0.689930083203482,1,0.18948923116174535,2,0,0,0
7245,374,1,3,0.6932286567601973,2,-1.1551948819108957,1,4,0,1
7246,476,2,4,-0.1958058526298805,0,-0.7502623812729471,2,0,0,0
7247,503,2,3,-0.7925517043230021,0,0.3935809964461445,2,1,0,0
7248,116,2,4,-0.6374414683768532,0,-0.7510264859557009,0,0,0,0
7249,205,2,4,-0.7458464696732039,0,-0.46646734785723615,0,0,0,0
7250,567,1,1,-0.6269158223050463,0,-0.7680203008358605,1,0,0,0
7251,352,1,4,-0.7958382527232395,0,-0.8245565771207899,1,2,0,0
7252,711,1,3,-0.5360930368346503,0,-0.42097913310568624,2,0,1,0
7253,693,2,6,0.19648444249104863,0,-0.16152597690602657,2,2,1,0
7254,643,2,7,2.248353457225296,2,-0.6785932058190652,2,2,0,1
7255,863,1,6,-0.7674230913043215,1,0.18481399917890332,2,0,1,0
7256,483,1,3,-0.645341706218308,0,0.9574240120899115,3,1,0,1
7257,629,1,3,-1.00567083476752,1,-1.1752885928093944,2,0,0,0
7258,383,0,2,-0.7482160877591469,1,1.4302709569603584,2,1,0,0
7259,990,1,3,-0.45653991484177187,0,-0.7047306866484657,2,0,1,0
7260,896,2,6,-0.3778710618822432,0,-1.1497506455478828,2,4,0,1
7261,502,1,7,-0.6928738192786086,2,-0.4288402666192194,3,0,1,1
7262,577,1,4,-0.8421811664651001,1,-0.380728586846465,0,2,0,0
7263,771,2,5,-0.16573431046919598,0,-0.6173201650312782,1,0,0,0
7264,470,1,5,-0.4726119662017976,0,-0.41605069108121684,0,0,1,0
7265,368,2,3,-0.4427810950917388,1,-0.2531335307588047,3,0,0,1
7266,674,2,8,1.2842536223658105,0,1.5673088742088317,1,0,0,1
7267,515,1,6,-0.16951417769829613,0,0.2561209810948113,2,4,0,1
7268,536,2,3,-0.5078863263960206,0,0.29811835294084055,2,0,0,0
7269,333,1,1,-0.710113462334621,0,-1.5227108037618406,0,2,0,0
7270,156,1,2,-0.43863892178695985,1,0.3123197921866385,0,0,1,0
7271,547,2,4,1.0055095279131676,0,-1.6920161834783927,0,0,0,0
7272,680,1,3,2.4047373855062473,1,0.13774395174388832,1,2,1,1
7273,454,1,4,-0.526192338223275,2,0.6506859070703028,3,0,0,1
7274,787,2,7,-0.7694230750565841,2,-1.2112152458650123,2,4,0,1
7275,359,1,4,1.4936299289063317,0,-0.7036018799495666,1,4,0,1
7276,289,2,5,-0.8492025355372056,0,0.03804132678953398,1,0,1,0
7277,486,2,7,-0.6488862540328019,1,2.0322944482291088,2,0,0,1
7278,483,1,3,-0.7756225061546387,0,-0.8026735686039691,3,2,0,1
7279,653,1,4,-0.15928951314779816,2,1.4735233356565152,2,0,0,1
7280,345,1,6,-0.47355506940245473,2,-1.3529667051630976,3,2,0,1
7281,773,1,3,-0.6635723381502544,2,-0.3457791007366577,0,0,0,0
7282,893,2,4,0.4778034996359295,1,-0.5802136403673802,4,0,1,1
7283,492,2,1,0.10176959595507575,1,0.14239910269977002,1,0,1,0
7284,749,1,4,4.49074308737639,1,-0.7155908487333544,1,2,0,0
7285,288,1,3,-0.6275246381159915,0,-1.4859929928032005,2,1,1,0
7286,715,0,3,0.8901681695105501,2,0.8024986647711642,2,0,0,1
7287,709,1,4,-0.6414443176341071,0,0.17981942704709428,1,4,0,1
7288,672,2,4,-0.99863000030433,2,1.2048338115535133,2,4,0,1
7289,496,2,3,-0.8414929805238738,2,1.3381976007940837,3,2,0,1
7290,64,1,2,-0.2854945379601307,0,-1.0929987741432456,2,0,1,0
7291,371,1,1,0.6812943483905828,0,-0.6849058650796097,2,1,0,0
7292,374,2,6,-0.94772665066046,2,-0.37485902940542654,2,0,0,0
7293,304,1,4,0.8064955449763791,2,-1.0282341941871618,0,1,0,0
7294,524,1,3,0.27269256964458116,2,2.3798768020883254,2,1,0,1
7295,416,2,3,-0.9721343793341475,2,-1.0084518232346193,0,2,1,0
7296,335,2,3,-0.8935629422385908,2,-0.5651735872663247,3,0,1,1
7297,288,1,4,-0.9278769905524145,2,0.43692422803376363,1,2,1,0
7298,356,1,1,0.14784445863970877,0,-1.1254310142687203,1,1,1,0
7299,724,1,7,-0.17047226485939107,0,-1.5315415102797794,2,2,1,1
7300,367,1,2,-0.5557635904754529,1,-1.4844458167985666,1,2,0,0
7301,397,1,7,-0.9138267778088773,0,1.101174784942515,1,1,0,1
7302,408,1,7,-0.5001378434872505,1,-1.2073906988733796,0,0,0,1
7303,567,1,3,0.15797051649854152,1,-0.7009195291096614,2,1,0,0
7304,591,1,5,-0.9081210265362069,2,-1.40556526812765,0,0,0,0
7305,64,1,4,0.967331775828999,0,-0.8855815071007321,2,0,0,1
7306,704,1,2,-0.9417788801110033,1,-0.4925099891208439,0,2,0,0
7307,787,1,6,-0.05486552284612192,2,-0.1547978365342467,0,0,0,0
7308,289,1,4,-0.7946116046953148,0,2.0112397477162802,2,1,0,1
7309,305,2,3,-0.9101071304257975,1,0.21461999853308245,1,2,0,0
7310,409,1,5,-0.5619108049152589,1,-1.0176788283134477,1,2,0,0
7311,348,1,1,0.11031841011403792,0,0.8326641478380338,1,1,0,0
7312,544,2,5,-0.8766282189394208,0,-0.6708284442490551,2,4,0,1
7313,110,1,4,-0.35114467103383007,1,-0.5778108346651628,1,0,0,0
7314,276,2,9,-0.47790403583061425,0,-0.15229086361359415,0,1,0,1
7315,807,1,2,-0.44067223438068537,0,0.03544598855027961,2,0,0,1
7316,314,1,3,1.913252941750774,2,0.8244552121187784,2,0,0,0
7317,748,1,8,-0.5712367441492744,0,1.012006564712791,0,2,0,1
7318,571,1,4,3.8568333851421603,2,-1.5006840191144664,1,0,0,0
7319,138,1,6,-0.22161734146693007,0,1.7152845881069905,2,0,0,1
7320,627,1,4,0.8719250094567745,0,-1.2855822631066558,1,2,0,0
7321,476,1,3,-0.5714953949346423,1,-0.9276729842392584,1,2,0,1
7322,408,2,8,-0.9177658864052528,0,0.14685320382331665,1,4,0,1
7323,548,1,3,-0.9181771758282922,0,1.5769933604407649,3,2,0,1
7324,594,1,4,-0.13961063721186054,2,-0.8940061215914545,1,2,0,0
7325,641,1,4,1.6956122372191054,1,-1.207806428486119,2,0,1,0
7326,735,1,5,-0.932716850913329,0,0.9737880119033306,1,1,0,0
7327,581,2,4,0.18043931137852928,0,-0.976722367515393,1,2,0,0
7328,224,1,7,-0.16531202475667692,1,-0.963846650792281,3,0,0,1
7329,405,1,6,0.06645805610595848,1,-0.17601483291992098,0,0,0,0
7330,1088,2,6,-0.7609546251876057,0,-0.9228822741230944,0,0,1,0
7331,644,2,7,-0.9334965837431548,1,0.027873065385045973,2,0,0,1
7332,973,1,4,-0.9288686872324889,0,0.3150969103287334,0,3,0,0
7333,779,1,7,-0.7196978161687286,0,-0.9094229024023673,1,2,0,1
7334,548,1,7,-0.7634172698334856,0,-0.04054290555251607,1,1,0,1
7335,560,1,5,-0.8704712487988796,0,-1.002539990360112,1,2,1,0
7336,492,1,1,-0.6951566176688885,0,0.9633377112207974,2,0,0,1
7337,152,1,2,-0.23130431916959915,1,-0.715958361261928,2,0,0,0
7338,503,2,9,2.0292142427898496,0,0.08689691990518258,0,0,0,1
7339,742,1,4,1.5902828674533227,1,-0.38438286216556533,2,0,1,0
7340,380,1,2,-0.6853850248270968,1,-1.141845033316839,3,0,1,1
7341,582,1,1,-0.9381895700341044,2,0.5966090529877176,1,0,0,0
7342,670,1,2,4.5187971117006125,0,0.8189103489306461,0,1,0,0
7343,318,1,3,-0.3497644208426441,2,-0.4982400403928779,1,2,0,0
7344,409,1,5,2.8880786407723096,0,-0.6746061293224478,0,0,0,0
7345,296,1,4,-0.2232666440795211,1,0.6710582351624609,3,2,0,1
7346,335,1,3,1.204022666610821,1,-0.7959079416235768,1,0,0,0
7347,242,1,2,-0.40493816164704055,1,0.41151216905642574,0,2,0,0
7348,319,1,4,-0.018317407596651153,2,0.7684133045346059,1,1,0,0
7349,783,1,2,-0.22744139025920815,0,0.08602907938097319,2,0,0,0
7350,316,1,3,-0.7553167358847191,1,0.25085220419784565,3,2,0,1
7351,525,1,1,0.4598630924171831,1,-0.9530579029213727,1,0,0,0
7352,399,1,1,-0.9505358396148571,0,0.49210187380211384,2,1,0,0
7353,735,2,2,-0.5501108283975191,0,0.020010162293741793,2,0,0,0
7354,762,2,2,1.0664574040725099,0,1.119779028865139,0,2,1,0
7355,672,1,4,-0.2973987214649168,1,0.7650455087113496,3,2,1,1
7356,561,2,4,-0.9256568937046634,0,-0.7454797487766277,1,1,0,0
7357,453,1,3,-0.7712881932047361,2,0.9077664334283521,2,2,0,0
7358,261,2,3,-0.8897504099632242,0,0.8470144553783059,2,0,0,0
7359,888,1,3,-0.6770841470292349,1,-0.2762936156624717,2,0,0,0
7360,348,1,1,-0.8240789425085433,0,0.02963236626774539,0,1,1,0
7361,632,1,1,0.25802709170193683,0,-0.13305520327493922,1,1,0,0
7362,711,1,2,0.08766487710773307,0,0.28337087884932866,2,0,0,0
7363,388,0,4,-0.8602670181340222,1,1.1029260928958413,2,3,0,0
7364,707,1,4,-0.4090326669146168,0,-0.05505738306829551,1,0,0,0
7365,652,1,4,-0.6511183926474546,0,0.28472338604241504,2,1,0,0
7366,845,1,5,-0.5895295419008945,2,1.5039181055232111,2,1,1,0
7367,406,1,6,-0.13522936121794774,0,-0.5747274105651402,2,1,0,0
7368,242,1,5,1.3208186063145197,0,-0.8334008875672312,1,2,0,1
7369,398,1,2,1.3072161439332675,1,-1.7591638663008504,2,2,1,0
7370,541,1,5,-0.4659931597806637,0,-1.2773678861516007,2,1,0,0
7371,511,2,5,-0.49977981029259777,0,-1.6570637012547489,3,1,0,1
7372,421,1,2,-0.26563312213113094,1,-0.7490104194654673,3,3,0,1
7373,118,1,6,-0.3542095614706698,2,0.845264247107248,2,1,0,0
7374,594,1,4,-0.942997659439657,0,1.4619813716269687,1,0,0,1
7375,894,0,4,-0.12856399602432433,0,-0.9240735995382676,5,0,1,1
7376,592,1,4,-0.1140147761707677,2,-0.5051243463481428,4,0,0,1
7377,621,1,3,-0.3991872538652504,1,0.11916451466490113,1,1,0,1
7378,614,0,6,-0.46435743433600396,0,0.4631146972663019,2,2,0,0
7379,579,1,7,1.835903589990406,0,-0.7850811545885399,1,4,0,1
7380,686,1,7,-0.07381892291395123,1,-0.01081034119918231,1,1,0,1
7381,579,1,2,0.7154267738466176,0,-1.1809287328166842,3,3,0,1
7382,437,2,3,2.120354646238114,1,0.1854345203080124,0,2,0,0
7383,340,0,2,0.681788850752763,1,-0.5954806125205245,2,0,1,0
7384,450,2,3,1.9054248459164744,1,-0.6235324887213742,3,0,0,1
7385,562,1,6,0.4406484237509243,0,-1.1204612312445024,2,0,0,0
7386,436,1,6,-0.8182024979625884,0,-0.7990732510085574,3,2,1,1
7387,562,1,1,-0.7460794140236923,2,-0.40148880349853194,1,0,0,1
7388,587,2,6,-0.7886390499117353,0,1.5226737823882774,2,3,0,1
7389,666,2,4,-0.612426310283684,0,-1.5199672526283343,2,0,0,0
7390,756,1,7,-0.5618772838027822,2,-0.7953499224865089,4,0,1,1
7391,515,1,2,0.6875913480070988,0,-0.6027198965772665,3,0,0,1
7392,238,1,3,-0.5525959661439237,2,-1.0117877733782894,0,0,1,1
7393,430,1,6,0.3134185569401961,2,0.42111253762741196,0,3,0,0
7394,508,1,5,1.3736456589359898,0,-0.45099673875436885,5,0,0,1
7395,132,1,4,-0.8841215763024198,1,1.071962040697199,2,2,0,0
7396,777,1,3,-1.00722788621694,0,0.5460483488171639,0,2,0,0
7397,528,1,4,1.224798837885178,1,1.3723383724925775,1,1,0,1
7398,576,2,6,-0.7310684818009942,1,-1.43037465948335,1,0,0,0
7399,773,2,6,-0.8384458360410949,0,-0.8471250104736366,0,0,1,0
7400,373,0,7,-0.6520320017605058,0,2.037346294615553,2,0,0,1
7401,614,2,4,-0.7985196383816119,2,-0.0032458919741373735,3,0,0,1
7402,478,1,6,0.5972940244848246,2,1.323760303187811,2,2,0,0
7403,463,1,4,0.015845496326406826,2,0.7583051985008541,3,1,0,1
7404,345,0,4,-0.8216481857087531,1,-0.29503527055886253,3,2,0,1
7405,833,1,2,-0.11687313698607862,0,1.5504116645148747,4,0,0,1
7406,424,1,2,-0.7705681805420787,0,-0.10329370459803236,2,0,0,0
7407,639,1,11,-0.7840096867672178,1,0.7191929597367765,1,0,0,1
7408,124,2,2,-0.0874278774893393,0,0.8500119233013701,0,1,0,0
7409,735,1,4,0.10349807451148432,2,0.8675779113027055,0,0,0,0
7410,710,1,5,-0.575645455813038,2,-0.15044552402466188,2,1,0,0
7411,519,1,4,0.4581821065948556,1,-1.4055736952915776,1,0,0,0
7412,454,2,3,0.838476444124075,0,1.0316930487285283,1,0,0,0
7413,580,1,5,1.5155743095353857,1,-0.791171609127211,2,0,0,0
7414,957,1,3,-0.007396168963495831,0,1.181423581236915,2,0,0,0
7415,147,1,7,-0.7551243219429329,0,0.5936725425291991,2,0,0,1
7416,656,2,2,0.39589161394315986,1,-0.5254739923760376,2,1,0,0
7417,317,2,4,-0.8917973361812586,1,-0.7415246645684812,1,0,1,0
7418,496,1,7,-0.8045137496249514,0,-0.17279553364225916,2,0,0,1
7419,450,1,6,0.8111897745562635,2,-0.6993678643285097,2,1,1,0
7420,414,2,2,1.4506432723390503,0,-0.4575418953703786,1,0,0,0
7421,497,1,5,-0.9376368978753662,1,-1.1944110869536095,2,0,0,0
7422,273,2,4,-0.6273275284559966,2,-0.027239486292614582,0,0,0,0
7423,705,1,7,0.0011190130439245585,1,-1.4345455275348007,2,2,1,1
7424,141,1,6,1.8309512813966293,0,-0.23670870337606842,2,1,0,0
7425,607,2,6,-0.14775533634476504,0,0.3225813445886884,2,2,0,0
7426,434,1,4,0.7418593301492067,0,0.9041316474215447,1,0,0,0
7427,265,1,4,1.5966667035201627,0,-1.3469944131345586,0,4,0,1
7428,540,1,6,-0.26337918884489914,0,0.3831302332925457,2,2,0,0
7429,188,2,8,0.36398754402090366,1,-0.6073878608798675,2,0,0,1
7430,507,1,1,0.0966233812754172,2,-0.6824727843804298,1,1,0,1
7431,215,1,2,0.1239498284802212,0,0.9513646954416023,1,0,0,0
7432,592,2,4,-0.26754976544942277,1,1.0488805480684755,1,1,0,0
7433,315,1,1,-0.015167861374709843,1,-1.1457813891342232,2,0,1,0
7434,409,1,1,-0.18577626765792846,1,2.1641370635253088,2,1,0,1
7435,558,1,3,0.024887879729886424,0,-0.3880245594627917,2,2,0,0
7436,345,0,4,-0.29224411630858604,0,0.04981952710850503,2,2,0,0
7437,488,1,1,-0.7518955536187465,1,0.8076041524557575,3,2,0,1
7438,197,1,5,0.19527297048928044,0,0.7167208951889249,3,0,0,1
7439,626,1,3,-0.5150242018343757,0,2.606123727432554,2,1,1,1
7440,852,2,5,-0.8688588409085383,2,0.8268693116492688,1,0,0,0
7441,1058,2,5,0.9306909492934934,2,-0.324300083156649,0,0,0,1
7442,518,1,5,-0.8043495906980087,0,0.48049317725508295,2,0,0,0
7443,657,1,5,-0.21649753368105765,1,-0.184993646350396,2,2,0,0
7444,143,2,5,0.2909201055012008,1,-0.825213514534513,1,2,0,0
7445,800,1,3,0.05324187299937145,0,-0.34497777470970115,1,3,0,0
7446,655,2,5,-0.8294897926648033,0,0.714426269164726,0,0,1,0
7447,403,1,3,-0.7883325601003033,1,-0.3469877784878021,1,2,0,0
7448,747,1,3,-0.8439452332116341,0,0.28827566655211445,0,0,1,0
7449,449,1,3,-0.9312633329649682,0,-0.240623529934931,1,0,0,0
7450,408,2,3,-0.6691116566539076,2,1.3834716537660858,1,0,0,0
7451,595,1,5,-0.2525462741876044,0,0.3583859698117924,2,0,0,0
7452,287,1,5,-0.8147277187933649,1,0.8406428366266059,0,0,0,0
7453,704,1,3,2.5881676002903653,2,-0.6830143568816729,1,0,0,1
7454,288,1,3,0.21272407433849744,2,-0.6872082603897873,0,2,0,0
7455,289,1,3,-0.11718862029809474,1,2.4618799048650786,0,0,0,1
7456,318,1,4,0.15555902921264955,1,-0.17488667451622597,0,2,0,0
7457,651,2,5,-0.4254670108392992,2,0.4667802020615383,1,0,0,1
7458,376,1,5,-0.36231340114877325,0,-0.1441488100444894,2,1,0,0
7459,230,2,6,1.224856948950713,1,-1.3295343016628336,2,0,0,1
7460,378,1,4,0.2939226043568727,0,0.6487414555507462,0,3,1,0
7461,493,1,2,-0.10551881359177596,1,0.5229943307673093,1,0,0,0
7462,263,1,6,2.04338937729168,1,-0.9731787143650878,3,0,0,1
7463,269,0,5,0.0973116760435123,0,0.5293031891385909,1,2,0,0
7464,922,2,2,-0.4905275759154224,2,1.0593690438528505,3,0,0,1
7465,327,1,1,-0.9584117884337156,0,0.21864527313665028,3,0,0,1
7466,435,2,6,-0.5039933290678894,0,0.9366885484865829,1,1,0,0
7467,426,1,2,1.624033067232981,2,-0.5509409003030878,2,0,0,0
7468,415,1,4,-0.9614057171526075,0,-0.010648488829291572,2,0,0,0
7469,624,1,3,-0.8003466396989626,1,1.4462022372654986,1,2,0,0
7470,689,1,3,0.6745618747376676,0,-0.71641977141564,2,0,1,0
7471,438,1,4,-0.5460459706028018,0,2.4671358558433454,0,0,0,1
7472,252,2,3,-0.7986788539531057,1,-1.4259649711120046,1,2,0,0
7473,754,1,5,0.7120316810829375,0,0.5935023949467741,0,4,0,1
7474,480,2,4,-0.17645550221254136,1,2.730685781313859,2,0,0,1
7475,846,1,5,-0.19917882475494283,2,1.008393782497159,2,1,0,0
7476,64,1,11,-0.6540846631097341,2,-1.5063238744707057,2,1,0,1
7477,539,2,2,0.13569262677460922,2,-0.6098664468675755,1,0,0,0
7478,883,2,4,1.0051976578521111,0,-0.4257149453583004,2,0,1,0
7479,429,2,4,0.4029538440621373,1,-0.5865004222276322,2,2,0,0
7480,454,1,3,-0.043819109089528525,1,1.07678279959713,1,3,0,0
7481,559,2,6,-0.568906657322485,2,0.36904134574341574,3,1,0,1
7482,388,2,5,0.9547763857028752,0,-0.7310662988760018,1,1,0,0
7483,437,1,2,-0.1586380511687301,1,-1.2810490501001084,1,1,1,0
7484,432,1,6,1.2332947953070308,0,-0.6005895290957858,1,0,0,0
7485,374,1,7,-0.7095833903439951,0,0.8227688832413603,3,1,0,1
7486,745,1,8,0.07245654100322042,0,1.3711126687014037,1,0,0,1
7487,592,1,2,1.7751692879953753,1,-1.2246639009449736,2,2,0,0
7488,550,0,4,-0.5313158635999161,0,0.8173359117114468,1,0,0,0
7489,661,1,6,2.0651482696746317,0,1.7912923320154188,2,2,0,1
7490,447,2,5,-0.5010078816855061,0,-1.563142337325793,4,1,1,1
7491,345,1,4,-0.422328200381069,0,-0.6043574508443567,4,0,0,1
7492,379,1,7,0.662402432444688,0,0.16379967350266794,0,0,1,1
7493,500,1,2,-0.7005523879368335,2,-0.1977359424050148,2,0,1,1
7494,288,1,5,0.23679019711375196,1,-0.34842052297584725,2,3,0,0
7495,399,2,4,-0.6474319482373124,0,0.5643744730250693,2,1,0,0
7496,396,0,3,-0.09163480123190391,0,0.2909971419734316,1,2,0,0
7497,924,1,8,0.5136318810928683,2,-0.509569737334198,1,0,0,1
7498,64,2,3,-0.9809239725743943,2,-1.4653031993577192,1,0,0,1
7499,464,1,4,-0.913642129421508,1,0.9146459564602821,4,4,0,1
7500,845,1,5,1.762466212062521,0,0.41376476433837095,0,0,0,0
7501,524,1,5,0.7129391823031704,1,-0.4697827279791329,3,1,0,1
7502,650,1,8,1.123592847563288,1,0.26215031703568425,2,2,0,1
7503,519,1,6,-0.4200581409759072,1,-1.224477615265873,2,1,0,0
7504,366,1,6,0.27368705333195903,1,-1.604349233583816,0,2,1,0
7505,64,1,4,5.463520133562517,0,0.6213552546703043,2,0,0,0
7506,541,2,3,-0.43161308434195617,2,-0.04114196578507188,0,0,0,1
7507,344,1,4,0.9000687238830788,2,0.19306134044881554,2,1,0,0
7508,339,1,5,-0.9238495666533761,0,0.14162591671187053,2,3,0,0
7509,400,1,1,-0.20948962793487916,2,-0.7819461156722981,4,2,0,1
7510,848,2,4,-0.5956129837162815,1,-1.1671218009343656,3,2,0,1
7511,980,2,2,-0.25478363647842456,2,1.2050075716611843,1,2,0,0
7512,543,2,5,-0.8846716704555359,2,-0.26841756572981446,3,2,0,1
7513,407,1,5,-0.541668835916686,0,1.1170515177038622,0,1,0,0
7514,264,1,3,-0.9268864849002938,0,-0.2647979958593787,1,1,0,0
7515,593,2,7,-0.39407527229419154,0,-0.5289449487168421,3,2,1,1
7516,856,1,3,-0.4148726281632629,0,2.2150692424625342,2,0,0,1
7517,450,1,2,-0.6009830110803659,0,-1.6313067245572235,1,0,0,0
7518,64,1,1,2.0052874991556333,0,0.7266204764953638,1,0,0,0
7519,634,1,4,-0.9198089103758644,0,-0.16355718347528006,1,4,0,1
7520,697,1,5,0.7641825918405665,0,-0.27561907267330055,3,3,1,1
7521,182,1,1,-0.5619808121162362,0,1.2616918025236725,3,0,0,1
7522,535,1,4,-0.7817793237845725,0,2.454438271270225,2,0,0,1
7523,590,1,4,-0.6842038938359382,0,-0.9154586365977527,0,0,1,0
7524,485,2,6,1.3535120037063075,2,-0.6043604650131327,1,0,0,0
7525,341,1,1,0.7642986015196561,2,-0.7246640458445792,2,0,0,0
7526,703,1,6,-0.9917090575657579,0,-0.4352135318201104,2,0,1,1
7527,419,1,6,-0.8457581976906225,1,-0.9573620326376627,3,2,0,1
7528,202,1,4,0.13535592545514144,2,0.167409994859082,4,2,0,1
7529,90,1,5,-0.6194718830211788,1,-1.4536447699678239,1,4,0,1
7530,752,1,8,1.5501605075130098,1,0.520491650347687,3,1,0,1
7531,623,1,5,0.5626469772590196,2,-1.0509237081856513,2,0,0,0
7532,517,1,3,1.1074246004987256,0,1.3584217790894848,2,0,1,0
7533,411,2,4,-0.7899312399809428,0,-0.8565826902856709,2,0,0,0
7534,394,1,3,-0.8417235017311008,1,-0.06781386218425856,4,0,0,1
7535,284,1,3,1.7252704108631283,1,1.7337546224386529,1,1,1,1
7536,413,1,6,-0.4811750598586479,0,1.9760925136239786,1,1,0,1
7537,75,0,5,-0.46131227583341805,2,-1.2803921495647284,1,1,0,0
7538,352,1,4,0.16567212564689895,2,-0.881492426263939,2,0,1,0
7539,437,2,1,-0.49262110438662926,0,-1.0656655243413051,1,0,0,0
7540,621,1,7,1.1086672760411096,1,-0.9820617830387628,2,2,0,1
7541,492,1,1,2.242757600552432,2,1.7852999071532647,1,0,1,1
7542,658,1,3,-0.5967119525657565,0,2.363887368366276,0,0,0,1
7543,769,1,2,-0.770611057810585,0,0.18462476931638266,2,2,0,0
7544,711,1,3,-0.9282338022416261,2,2.1967624363836924,2,0,1,1
7545,594,1,2,-0.7624810300104337,0,1.3741932239879122,1,0,0,0
7546,502,1,1,-0.8551192467205126,0,-1.402440188684897,2,2,0,1
7547,303,1,5,-0.9778058554686943,0,0.7868043286192953,2,0,0,0
7548,647,1,7,-0.9592659695888479,2,-0.06825006899423734,1,3,0,1
7549,835,2,1,-0.2836445851762684,0,1.1457549997307068,2,0,1,0
7550,568,2,2,0.24345400433716438,0,2.3282286780111354,2,4,0,1
7551,883,1,4,3.1518612580599155,1,2.5024613267453537,0,1,0,1
7552,194,0,6,-0.8357478039588649,0,-0.2687643488163018,1,2,0,0
7553,269,1,2,0.2106975896992768,0,-0.6893192755738811,3,0,0,1
7554,671,1,4,-0.186637694577267,0,2.1072650639137542,2,2,0,1
7555,552,1,4,-0.3464234557402914,1,-0.5413925515503056,0,0,0,0
7556,762,1,3,0.29356052691489704,0,1.4841106646457536,3,2,0,1
7557,496,1,3,-0.7305354338042765,0,-0.049080454701969686,1,2,0,1
7558,326,1,2,-0.6285536958520136,2,1.5092303466711283,1,0,0,0
7559,457,1,4,-0.5140668304588955,0,-0.4189512029863514,1,4,0,1
7560,193,1,3,-0.8030452426247512,2,-0.5658601064013637,2,0,0,0
7561,274,2,1,-0.34545631019382383,1,2.3032137569412017,2,2,0,1
7562,694,2,2,-0.8640374529478161,2,1.7906427245709662,2,2,0,1
7563,674,1,1,-0.6183848373368483,0,-0.829085125919949,2,0,0,1
7564,572,1,8,-0.8857182694959977,0,-1.0995920600913467,2,1,0,1
7565,155,1,6,-0.9706965767282029,1,0.9067787596052674,1,2,1,0
7566,428,1,3,-0.5615347830767831,0,0.08790596577266899,3,4,0,1
7567,255,1,5,-0.030281873605360304,1,1.3895921261092086,2,0,1,0
7568,735,1,2,-0.840303528884581,0,0.11109625638978349,2,3,0,0
7569,383,1,6,4.107463799315428,0,0.21838375547373223,0,2,1,1
7570,282,1,3,-0.681698876658764,2,1.2311469213779658,1,0,0,0
7571,505,0,4,-0.9845150490982668,1,-1.0614036620735154,2,0,0,0
7572,371,2,2,-0.9789428971082772,1,0.3992343237150916,1,0,0,0
7573,796,1,3,0.10922147485961121,0,0.13644065392236193,2,1,0,1
7574,353,1,6,0.1193431724873928,1,-0.7719909771853104,1,0,0,0
7575,220,2,4,1.3619341908869596,0,1.011103818854757,2,1,1,0
7576,69,1,2,-0.9110006829607532,2,0.2967770981906282,2,1,0,1
7577,493,1,5,-0.527599432203988,0,1.6947093940645046,1,0,0,1
7578,387,1,4,1.2304277007253401,2,0.6901131613719078,0,0,0,0
7579,214,1,7,0.6173307287812305,2,1.4531530865673399,1,1,1,1
7580,737,2,6,-0.7374659216513885,0,1.7303087429994957,1,3,0,1
7581,633,1,4,1.2368244461427909,0,1.3405306131364618,1,4,0,1
7582,494,1,5,0.15363859737450644,2,1.0864456618454938,0,0,0,0
7583,772,1,2,-0.6956626322099423,1,1.8892489358664633,1,0,0,1
7584,632,1,5,-0.9612198966864749,0,-1.3811815559222331,2,0,0,1
7585,335,1,5,-0.308060373832675,2,-0.32174254853522954,1,2,0,0
7586,292,2,3,0.26201367910212386,2,2.160655023583982,2,3,0,1
7587,663,1,2,-0.6896626689538103,0,1.1042474239677518,2,0,0,0
7588,579,1,5,-0.8198979162125599,2,-0.13133439998588375,0,0,0,1
7589,533,1,8,-0.9282606310695388,1,0.8359762755491226,2,2,0,1
7590,330,1,5,0.8689833825367004,0,-0.056748619342863266,0,1,0,1
7591,621,1,4,-0.9506156216949792,0,1.953292547418387,1,0,0,1
7592,348,1,3,-0.0517196127091259,2,-0.6056158016423102,3,0,0,1
7593,479,1,4,0.4574757827384552,0,-0.9745377874839942,3,0,0,1
7594,789,1,4,0.5343660559185757,0,-1.242525402165184,1,0,0,1
7595,367,1,3,0.0707057893907308,1,0.05426671275205111,0,0,0,0
7596,185,0,1,0.06805430890914825,0,-0.04403578664225539,2,2,0,0
7597,289,1,3,-0.35425423337578305,1,0.41391563233936657,4,2,0,1
7598,698,1,4,-0.4595872312857638,0,-1.1510980116458849,2,0,0,1
7599,550,1,4,-0.8575871696932968,0,-1.4856807257387363,1,0,0,0
7600,474,1,5,-0.22828788486380558,1,-0.5761229978411446,2,0,0,1
7601,398,1,2,-0.9329259541538345,1,-1.6947689595874573,2,0,1,0
7602,597,1,2,-0.3655910430813318,1,-1.6955955533070965,2,1,0,0
7603,330,1,4,0.32724099111025734,1,-0.9543375518327827,3,1,1,1
7604,561,1,2,-0.41292461111457,0,2.934343925209724,3,0,0,1
7605,353,1,7,-0.28588252223168487,0,0.8600284158378884,3,0,0,1
7606,320,1,3,0.8701509261546934,0,-1.092437204324622,3,0,0,1
7607,372,1,1,0.0500132791832754,0,0.7166885143677465,1,2,0,0
7608,424,1,2,-0.869027870410591,2,-0.6543084071339507,1,3,0,0
7609,490,2,5,-0.21155139841319534,1,-0.7366078263005001,1,1,0,0
7610,547,2,3,-0.5466535211647382,0,1.7836402733086185,2,1,0,1
7611,64,1,1,-0.7721832559003914,0,0.9451636522783908,0,3,1,0
7612,338,1,5,0.05401086507911812,2,1.5273409459895644,1,2,1,1
7613,421,1,1,-0.5109348216326328,2,-0.5210652221138992,0,0,0,0
7614,801,1,7,0.4750846854925798,1,-1.070309745001729,2,1,0,1
7615,283,1,4,-0.10967448157429548,1,0.3710933502064635,1,2,0,0
7616,532,1,5,-0.8958809657596515,2,0.4356446203597124,0,1,1,0
7617,799,2,7,-0.5691732337249725,1,0.561042320246377,0,2,0,1
7618,237,1,3,-0.6879942129736061,1,0.029453833557033467,3,1,0,1
7619,578,1,3,-0.8426005199108363,2,-0.06753718236371228,3,0,0,1
7620,339,2,2,0.6301915322532432,0,-0.6734644665287193,2,2,0,1
7621,399,1,1,-0.5240703728237037,1,-0.6277455807075846,1,0,1,0
7622,339,1,3,-0.04163137268308558,0,0.16770679615072398,1,0,1,0
7623,353,1,2,1.1658274199342333,0,-1.1922625815364485,3,0,0,1
7624,1044,1,3,-0.21139671249691414,2,0.9869898273158817,3,1,0,1
7625,668,1,1,-0.704248280150357,1,0.2996188973892981,2,0,0,0
7626,720,1,5,0.5827728769281996,0,-1.3698571455052762,2,2,0,1
7627,598,1,1,-0.4258189224428974,1,2.8245110194105605,0,1,0,1
7628,178,1,2,-0.16394773587666348,2,0.23604723973895045,2,0,0,0
7629,578,1,3,1.355477456987622,2,-0.4154758674369573,1,0,0,0
7630,714,2,3,-0.32445811801293917,1,-0.6384451158098681,1,2,0,0
7631,329,1,2,-0.5933919969258508,1,1.0850117244888968,3,0,0,1
7632,693,1,6,0.3140709022612394,1,0.6695287885820372,3,2,0,1
7633,640,1,5,-0.8621214648447691,1,-0.23169342335146872,3,1,0,1
7634,870,1,2,1.4842092488965117,2,-1.2065367242626264,1,2,0,0
7635,416,1,1,1.5059203684921116,0,-0.21305817623101908,1,0,0,0
7636,280,2,5,-0.1269743080223192,1,0.4697062355910391,2,1,0,0
7637,427,1,6,-0.8374143784382149,0,-0.8945110127921783,1,0,0,0
7638,787,2,5,-0.39593710170547314,1,-0.42910478296556526,2,0,1,0
7639,134,2,6,-0.44801642731733043,0,0.18376334227745758,1,0,0,1
7640,86,0,4,-0.6475414331648656,2,-1.2124620489710276,3,1,0,1
7641,517,1,7,-0.8120811960947507,1,0.5682356110152705,3,2,0,1
7642,411,0,3,-0.6965214621471288,2,1.521555879618477,2,0,0,1
7643,501,1,3,-0.18313900188993015,2,-1.4902972232251732,1,2,0,0
7644,689,1,3,0.16934212669903856,2,-1.4120081144890249,0,0,0,0
7645,389,1,4,2.950672200300362,0,-1.2479258170971703,1,0,0,0
7646,125,0,4,-0.7606726774798518,0,-0.032434554846645695,1,1,1,0
7647,908,1,4,-0.7757882488431722,0,-0.013571734004354808,2,3,0,0
7648,300,1,4,-0.8812689557915626,1,-1.1288446776844645,0,0,0,0
7649,288,1,3,1.8366992559254613,0,1.9398374037763682,0,0,0,1
7650,720,1,4,-0.5186217207838607,2,-0.2532781995345771,1,3,0,0
7651,423,1,4,1.6129347014032873,0,2.276795309508993,0,1,0,1
7652,487,2,5,1.231920566209733,1,1.0957967434119904,1,0,1,0
7653,596,0,3,-0.9621231808474805,2,0.5773270104059386,1,0,0,0
7654,716,2,4,-0.674069601954662,2,-0.5326007462155986,4,0,1,1
7655,433,1,5,-0.6414218160522671,0,-0.6293729083789756,1,1,0,1
7656,803,1,2,-0.6774871049539489,0,-0.39647364992915074,2,0,0,0
7657,72,1,2,-0.44442852737472144,1,1.41889386366487,2,3,0,0
7658,651,1,5,-0.304279638360584,1,-1.484544940054266,1,0,0,1
7659,332,1,5,0.4360356437356245,1,0.325441883798574,1,1,0,0
7660,774,2,3,-0.6909708553211548,0,-0.5787454501566152,2,0,0,0
7661,528,1,6,-0.646913619132199,0,0.98401180093619,0,0,0,0
7662,365,2,6,-0.07945559395434597,0,1.1629579763205702,2,1,1,0
7663,632,2,4,-0.806928063355264,0,-0.026892990735736887,2,0,0,0
7664,678,1,5,-0.35599148973582456,0,0.6073374092885536,3,0,0,1
7665,628,0,2,-0.713929117682585,2,-1.4443233561409803,2,0,0,0
7666,294,2,3,-0.7834592846841666,0,1.5893640879153625,1,0,0,1
7667,403,1,5,0.6072054253409188,1,0.9052665782294878,2,4,0,1
7668,499,1,2,0.24112101072152836,2,0.3599562801403098,0,3,0,0
7669,491,1,6,-0.7155199900761559,0,0.4894445495449701,0,4,0,1
7670,649,1,4,-0.46225738009717154,0,-0.09292822293409944,3,1,0,1
7671,97,1,5,-0.83750069698546,0,-0.16652989167054189,0,1,0,0
7672,566,1,3,-0.9522959727662071,0,-0.5385799491971754,0,0,0,0
7673,442,1,7,-0.11281947567574364,1,-1.016202869474362,4,0,1,1
7674,332,1,3,-0.5482713585146707,0,-0.7549109590880126,1,4,0,0
7675,351,1,2,-0.7716462688158964,1,-0.28564283955522135,2,0,0,0
7676,457,1,2,-0.8840610049025531,0,1.8063910816728421,2,2,0,1
7677,64,1,4,0.15112846152691212,2,1.798842409978783,1,2,0,1
7678,359,1,4,-0.6857391781575636,0,-1.4996178906853497,0,0,1,0
7679,324,1,1,1.412138416223031,0,0.2490483235270135,0,3,0,0
7680,606,2,4,-0.7900129045365858,0,0.7160791372904938,1,0,0,0
7681,338,1,3,-0.7236727298154099,0,-0.5676407849236588,3,3,0,1
7682,456,1,4,0.9335027880899366,0,-0.8704465605472822,1,2,0,0
7683,808,1,5,-0.14370693135922707,0,1.493070846410249,3,0,0,1
7684,698,1,8,-0.8911897112796242,2,1.172942953476318,2,2,0,1
7685,680,1,1,-0.19693121562893948,0,-0.7268715983059084,2,2,1,1
7686,400,1,4,-0.6332151508576261,0,0.5169115723415161,0,2,1,0
7687,608,2,3,0.3503334764945223,1,0.21282398974125347,2,0,0,0
7688,453,2,1,-0.9254973778881431,0,1.015572515446506,2,2,0,1
7689,460,1,5,1.5344887606581932,0,0.9710561157851968,1,2,0,1
7690,581,2,5,-0.3462731767930487,2,-1.0039717753352906,1,1,0,0
7691,380,1,3,0.34011379652727725,0,0.21315993128540733,0,2,0,0
7692,798,2,1,0.23260959670929912,1,0.12090652991165231,1,0,0,0
7693,467,1,7,-0.8081889685594651,2,-1.742045371564213,1,0,0,1
7694,623,1,7,1.1494195395567364,0,-1.391811368622957,1,0,1,1
7695,791,1,5,-0.7384585025707006,0,-0.24581471226647877,1,2,0,1
7696,706,1,8,-0.7928293561350384,0,-0.5814903624138313,1,0,1,1
7697,218,2,5,-0.25999218648595196,0,1.0791807116280574,1,4,0,1
7698,588,1,4,3.2333190173284696,2,-0.6039073654849882,0,4,1,1
7699,670,1,6,-0.6254435175886293,0,-1.3646973196050471,1,0,0,1
7700,678,1,5,2.3860017477822995,1,-1.166868883352085,1,4,0,1
7701,277,1,3,-0.4270144286741819,2,-1.7107871386549642,1,2,0,0
7702,368,1,2,0.822736801446755,1,-1.3849315768896853,2,2,0,0
7703,698,0,5,-0.23997387078641863,1,-0.4564796573597745,2,1,0,1
7704,347,2,3,-0.7741961958190615,2,0.591407093710058,1,2,1,0
7705,440,1,4,1.1485713634478871,1,-0.11030882265795623,2,1,0,1
7706,815,1,5,-0.9319002217230696,2,0.8760400072101355,0,0,1,0
7707,490,1,3,0.15983277589256065,0,-0.8226166726414006,0,3,0,0
7708,354,2,5,0.7989184100200836,1,0.982865805740995,1,0,0,0
7709,324,2,5,0.8065613455624354,0,-0.877002230829098,2,0,0,0
7710,566,1,4,0.07541353548272067,2,0.4092809231483745,2,1,0,0
7711,233,2,4,-0.7139124211054734,1,1.6248854547958935,3,0,1,1
7712,450,1,2,-0.23632672694032822,1,0.9160534419073757,1,4,0,0
7713,566,1,4,0.0021035565593148964,0,1.7040747982815367,1,0,0,1
7714,759,2,4,1.2343046136204878,0,0.22750745844637213,1,0,0,0
7715,633,1,1,-0.8309329106725213,0,1.6842547883313945,1,0,0,1
7716,357,1,3,-0.37184057552127947,0,1.9561779189934725,1,0,0,1
7717,735,1,3,-0.5957714341294144,0,-0.41549121636111624,2,0,1,0
7718,440,1,4,-0.4402135668563981,1,1.483658053459664,2,2,0,0
7719,252,1,3,-0.802232435309686,1,0.7091562532688755,0,0,0,0
7720,465,2,5,-0.7585012890875844,1,-0.673136342129095,1,2,1,0
7721,787,1,1,0.4862567833591351,1,-0.9829695376353255,2,4,0,0
7722,533,2,10,-0.3459343779432163,2,-0.434352310461594,2,3,0,1
7723,502,1,3,-0.2736798092286919,0,0.26531646756070826,2,2,0,0
7724,827,1,8,1.3087337648088657,1,0.03152514185918959,0,0,0,1
7725,213,0,2,-0.728764720224202,0,1.7502892881863168,1,0,0,1
7726,242,1,2,-0.6016482970889633,1,-0.2669347346046902,1,0,0,0
7727,176,1,5,-0.6324970421074744,1,-0.5497620815062754,2,1,0,0
7728,574,1,3,0.08710308765321077,1,-0.7125255370881405,0,1,0,0
7729,533,1,7,-0.16717419977444473,1,-0.4842549451256031,2,2,0,1
7730,808,1,2,-0.35916869941845514,0,1.207447180353066,0,2,1,0
7731,548,2,6,0.11354910317823376,0,0.21987742302245658,1,0,0,0
7732,419,0,5,-0.33506989499714174,1,-0.2391700538252201,0,0,0,0
7733,500,1,4,0.713645261484066,1,0.2358066238031243,1,0,0,0
7734,523,2,3,-0.4707960207006997,0,-1.0210616521872566,2,2,0,0
7735,165,2,1,1.2427604646830566,0,1.399514386296161,1,3,0,0
7736,1042,2,1,-0.8782734311862521,1,-1.0173129203963123,3,2,0,1
7737,603,1,6,-0.9075191273886636,2,-0.2631818369026059,1,4,0,1
7738,542,1,4,0.07660156366353638,1,0.6879404243806722,1,0,0,0
7739,623,1,5,-0.5056115672609415,0,-0.7451815086774648,2,0,0,0
7740,641,1,5,-0.38918885064912734,0,-0.6548473104411359,1,4,1,1
7741,471,1,1,0.20327220564615747,1,1.7209323255798048,2,0,0,1
7742,373,1,6,-0.7622523818150565,1,-1.6536609164803802,3,2,0,1
7743,619,1,4,-0.962173957688771,0,1.4317025265138597,1,2,1,1
7744,577,1,3,-0.4201532388318778,0,1.3348310172596929,2,0,0,1
7745,338,1,6,1.2817846989534156,1,-1.0893915705352306,1,0,0,0
7746,783,1,4,-0.39844596118260733,0,0.3873582092288595,2,2,1,0
7747,558,2,5,-0.14481574783921392,0,-0.021217264545203163,2,4,0,1
7748,645,1,4,-0.7702123220388077,2,-0.04650456569680102,1,2,0,1
7749,778,2,5,-0.37344640152191827,2,0.9893181077444492,3,2,0,1
7750,504,0,2,-0.34148244815332074,1,-0.46264188937555606,4,2,1,1
7751,563,2,5,-0.7352191222642422,0,1.663947958364275,1,0,0,1
7752,662,2,2,-0.8259235310380171,0,2.5668618296087895,0,0,0,1
7753,355,2,5,-0.5693164928940476,0,1.0482781136356092,2,2,0,0
7754,510,1,2,-0.9675453575695032,0,-0.6923524727833632,0,0,0,0
7755,525,0,3,-0.8226889335317171,0,-0.6539057017947513,0,3,0,0
7756,308,2,2,0.3289535708169396,0,0.7808537903972291,1,0,0,0
7757,963,2,2,0.05738284625142259,1,0.12833267006433777,2,4,0,0
7758,218,1,4,-0.6263522514727782,1,-0.5407537664517112,1,0,0,0
7759,240,1,2,-0.19308219757067352,0,0.04449381074323474,1,0,0,0
7760,762,1,6,0.7906973925622017,0,1.9178095619918683,1,0,0,1
7761,642,1,8,0.8506085107681349,1,0.03725091671867989,0,1,0,1
7762,294,2,5,0.07269606839282883,0,0.20136055731418095,3,0,0,1
7763,621,1,4,-0.8731502721480202,0,-0.8226876889478313,1,0,1,0
7764,793,1,1,-0.8270132918563398,0,1.787036437378322,1,0,0,1
7765,493,1,4,-0.6571214490835867,1,-1.4906747177592072,2,0,0,0
7766,1019,1,5,0.12194791279848188,1,-0.5380569840780334,2,0,0,0
7767,155,1,7,-0.7043533985464451,1,-0.24090494045289002,0,0,0,1
7768,638,1,10,-0.37276571994532837,0,2.0387506003314555,0,0,0,1
7769,733,1,6,0.7679472184589373,1,-0.5315969409452783,1,0,0,0
7770,678,1,3,1.2536609740892541,0,0.7533189480032159,2,2,0,1
7771,459,1,6,0.8468259587287005,0,-0.06675092110974175,1,2,0,0
7772,441,2,3,-0.8819537140464672,1,2.966771817814992,1,0,0,1
7773,588,2,3,1.4497844452149113,1,0.6185736830380699,0,1,0,0
7774,663,2,2,0.16428038857464813,0,-0.3447823477291995,1,0,0,0
7775,620,1,4,-0.026989100130368957,0,0.7895240101151934,1,2,0,0
7776,708,1,8,-0.7185895940995078,0,2.0183983396463536,3,0,0,1
7777,296,1,5,1.671406720027378,1,-0.6673618006111941,1,1,0,0
7778,454,0,2,-0.990050776880318,1,1.2896168757419348,2,4,1,0
7779,311,2,2,-0.9206376479015301,0,-0.4911309398889592,1,0,0,1
7780,422,1,5,-0.8381612648900266,1,1.8587690125212601,0,4,0,1
7781,703,2,4,0.1970205614640082,1,-1.4877440554226078,0,0,0,0
7782,521,1,3,-0.016070004014372988,0,-0.2599116538344321,1,1,0,0
7783,1021,1,5,1.9361767427122156,0,1.205950245814737,3,3,0,1
7784,538,1,4,-0.5713120248289445,2,-0.7232364767946329,1,2,0,0
7785,511,1,3,-0.5734422977607437,1,0.5201594348997404,2,0,0,0
7786,521,1,6,0.11830742841408638,0,-0.8102832007709642,1,0,0,0
7787,372,2,5,-0.8132431229062057,1,0.8686494785446547,2,1,0,1
7788,488,1,2,-0.37350579714973464,2,0.0636654049188085,2,0,0,0
7789,725,1,5,-0.9920442220797604,0,0.11122178044740778,1,0,0,0
7790,522,2,3,-0.09595878897643904,1,-0.7508574294718263,0,1,0,0
7791,341,1,3,0.5507533184479073,0,0.44439234727175164,0,1,0,0
7792,314,1,4,-0.7761228534447794,0,-0.9026380603223997,1,0,1,0
7793,409,1,9,-0.634621591947659,1,1.0802673314606752,1,0,0,1
7794,514,1,1,-0.864069381914794,0,-0.3103696155631124,0,0,0,0
7795,738,1,2,-0.03525851813863833,2,-0.3797589992394553,0,2,0,0
7796,231,1,4,-0.16351859970010243,1,0.5983090958860204,2,0,0,0
7797,436,1,7,0.7730346489728286,0,0.8025170213558558,4,3,0,1
7798,528,1,4,2.5703303452446846,1,0.014556817129292866,3,0,1,1
7799,133,2,2,3.1755520896230123,1,-0.3546847446598998,3,2,1,1
7800,333,2,4,-0.8925700723365447,0,0.610776999659523,0,0,1,0
7801,364,2,5,-0.1885979257805499,0,0.43712316153467345,0,0,1,1
7802,340,1,2,0.5777799108083904,0,-1.2113054313377971,2,0,1,0
7803,538,1,5,0.08634207758235869,0,0.12392981346750633,3,0,0,1
7804,467,2,4,1.3038705420888055,1,0.9441827151406084,1,0,0,0
7805,388,1,3,-0.4150105460648457,0,1.5454450475896524,1,0,0,1
7806,585,1,3,-0.4413065205739157,0,0.11746548845606969,1,2,0,0
7807,844,2,6,-0.9809519264116566,0,-0.652511157508889,0,2,0,0
7808,827,1,3,-0.9918204803254023,0,-0.24240764581446778,1,0,1,1
7809,115,1,5,0.19204977088701344,1,0.48046601201199834,1,0,0,1
7810,615,2,3,-0.3593197260453436,0,-0.8248286578149128,2,1,0,0
7811,464,2,6,0.09007020723826942,0,-1.3480835722959381,2,0,0,0
7812,531,1,5,-0.7311136786805833,0,-0.6542229947631684,2,0,0,0
7813,420,1,4,1.0145608402222004,1,-0.2671658445239196,0,0,0,1
7814,523,1,7,1.363625497052653,1,-1.1893067347979984,2,0,0,1
7815,530,2,4,0.0962733687988069,2,-0.014435250435100314,1,2,1,0
7816,384,1,3,-0.6768475324653336,1,1.6399074034309684,2,2,1,1
7817,320,1,4,-0.7601569195544073,2,0.8923308329848207,1,1,1,0
7818,410,0,4,-0.008918347051315242,1,0.7890627546894691,1,0,1,0
7819,546,1,5,1.8668936421879019,1,-1.1889307116105439,3,0,0,1
7820,619,2,4,-0.13010083762900693,2,-1.1179255191930695,3,2,0,1
7821,670,0,8,0.8516215981687276,0,-0.6675227836705468,3,0,0,1
7822,401,1,4,-0.16028237617257213,2,-0.16676429651699126,2,0,0,0
7823,556,2,7,0.13402399968011525,0,-0.5720524641112709,2,2,0,1
7824,692,1,7,-0.15471807557874265,1,-0.683112455015087,1,0,0,1
7825,733,2,9,-0.13670591641910854,1,-0.4712419701409229,3,1,1,1
7826,488,2,6,0.35929804383291675,0,0.8973727020848161,1,1,0,1
7827,455,1,6,-0.49465599238714597,2,0.6484427524414857,2,0,0,0
7828,538,2,8,1.375560601188991,2,-1.6879820819942741,3,0,0,1
7829,270,2,5,1.0175411417385765,1,0.37905770404738115,1,4,1,1
7830,461,1,3,0.30634245436693136,0,0.23770521136904318,3,2,1,1
7831,648,1,6,0.3757192833981627,1,-0.4762023190846916,3,4,0,1
7832,628,1,2,-0.4656130759713445,0,0.5757574081867303,0,2,0,0
7833,445,1,3,0.8095994898422959,2,-0.8880569255600599,1,0,0,1
7834,543,0,7,1.7354757590107945,0,0.7601482840679008,3,2,0,1
7835,335,2,6,0.6046976500571551,1,-0.3328475592689342,0,3,1,0
7836,640,1,2,-0.862681818102373,1,-0.1361899837935541,1,2,0,0
7837,484,1,1,0.5632200267149418,0,-0.2084769741588408,2,0,0,0
7838,444,1,1,-0.3725016942073339,1,-0.9734129375203225,1,0,0,0
7839,427,1,3,-0.053551802789369655,0,-0.6044143230661039,2,2,0,1
7840,487,1,3,3.8013947752581974,0,-1.4142231848591502,3,0,0,1
7841,410,1,1,-0.5549756296885546,2,-0.039048107381207335,1,0,0,0
7842,631,1,3,-0.5720200203708548,0,-0.38878233725432465,1,2,1,0
7843,420,0,5,-0.6972982878494575,0,1.0868625527289455,2,0,0,0
7844,818,1,3,-0.8695796564452718,0,-0.05577204956211975,1,2,1,0
7845,793,1,4,-0.8205857295038395,0,0.24652126195389326,1,0,0,0
7846,321,1,3,-0.27342484082318685,1,0.02346836809843515,2,1,0,0
7847,513,0,4,1.4389666736155236,0,-1.3733394570955335,3,0,0,1
7848,369,2,7,0.6807052623591663,0,-0.4686538302821346,1,0,0,1
7849,434,2,3,-0.802925970654055,2,-0.6928194404354192,2,0,0,0
7850,900,1,1,-0.16894062262969042,1,-1.6279244415787808,2,2,0,0
7851,438,1,3,0.901030449387135,0,-1.0557195200784504,2,3,0,1
7852,572,1,3,-0.2191866453209863,2,-0.40943049860587566,2,0,1,0
7853,608,1,2,1.4575408136315176,2,-0.7280474349929055,2,0,1,0
7854,299,1,4,1.4176008443029846,0,2.2106731030282276,0,0,0,1
7855,328,2,3,-0.5724638635425356,2,-0.09378623652836376,2,0,0,0
7856,258,1,6,1.0984364782399443,1,-0.9755169683732089,0,2,0,0
7857,322,1,4,-0.11307544353107159,2,0.744916629316489,2,0,0,0
7858,64,2,4,-0.3430641026163065,2,-0.25477286066242455,2,2,0,1
7859,608,1,3,0.5059632024898738,1,-0.11470441873295179,1,2,0,0
7860,910,1,4,0.5775963242734464,0,-1.3697550909993428,2,0,1,0
7861,529,1,3,0.13659362495805208,2,-0.8727086901881357,3,0,0,1
7862,216,1,8,0.6860400723181448,1,0.9216367954126969,3,3,0,1
7863,371,2,7,2.0684417008871407,0,0.10262200739965664,1,0,0,1
7864,408,1,4,1.091665180208618,0,-0.585982382834745,1,3,0,1
7865,296,2,2,-0.9293906421360586,0,0.12679539841676019,2,2,0,0
7866,672,2,3,0.9218687718687785,2,-0.4613889983037141,1,0,0,1
7867,662,2,2,0.5392232224115524,2,-1.1945511885348523,0,0,1,0
7868,268,1,7,1.6505569686406254,0,-1.2145622928030868,0,0,0,1
7869,645,1,1,0.3605425729179843,0,-0.8728707872189165,1,2,0,0
7870,805,1,1,1.1305964533480846,0,-0.9410691982754408,5,0,1,1
7871,880,1,2,-0.9974167287709501,1,1.4657094297321958,1,0,0,0
7872,1073,2,4,2.865104452098367,2,0.31761003416172695,0,0,0,0
7873,319,1,2,-0.7924033206264244,1,-0.02433296126889356,1,1,0,0
7874,1064,2,3,1.023045059913017,1,-1.4205401672662405,1,1,1,0
7875,429,1,6,1.6911931630255275,0,-1.125737212120718,1,2,0,0
7876,381,1,4,-1.0055996227402788,0,-0.6304427414709713,1,2,0,0
7877,565,2,13,1.483665512529424,0,0.20862739010605694,3,0,0,1
7878,383,1,6,0.7896661820953338,0,-0.16059861682094914,0,0,0,0
7879,579,2,3,1.5921673078337244,0,-1.2208554227504438,2,0,0,0
7880,235,1,5,-0.8098814199551236,0,-0.9210488092031306,0,0,0,0
7881,452,2,5,0.5203732827935262,2,-0.7276447190011966,0,0,0,0
7882,757,1,5,-0.32801526891630434,2,-0.9587929532709761,1,3,1,0
7883,488,2,5,-0.7047848647097444,1,-0.15751200689757286,3,0,0,1
7884,528,1,5,0.4275407437030293,1,1.0445285199154488,2,0,0,0
7885,595,1,7,-0.3558749225807399,2,-0.7404631042286017,2,0,0,1
7886,734,2,6,1.3328933612139697,2,1.2347573181884695,0,2,0,0
7887,168,2,6,0.2537309628805423,0,0.07582995619095825,2,0,0,0
7888,616,1,1,-0.8554738025664124,0,1.1481983034194556,1,0,0,0
7889,446,1,7,-0.7142300228603812,1,0.16614563622946868,1,1,0,1
7890,533,1,5,-0.6953632888172544,1,-1.7494389471763088,0,1,1,0
7891,711,1,5,-0.5789876779334826,2,0.5716248778925511,3,2,0,1
7892,261,2,3,0.10886099230669921,0,0.5785082516343649,1,0,0,0
7893,297,1,2,1.277996990129145,0,0.7804317949249587,2,0,0,0
7894,112,1,4,-0.0918099207970311,1,2.018397588317638,2,0,1,1
7895,390,1,3,0.4094747651453229,0,0.06406239756498402,2,0,0,0
7896,766,1,2,-0.6204862748060499,0,-0.08017943528709633,3,1,0,1
7897,475,2,5,-0.25611694100942584,0,-0.10894833923218007,2,0,0,0
7898,231,0,3,-0.294444138119713,0,0.010107424699055165,2,0,1,0
7899,402,1,8,0.2202808470553971,0,0.48290406420426135,2,0,0,1
7900,202,2,6,-0.26566883715516654,1,-1.1834823767885914,2,0,0,0
7901,274,1,5,-0.5940653219185411,1,1.2776684889728456,3,0,0,1
7902,577,1,9,-0.7234947941571054,1,1.446094582397234,1,2,0,1
7903,265,1,5,-0.708863987572397,0,0.324434580605826,0,0,1,0
7904,722,1,5,3.0170054607374164,0,2.128400279439317,0,4,0,1
7905,485,1,1,-0.5579532876003211,0,0.623704774810717,2,0,0,0
7906,517,1,4,0.6632263234605275,2,-0.5328667840155287,3,0,0,1
7907,444,2,2,-0.9325574129663731,0,-0.7528391155064756,0,2,0,0
7908,654,2,3,-0.9123289154944708,0,-0.09449300356149694,0,3,0,0
7909,656,0,3,0.17078124081861104,1,1.4361803626663074,0,1,0,0
7910,567,1,4,-0.38639180258591266,0,-1.4911099361952944,1,3,0,0
7911,612,1,7,1.1528183369337757,2,0.42329800453151273,0,0,0,1
7912,457,1,5,1.0081033749160149,2,-1.2786746449984656,1,0,0,0
7913,608,1,1,0.4253982630135142,2,0.15991248030320054,1,0,0,1
7914,432,1,5,0.7101082720814108,1,0.8938937844394069,1,0,1,0
7915,500,1,7,1.07116971590299,0,1.2467366146212977,2,0,0,1
7916,445,1,3,0.5488018838206286,0,0.25042763077501123,2,0,0,1
7917,408,1,3,-0.24664308372869953,0,0.433116829921518,0,0,0,0
7918,362,1,5,-0.6950686762148738,2,-0.37342528144051573,2,0,0,0
7919,593,1,2,0.5668511121659269,1,-0.01819371065188913,2,0,0,0
7920,762,1,3,-0.6190333302286692,2,-1.146920170316723,2,0,0,0
7921,734,1,2,-0.7222691387088889,1,0.9866481567293627,2,1,0,0
7922,248,2,4,-0.8163046318766539,0,-0.6990914306441439,1,1,0,0
7923,757,1,3,-0.004321823179899559,0,-0.41752697672644107,1,4,1,0
7924,436,2,4,-0.7254144839740259,0,-0.0498092466360595,3,1,0,1
7925,620,1,2,-0.5301094969780321,0,-1.342544579899297,3,1,0,1
7926,318,1,3,0.24788124856981358,1,-0.016491706956090712,1,2,0,1
7927,528,2,1,0.5981680869922826,0,-0.06371210074730731,1,0,0,0
7928,562,1,3,-0.6234119029095609,1,0.7017822685383348,0,3,0,1
7929,203,1,5,0.8739881786342104,1,1.942235575809149,2,0,1,1
7930,621,2,3,-0.9471393313141115,1,-0.4372216329971385,2,2,0,1
7931,769,1,5,3.3245735712700344,2,-1.0359653675988654,2,0,0,0
7932,465,1,6,-0.4592914330048959,1,0.6050726374741595,0,0,0,0
7933,772,2,7,-0.6082780479058139,1,-0.22734591697937268,0,0,1,1
7934,462,2,3,1.608861458808731,0,0.6746937388554087,3,0,0,1
7935,669,1,8,-0.8634251757231514,2,-1.5928269888921334,2,0,0,1
7936,64,1,1,-0.5574430904524035,0,1.4779309264736702,1,0,0,0
7937,983,2,3,-0.5556956543190978,0,1.386182686827863,1,2,0,0
7938,799,1,2,-0.4461511337476306,2,-0.9121525251087976,1,1,0,1
7939,443,1,3,0.9104721490198688,0,0.22805513430775928,1,1,1,0
7940,105,1,4,0.9174869999809916,0,-0.5225177027260006,1,1,0,0
7941,557,2,2,-0.09696104662932072,0,0.33531292594692025,3,4,0,1
7942,211,1,4,3.8727343106023917,0,0.9276800968036306,1,4,0,1
7943,588,2,5,0.8828301823913306,1,0.12587070033714395,1,0,0,0
7944,582,1,4,0.15444431279515272,0,0.6852613080558346,3,0,0,1
7945,311,1,7,-0.7815954942590848,0,-0.016041026792361225,0,0,0,1
7946,724,2,4,-0.19632026742659767,2,-0.8937248281860393,2,2,0,0
7947,661,0,3,-0.7630712567067933,0,0.1643536663858985,1,0,0,1
7948,695,1,3,-0.6426848341323872,0,0.9781325344589541,2,1,0,1
7949,501,1,1,0.1698504713062009,0,0.9282623798518069,1,0,0,0
7950,216,2,3,-0.8005249018828875,0,1.5389035342899609,3,4,0,1
7951,695,1,4,-0.9110010282371787,0,0.5274999958413026,3,0,0,1
7952,445,1,4,-0.23658980760061438,2,-0.9437817902191545,1,2,0,0
7953,222,1,6,-1.006895388266854,0,-0.8252703027807112,3,0,0,1
7954,770,2,4,-0.05299063074355756,0,-0.8124032093507573,0,2,0,0
7955,919,2,4,1.347802916463849,1,-0.4380046942169531,1,0,0,1
7956,491,2,5,-0.793237189021491,0,-0.137572832448098,0,0,0,0
7957,931,1,2,-0.5171067998341696,0,-0.38590426773150543,1,3,0,0
7958,518,1,6,1.5158453519051773,0,-1.002902495494052,0,0,0,0
7959,423,1,3,0.22989120874792626,0,-1.4113712652590187,2,0,0,0
7960,373,1,3,-0.8599908127309812,0,0.04092654163658798,2,2,0,0
7961,827,1,3,-0.5183824122087852,1,1.2131722044300626,0,0,0,0
7962,343,1,7,0.4268059282788666,0,-0.27279779995583747,2,0,0,1
7963,647,1,6,0.10377343733253781,1,0.7602029748541904,1,1,0,0
7964,388,1,5,-0.8357740869636038,2,1.267047727253663,1,4,1,1
7965,407,1,4,-0.9422417199307692,1,-0.7787244697187876,0,4,0,1
7966,706,2,5,0.1563453389987946,2,0.14553077999030847,2,1,1,0
7967,423,1,4,-0.05271119149333582,0,0.11687889486910796,1,2,0,0
7968,419,1,4,-0.9456418547797003,2,-0.15586298091643722,3,0,0,1
7969,726,1,3,2.73642305671438,0,1.2963917077531675,1,0,0,0
7970,819,2,3,-0.7119535324989656,0,-1.2913217134285757,1,0,0,0
7971,628,1,3,-0.5117299051213041,0,-0.5142700001751901,1,0,0,0
7972,369,1,4,-0.8089973170991571,1,-1.221514882503757,1,0,0,0
7973,397,1,7,0.7855670381367541,2,-0.25517796523706976,1,2,0,1
7974,515,1,2,2.3335057302322832,1,-0.36901158990800664,1,0,0,0
7975,564,2,4,-0.7638486496834117,0,-0.3712681358078961,1,0,0,0
7976,302,1,6,-0.6692597955090646,0,0.8362579815820151,4,0,0,1
7977,644,1,4,0.23901589061082926,0,-0.16833536307530822,2,0,0,0
7978,517,1,5,-0.24449759338239246,0,0.23419320134676533,3,1,0,1
7979,156,1,2,-0.8949598344597024,0,-0.1346511569698966,1,0,0,0
7980,314,1,4,1.6769688456752951,2,0.25298624174231094,2,1,1,1
7981,399,1,6,-0.04715944379791401,0,-1.4933908965252571,0,0,0,0
7982,485,2,5,-0.6432653795879524,1,-1.250077569367988,1,0,0,0
7983,877,2,2,-0.32340619902763346,0,-1.1390082571146174,2,0,0,0
7984,547,2,6,-0.3023704019778706,2,-0.27124902400255496,1,2,0,0
7985,331,1,6,-0.24980800649833984,1,0.1843802039606574,2,0,1,0
7986,544,1,3,-0.3083386295484229,0,-0.15550514262080853,0,2,0,0
7987,429,1,6,-0.16870133649167532,1,0.7333402359107899,2,2,1,0
7988,564,1,2,-0.49951570101805276,0,-0.9656293134791332,4,0,0,1
7989,616,1,6,-0.8471489764973795,0,-0.5831944864730753,2,0,0,1
7990,741,2,6,0.10318288511121451,0,-1.007588519041495,2,0,0,0
7991,495,1,5,0.5915654208374154,2,3.0049047043535464,1,1,1,1
7992,827,2,10,0.8625241797062679,2,-0.31884635577781634,1,2,1,1
7993,681,1,5,-0.9852876557700337,1,-0.008737140899098576,1,0,0,0
7994,358,1,5,-0.4804385458346842,1,1.2781521624880314,1,3,0,0
7995,941,1,3,2.894529934577806,1,-0.8200216421051799,2,2,0,0
7996,565,1,1,-0.942153824887427,2,0.8787159150325583,0,0,0,0
7997,332,1,7,0.5581428194681816,0,0.5955165621285358,1,0,0,1
7998,830,2,4,-0.8707560376568602,0,0.9644519095920449,3,0,0,1
7999,915,2,2,0.7627926281157928,0,0.19202755786284287,0,0,1,0
8000,493,1,3,0.12661200980912157,0,0.9577169577015403,2,0,0,0
8001,399,1,3,0.30530188677366815,2,-0.43873171251751,0,2,0,0
8002,465,2,3,2.843155349070459,0,0.758644555575525,2,2,0,0
8003,642,2,5,1.8449063565316395,0,2.1669692486972605,4,0,0,1
8004,755,1,5,-0.6387225630370372,2,0.08687822945491289,2,3,0,0
8005,614,2,3,-0.5294766310747626,1,-0.6182487134803097,2,0,0,0
8006,520,1,7,-0.47606203509541495,1,-0.7954625194080577,0,2,0,1
8007,799,1,5,-0.8053084096725102,0,-0.7653457307752306,0,0,0,0
8008,437,1,2,-0.5197961877069881,1,0.9391225977849488,1,0,0,1
8009,706,1,3,2.922584977802045,0,-1.566295591252811,1,2,1,1
8010,442,1,5,-0.3238847166746721,1,-0.7333713985395497,1,0,0,0
8011,586,1,4,2.093388715244535,0,-0.036994859314964,1,3,0,0
8012,477,1,5,-0.9324571192828037,0,0.5497572320246884,1,2,0,0
8013,488,0,6,-0.9671007303527297,0,0.33201672050638636,0,0,0,0
8014,424,0,1,-0.13678642987945536,1,-1.0931721564800105,1,1,0,1
8015,768,1,8,0.3476772443795631,2,-0.3727422459213985,1,1,0,1
8016,353,1,1,-0.7584647330219566,0,-0.45692895862192723,2,1,0,0
8017,351,1,8,-0.29601786809311714,0,2.03818070418335,2,2,0,1
8018,924,1,6,1.090488164435852,2,-0.36036769147684533,3,0,0,1
8019,695,1,2,0.45097210975612934,0,1.263096205198161,1,3,0,0
8020,64,1,5,-0.739634077687422,0,0.4354717842272832,1,1,0,0
8021,386,1,4,-0.5937325493111401,0,-0.8190474682542945,0,3,0,0
8022,137,1,4,-0.6366445558639507,0,-1.029129284886713,1,0,0,0
8023,309,1,2,0.28506353452102245,0,0.21735683468686132,0,4,0,0
8024,64,2,2,2.498743120069235,0,-1.7102235826392393,1,4,0,0
8025,472,1,2,-0.6736355733619559,2,0.25483179412797896,3,0,0,1
8026,271,1,5,-0.10523800681227218,0,1.5365782396473222,2,0,0,1
8027,511,1,7,3.5390319681258586,0,0.11778830957730042,2,2,0,1
8028,174,1,5,-0.8334576616638101,1,1.9823581993460828,3,2,0,1
8029,516,1,1,0.08663808896188999,1,-0.2223624120203611,0,0,0,0
8030,417,2,2,-0.5975205906085331,2,-0.6887016248785219,2,0,1,1
8031,800,1,1,3.861662301823971,2,-0.2752700338227572,1,0,0,0
8032,782,2,3,-0.8907416705221238,1,1.4229717103224337,2,2,0,0
8033,657,1,4,-0.39748494169957804,1,-1.5210315980854947,0,0,1,0
8034,434,1,5,-0.7084989878119118,0,-1.131458560215438,1,0,0,0
8035,897,1,5,-0.9751183661036024,0,-0.12242410194068931,2,0,0,0
8036,189,1,2,2.361855916897998,0,-0.2019929646022133,2,1,0,0
8037,219,1,3,-0.15378761668121796,1,0.49554131996705836,2,1,0,0
8038,483,2,5,0.2193535680456028,0,-1.3056010567328589,1,1,0,0
8039,950,1,5,-0.023010383715029312,0,2.0032323437147164,1,0,0,1
8040,459,1,1,-0.8443924980764959,0,-0.6218237087564169,1,0,1,0
8041,463,2,5,-0.8176632428245232,1,-1.4543738824469623,2,0,0,0
8042,211,1,4,-0.006346834686870581,0,-0.634801763718058,1,4,0,1
8043,689,1,7,0.5312556311220765,1,0.461845033582713,1,0,0,1
8044,690,1,5,-0.047371044861358465,2,-0.04800374740330191,2,3,0,0
8045,657,1,8,-0.14858796856646433,0,1.066996024468825,1,2,0,1
8046,374,1,1,0.38582278395228575,1,-0.15633987961408433,2,0,0,0
8047,358,1,4,-0.7238969874795055,0,-0.49812174415362426,0,0,1,0
8048,241,1,4,0.3300621764703186,1,-0.3324547377210561,0,1,0,0
8049,516,1,3,-0.4691091532720556,0,-1.2343126663168429,1,0,0,0
8050,283,1,2,0.13230258870618872,2,0.4801688084892244,2,2,1,0
8051,264,1,4,-0.6811825055093602,2,0.8191403061670732,2,0,0,0
8052,415,1,5,-0.8574572722493167,0,0.6742235885994015,2,0,0,0
8053,402,2,7,-0.9777653309590397,0,-1.492735526616962,1,0,0,1
8054,392,1,5,0.6468977273649877,1,1.6455066165316452,4,1,0,1
8055,593,2,4,-0.7847531179240007,1,-0.19136739041461537,0,1,0,0
8056,515,1,1,-0.5484303164833941,2,0.20525844514647562,0,0,0,0
8057,442,1,5,0.48187350876352836,2,-1.370393743834389,1,0,0,1
8058,536,1,3,-0.3994748988955949,2,1.8261339420306912,2,0,0,1
8059,301,2,4,-0.7583478723173916,1,-0.6460892267636773,2,1,0,0
8060,521,1,6,-0.7875443488794924,0,-0.16336970722744135,2,0,0,0
8061,530,2,2,-0.47476822078666475,2,0.048225862050751786,3,0,0,1
8062,199,0,5,-0.16081859375362012,0,-0.823458195387851,2,1,0,0
8063,699,1,4,-0.5011925707852225,0,0.9848524736954847,0,1,0,0
8064,323,1,4,1.3816374431830578,0,-0.20282659915667295,1,0,0,0
8065,518,1,7,-1.00395652895685,0,-0.1436977582185953,2,4,0,1
8066,732,1,5,-0.4848938396307113,0,1.736147105817285,1,0,0,1
8067,685,1,8,0.37337793003892644,1,-0.5723255643432186,0,0,0,1
8068,506,2,3,1.2453998228535654,1,0.5707678513793789,2,0,0,0
8069,427,1,1,-0.5564874732586588,0,1.244645728870689,2,0,0,0
8070,689,1,2,0.13086522453996616,2,-1.0619029285900023,2,1,0,0
8071,634,1,5,-0.1246952196651097,1,-0.31022840537622504,1,2,0,0
8072,376,2,1,-0.7789570050355004,0,-0.9734901314956824,2,0,0,0
8073,341,1,2,0.1540460474488415,0,0.9975717143759124,2,0,0,1
8074,85,2,4,-0.7158561758729802,1,-0.008478047502070226,1,0,0,0
8075,530,0,5,0.550363868475186,1,-0.2755396990896714,1,1,0,0
8076,483,1,5,1.0356454179696997,0,-0.4556943791998704,1,0,0,0
8077,727,1,3,-0.345844752393405,0,-1.2676707774559965,2,0,0,0
8078,571,1,5,-0.9512683542593307,0,0.33912360175951517,1,1,0,0
8079,766,1,6,0.35192328268107853,2,-1.2455539810056109,0,0,0,1
8080,360,2,1,-0.3674674086111876,0,0.062156727464132144,1,2,0,0
8081,727,1,6,-0.9068777837523879,0,-0.6395549577006223,2,2,0,1
8082,394,1,2,-0.5988155785456648,1,-0.4429233962108976,2,0,0,0
8083,655,1,3,-0.6586022942766095,0,1.1125246733469027,3,0,0,1
8084,208,1,6,0.3102197028070529,1,-1.3123608910074676,3,0,0,1
8085,547,1,5,-0.4466722200856833,1,-1.6110845237440647,2,0,0,0
8086,103,1,4,-0.10832834867759746,0,2.4623081434428205,3,0,0,1
8087,446,2,2,-0.3006354387897372,0,-0.7236953279556106,1,0,0,0
8088,588,1,7,0.3024349595448646,0,-1.160534374298578,1,3,0,1
8089,395,1,3,0.2797974353412868,2,-0.07167569608136147,1,0,0,0
8090,289,2,3,-0.40204684063584595,1,-1.3949268023272219,0,2,0,0
8091,669,0,4,-0.8603205630287238,2,-1.0463284513783284,2,3,0,0
8092,479,1,5,-0.4748695554392925,2,-1.1433305013611126,1,0,0,0
8093,402,1,2,-0.830367288665388,1,-1.638839372082112,2,2,0,1
8094,508,1,2,2.2448232348125803,1,-0.2613485456304186,0,0,0,0
8095,1027,1,5,2.0419918496137472,2,-1.4048303426738702,0,0,0,1
8096,730,2,5,-0.3873721865729827,1,0.1249469760735173,1,2,0,0
8097,732,1,2,-0.979368143527043,0,-0.6005341548052805,1,0,0,0
8098,587,2,3,-0.5304087151743274,0,0.8075006443134982,1,0,0,0
8099,533,1,5,1.2853527045458717,0,-1.1657303214515482,2,0,1,1
8100,64,1,4,-0.6623519799302877,0,-0.06643850975808646,0,0,0,0
8101,364,1,2,-0.01843355662912029,0,-1.5888184465217376,2,0,0,0
8102,403,1,1,-0.8011264171054648,0,0.8355743913031676,0,0,0,0
8103,125,1,7,0.7658424391104313,1,-1.1731934423326862,3,2,0,1
8104,268,1,6,1.254822930169221,2,-0.12105880917590885,2,0,1,0
8105,103,1,6,-0.03672573333033171,0,-0.3676490901179454,2,2,0,1
8106,492,2,5,-0.013625917890281631,0,-0.7588352749514679,2,1,0,0
8107,663,1,2,-0.5240191052418891,2,0.04442397357070773,2,0,0,0
8108,721,2,3,0.24101186301646688,1,-1.0221738624031078,0,1,0,0
8109,582,1,4,-0.3457681340438926,1,-0.8759197326332656,1,1,0,0
8110,307,2,4,0.3839210090548705,1,-0.5789290284778122,2,0,0,0
8111,113,0,2,2.5093707832852408,1,-0.11801184861262347,4,1,0,1
8112,148,1,1,0.7497495751555098,2,-0.12723704854404036,1,0,1,0
8113,246,2,4,-0.2669923962280187,2,1.8361579056148287,2,2,0,1
8114,322,1,9,2.9159946475256153,1,0.4134345991738387,4,4,0,1
8115,468,2,6,-0.05774685210670191,0,0.06082827649629227,2,0,0,1
8116,297,1,2,-0.9396451999445383,0,-0.7652618313191374,2,2,0,0
8117,567,1,3,0.3252279485042584,1,-0.05152558698497006,2,0,0,0
8118,453,1,3,0.7365865400442688,0,-0.6627673695760374,1,0,0,0
8119,502,1,6,-0.8605485687013409,2,0.5976529221832069,2,0,0,0
8120,728,1,4,0.14878582197983395,0,-0.825844495021855,3,0,0,1
8121,263,0,5,1.5727429604034744,2,-0.14679410216480163,2,2,0,1
8122,583,2,6,-0.7133303073064864,1,0.2184487328621271,3,0,0,1
8123,497,1,7,-0.11333819748778039,0,2.2609609071836685,3,0,0,1
8124,433,2,2,-0.6813625045139936,0,-1.7753825423389402,2,0,0,0
8125,677,2,5,0.5066038406254388,0,1.182274851860218,3,0,0,1
8126,675,1,3,-0.12394049639321651,0,-1.1446406667016544,1,0,0,0
8127,310,1,4,-0.4395665058920051,1,0.00653314092304074,0,3,0,0
8128,463,1,6,-0.9779444893498964,2,1.9665588207113855,1,4,0,1
8129,556,2,1,1.938406506568147,1,-0.8049436917310229,1,0,1,0
8130,445,2,7,-0.3074610113869727,2,-0.45623238147008094,1,2,0,1
8131,617,1,3,0.6501911238222673,2,0.4637567428514249,0,0,0,1
8132,556,1,1,-0.5019568554108057,0,0.4682210057866156,1,2,0,0
8133,866,2,5,0.9156125010096159,1,0.5200733178807259,2,0,0,1
8134,193,2,6,-0.8304838607018029,0,-1.226440918593512,0,0,0,1
8135,475,2,5,-0.7400576807917917,0,-0.29637082660560093,1,0,0,0
8136,318,1,4,-0.5953817394348102,0,-0.18368508686313784,1,0,0,0
8137,620,1,7,-0.9135101611269844,0,0.013408054849381491,2,0,0,1
8138,176,1,3,-0.41113772773609875,1,0.46231995347228083,1,0,0,1
8139,569,1,3,-0.3311092948991738,0,1.3908956193552942,0,3,0,1
8140,373,2,4,-0.8838382950879476,0,0.002242030122063368,2,0,0,0
8141,353,1,3,-0.4413036213649992,2,0.9716846158003056,2,1,0,0
8142,210,2,1,-0.7843390806711411,0,-0.16452309750830169,0,0,0,0
8143,406,1,5,1.1088337033622313,1,2.366466780166631,0,0,0,1
8144,716,2,3,-0.2837903308717334,2,0.1921116243011557,2,0,0,1
8145,494,1,2,2.0798587604591554,1,-1.7762782067447482,3,4,0,1
8146,625,1,1,-0.5830398750802991,1,-0.37224000472319135,2,0,1,0
8147,832,1,5,-0.5830960133092264,0,-1.1340828088112764,1,0,0,1
8148,552,1,3,-0.5872314225016219,1,0.47102674173510395,1,2,0,0
8149,388,2,2,-0.6901627280110619,0,-1.5598037546145564,0,0,0,0
8150,593,1,8,0.5519133173444476,1,0.8168139425932058,2,1,0,1
8151,391,1,2,-0.6698672757903227,2,1.5913502630822598,1,0,0,1
8152,399,2,4,-0.662363297487096,0,1.085614791363346,4,2,0,1
8153,196,2,2,-0.9590113332167448,1,-1.4196608950695548,0,1,0,1
8154,685,1,7,2.412382023102513,2,-0.10496171578787503,3,4,0,1
8155,422,2,8,1.2034234370129275,1,-0.06711687058473341,1,4,0,1
8156,536,1,6,-0.6559196742459501,0,-0.9101912906967363,3,0,0,1
8157,292,1,5,-0.2597223064032702,2,-0.16219292105341976,1,0,1,1
8158,587,1,4,-0.33738008179585444,2,0.2811368114112994,1,2,0,0
8159,347,1,5,-0.9145053749226242,0,0.3855644558634409,0,0,0,0
8160,471,1,4,-0.23734607322481283,0,-1.3760421757390457,0,0,0,0
8161,675,1,6,-0.8855298121160838,2,0.03365793879084057,3,4,0,1
8162,658,1,3,-0.42881610846407725,0,0.6589330087046849,1,0,0,0
8163,495,2,7,-0.9143925552146747,2,1.7815012310831515,4,0,0,1
8164,146,1,7,-0.10371589018449484,0,1.1289179448723226,2,0,0,1
8165,1098,0,4,-0.956754382523505,0,1.2202805519138873,2,2,0,0
8166,849,2,4,-0.0009329928097912503,0,0.11934231757432864,2,2,0,0
8167,644,1,2,0.24145330958678624,0,0.011917904330452983,3,1,0,1
8168,349,1,12,-0.14742890481550835,0,-0.8935752175868503,1,1,0,1
8169,477,1,4,-0.36311538410384725,0,-0.5569420946995773,3,0,1,1
8170,391,2,3,-0.9440728285302641,0,0.9206577224249998,1,1,0,0
8171,752,1,4,-0.9962502526749245,0,-0.7686824114863432,2,4,0,1
8172,552,1,3,-0.5814942556622639,0,0.45699082915726946,2,1,0,0
8173,343,2,4,0.4924781197109017,0,1.2945581301895004,3,1,1,1
8174,405,1,4,0.05201700683174883,2,-1.2858584483670454,1,2,0,0
8175,724,1,5,-0.8717239213234902,0,-0.6341285818908348,1,2,0,0
8176,820,1,9,0.17659219806675547,1,-0.13781402441237595,3,1,0,1
8177,805,2,4,-0.13777877910013908,0,1.0616408625499059,0,0,0,0
8178,651,2,5,-0.8223577092481036,0,0.25169907043012596,2,4,0,1
8179,449,1,2,0.42391914210412535,0,0.538949527911563,2,0,1,0
8180,64,1,5,0.796193950923456,0,-1.0050360063240502,3,0,0,1
8181,559,2,4,-0.738649180555136,1,0.14084659079675835,0,0,0,0
8182,499,2,1,0.019688197980648817,2,1.9978926045373526,1,1,0,1
8183,527,2,5,-0.5247186179096397,1,0.4985213220941751,2,0,0,0
8184,510,1,5,-0.94659475397925,0,-0.8375098920797795,3,0,0,1
8185,234,2,6,1.0017228834296283,0,-0.20661717401829038,2,0,0,0
8186,611,1,5,0.7404508109473947,2,0.45489330555775304,1,1,0,0
8187,626,1,2,-0.6186840948448731,0,-0.4609240852969414,0,1,1,0
8188,636,2,7,-0.23667757422035374,1,-0.3754124224010598,1,0,0,1
8189,689,1,3,-0.27739419390446274,0,-0.3252848076792315,1,0,1,0
8190,620,2,2,-0.8091684135359078,0,-0.11643387225274573,2,0,0,0
8191,417,1,2,-0.8477310503604899,0,-0.1673056683646986,1,0,0,0
8192,485,2,7,0.8835293927011589,2,-1.1650578510769019,1,0,0,1
8193,518,1,5,1.0467560458542542,1,1.2716401821375303,2,0,0,1
8194,521,1,1,0.30584437711627876,0,1.2380721776758223,0,0,0,0
8195,699,1,3,-0.9310238666181139,0,-0.48340896489121543,2,2,0,0
8196,628,1,7,1.4315779717042783,0,-0.23824816949512634,2,0,0,1
8197,915,2,8,3.0100224942997653,0,-0.5519962989754628,0,3,0,1
8198,941,1,4,0.5120580228021224,0,1.1315801660329072,2,0,0,0
8199,515,1,2,-0.5643658784108735,2,0.866400846540498,1,1,0,1
8200,64,1,4,-0.4784730398302046,1,-0.9472103404311716,0,2,1,1
8201,747,2,4,1.0643800699385069,2,0.9406399146356659,1,1,0,1
8202,391,1,1,-0.6734834569153133,1,0.24853477055673984,1,1,0,0
8203,339,1,2,-0.852264286853041,1,1.3685079171311898,2,1,0,0
8204,420,1,2,0.7522057417711088,1,0.5156726568375412,2,4,0,1
8205,410,2,2,-0.7893487787490694,0,-0.47450430620504663,1,0,0,0
8206,622,1,4,1.4111605624616927,0,0.3331856971301828,2,0,1,0
8207,188,1,9,-0.08683658228457507,1,0.013419964836992444,3,0,0,1
8208,284,2,6,-0.18350196808688393,0,-0.7850777457412341,0,1,0,0
8209,568,1,2,0.5126719534279759,0,-0.33006896805912933,0,2,0,0
8210,624,1,9,-0.9909775356292945,0,2.144998165518176,1,3,0,1
8211,628,0,6,0.2636505067467863,2,-0.6802561404284301,3,2,0,1
8212,342,1,6,-0.07973854445128974,2,-0.10076045379113018,1,0,0,0
8213,304,1,2,-0.2533104177599563,1,0.23825541507689418,1,0,0,0
8214,398,1,3,-0.7586374368784198,2,-0.33614519291910805,3,0,1,1
8215,547,2,4,0.7909924590922554,2,-0.11763036720648493,1,0,0,0
8216,797,1,1,-0.7143836093926503,0,-0.37292066400657325,2,0,0,0
8217,90,1,6,-0.32346650886702044,0,0.12024274032999438,5,2,1,1
8218,455,1,3,-0.8328527229045762,1,-1.2808006538817587,2,1,1,0
8219,233,2,7,2.6928828233263444,0,-0.6948155610382449,1,2,0,1
8220,169,1,4,-0.7878342101210722,0,-1.437296570937543,1,0,0,0
8221,693,1,7,0.6455747009767204,1,-0.1406334708356277,2,0,0,1
8222,608,1,5,-0.6973724465032933,0,1.3426857333696454,0,0,0,0
8223,589,1,2,-0.7070373792254656,2,-1.1609220686351893,4,2,0,1
8224,684,2,5,-0.4508249385434307,0,0.1472321549237592,3,2,0,1
8225,404,1,4,0.8938992340370028,0,0.5675749056120194,1,0,0,0
8226,413,2,2,0.17534875054546703,0,-0.10439859307510975,2,0,0,1
8227,937,1,3,1.0800899754504403,1,-0.27346335567647756,4,2,0,1
8228,450,2,7,-0.9586740151498371,0,1.2539155262569024,2,0,1,1
8229,647,1,5,2.161995965833586,0,1.0554508425650648,2,3,0,0
8230,501,1,3,-0.9262175565082127,1,1.0208323039075649,2,0,0,0
8231,130,0,4,0.2907304743431565,0,1.1818540488517861,2,0,0,1
8232,91,0,7,-0.7717464046731053,2,-0.5122792382720869,3,0,0,1
8233,384,1,3,0.8614157984828574,1,-0.8116294676814886,0,0,1,0
8234,711,1,1,1.0091478942716567,2,1.4788780923794032,1,0,0,0
8235,657,1,3,-0.19288327727421983,0,-0.04880673824686014,0,0,0,0
8236,682,2,3,-0.4834315641149236,0,2.245783332791118,3,2,0,1
8237,302,1,7,0.5959109209942999,1,-0.93402830787583,1,0,0,1
8238,823,1,4,1.0992580161019294,1,-0.7119831398003589,1,0,0,0
8239,307,1,4,0.35544202212027026,0,-0.18219387786878233,2,3,0,0
8240,542,2,8,1.4069662543745511,1,-1.546245154311212,0,0,1,1
8241,497,1,3,-0.006112479588266014,0,-1.3152123939578353,2,0,0,0
8242,465,1,2,0.12119821249631747,2,-0.27784432113337165,1,0,1,0
8243,767,1,4,-0.14505898848805288,1,-1.446685977668106,0,0,0,0
8244,358,1,7,-0.32667209801306024,0,-0.13591500416473917,0,0,1,1
8245,230,1,2,0.07412045090669303,0,-1.2450690841382628,2,0,0,0
8246,503,2,1,-0.17018073965505243,2,0.4466780588659336,1,1,0,0
8247,420,2,5,0.3285239024555723,2,0.393010386254598,3,2,0,1
8248,1175,1,1,1.7602992315425,0,-1.6951708518720907,2,0,0,0
8249,635,2,4,-0.5330019861158142,0,0.5850439375868653,2,0,0,0
8250,418,1,3,-0.46919902253698137,0,-0.6504341536088054,2,1,0,0
8251,288,1,2,-0.9924570109322042,1,2.970813237978069,1,0,0,1
8252,123,0,3,-0.24633709086866212,1,-0.13239928220747063,1,0,0,0
8253,294,1,7,-0.8645828147948833,2,-0.16744473296087875,4,1,0,1
8254,522,1,3,0.272428656283995,1,-1.0214918592624902,3,2,0,1
8255,785,0,4,0.5302280035872928,0,-0.5106650094046873,1,2,0,0
8256,724,1,1,0.29685713552378434,0,-1.4692994546981686,1,0,0,1
8257,545,2,2,-0.20326814922244738,1,0.8328651390635035,1,1,1,0
8258,435,2,3,-0.23077253393851715,0,-1.1040703949765152,2,0,0,0
8259,553,1,5,0.04993159841984734,2,-0.4669840902893095,3,0,0,1
8260,396,1,5,-0.18503123163869062,0,0.16023251679133935,0,0,0,1
8261,843,1,7,0.4033023829563336,0,-0.8556588934641869,4,0,0,1
8262,462,1,7,1.2798780886143954,0,1.358806222900973,1,1,1,1
8263,482,1,5,-0.2265884376376096,0,-1.0044422181423072,1,0,0,0
8264,64,2,6,-0.8889480763271888,0,-0.8893153822351342,2,2,0,0
8265,460,1,5,-0.8650137186764588,0,-0.015373411885962857,0,0,0,0
8266,667,1,1,-0.5283333188134054,0,-0.7819466797055036,3,0,0,1
8267,286,1,2,-0.3103860491290796,0,0.09348602456864709,0,2,0,0
8268,349,1,5,-0.7485498914277856,0,0.8736368402837866,0,0,1,0
8269,658,2,8,-0.39471282340539876,0,0.3062424510853012,4,2,0,1
8270,204,1,5,-0.8594964334351269,0,0.18607465574914916,1,0,0,0
8271,711,2,5,-0.7276260683039931,2,-0.7792775695231282,1,0,0,0
8272,393,1,3,0.3388658982216472,1,0.3590825667730265,1,0,0,0
8273,422,1,3,3.303026862940916,2,-0.7462094504988888,1,0,0,0
8274,275,1,4,-0.7982984623543092,2,-0.8014440956942082,3,2,0,1
8275,575,1,10,-0.5866395157483812,0,0.060548813206452196,2,0,0,1
8276,991,1,1,-0.5686449170666711,1,-0.009493263380895183,1,0,0,0
8277,656,1,3,-0.7508104377095861,0,-0.5445615647832349,1,3,0,0
8278,327,2,4,-0.7757362244405603,2,-1.050172492189163,1,0,0,0
8279,727,1,3,-0.86423922612262,0,-0.15894136966165057,4,0,0,1
8280,436,2,1,1.4135196751230834,0,0.5089834392098052,2,1,0,0
8281,774,1,5,0.05807445597852875,2,-0.9769716953955783,1,2,0,1
8282,661,1,5,-0.6588506097546709,2,2.039390725595871,1,0,0,1
8283,64,1,1,-0.7042292094321456,0,-0.1345809094947859,0,0,1,0
8284,299,1,4,-0.10171735878478212,0,-0.6081347267072589,1,0,0,0
8285,688,2,1,0.20730775702304727,2,-0.01331630344950837,1,0,0,0
8286,530,1,5,-0.7111777319798481,0,0.03234336280366677,1,0,0,1
8287,295,1,3,-0.5741496808380552,2,0.4750468517008324,1,0,0,0
8288,373,1,3,-0.6586436270390623,2,0.003474124572543978,2,1,0,0
8289,118,1,7,-0.9144995391953251,0,-1.3893437135310083,3,0,1,1
8290,482,2,4,-0.5108931791239332,0,-1.6856919001235353,1,1,0,0
8291,942,1,7,-0.2320951940479679,0,-1.429940555174047,1,2,0,1
8292,660,2,1,0.07561165533926112,0,1.0140166392092722,2,0,0,0
8293,938,1,4,-0.45953520782741986,1,0.06906549758720172,2,1,0,0
8294,676,2,2,3.158687853861692,1,0.841088689521609,2,2,0,0
8295,705,2,6,-0.008000446668420485,0,0.21406891310645523,3,0,0,1
8296,894,1,3,1.2060271278671715,0,-0.9419007542322873,1,0,0,1
8297,575,1,6,1.5112498940501582,0,-1.2146500856086893,0,0,0,0
8298,462,2,3,0.744173388458244,0,-0.7582916410096003,3,0,0,1
8299,706,1,2,-0.6877954847041932,1,0.8698840270798476,1,2,0,1
8300,790,2,5,-0.4338584113014813,2,0.2280683083736002,1,2,0,0
8301,404,1,2,-1.00722788621694,0,0.7428417783985476,1,1,1,0
8302,355,1,6,-0.3972063822219257,2,-0.009582332079096466,3,0,0,1
8303,527,2,4,-0.6541310964474281,0,-0.7467629332911464,2,0,1,0
8304,666,1,6,-0.8871694138634351,2,0.47162256006303493,2,2,0,0
8305,659,1,2,0.847093640586518,0,-0.40139659457226007,2,1,0,0
8306,215,1,6,0.1304220324791309,2,-1.4917447873639653,5,1,0,1
8307,882,1,2,6.129094933420808,2,1.569981094120882,3,0,0,1
8308,371,2,2,-0.3061455815058804,1,-0.999540286131346,0,0,0,0
8309,446,2,6,-0.5994705803839823,0,-1.2083820716795786,4,0,0,1
8310,319,2,1,-0.6963614497188716,0,1.1362530759206673,2,0,0,0
8311,1039,1,6,-0.42652837746165023,1,-0.1187572971294402,2,0,1,0
8312,548,1,5,-0.6306479613096637,0,-0.06507674640768428,1,3,0,0
8313,329,2,6,3.7562292002685,1,-0.4545424273402811,4,4,0,1
8314,672,1,4,-0.8025503579729696,1,0.6780614947188612,1,0,1,0
8315,653,1,5,-0.9882184968735787,0,-0.7465948550086945,3,3,0,1
8316,462,2,2,-0.8662225361654026,0,1.2215127056569177,1,0,0,0
8317,668,1,4,1.2513946575766846,0,1.6923702857785563,0,2,0,1
8318,334,1,5,0.196272048863846,1,-1.1396886983649854,2,0,0,0
8319,401,1,2,0.5506677033969963,0,1.0071636568941602,3,1,0,1
8320,97,1,6,-0.6149057427259844,0,-1.350918807887905,3,0,0,1
8321,235,1,1,-0.016484492717160532,0,-1.3896228628706573,2,2,0,1
8322,861,2,2,0.24381887637154892,1,0.26250505394698137,1,1,0,0
8323,828,1,3,-0.6059690747237574,2,-1.3154248301518583,2,0,0,0
8324,513,1,5,0.3034341673926834,2,0.08227894360350411,0,2,0,0
8325,832,2,5,0.0024396550665657974,0,-1.2582057401092257,1,2,0,0
8326,467,1,4,-0.6505499758793831,1,-1.3547276564434132,2,1,0,0
8327,451,1,4,-0.9526316625149155,2,0.7877982804071374,1,2,0,0
8328,511,1,8,-0.7315908945285485,1,-1.4271592896594452,2,0,0,1
8329,475,2,5,-0.024987226292687188,0,-0.7434976872060048,2,0,0,0
8330,456,1,4,-0.07837807022994223,2,-0.3600746529495195,2,1,0,0
8331,728,1,3,-0.2871927157126393,2,0.7887320050143344,2,2,1,1
8332,530,1,2,-0.7132635268376415,0,0.13357487062048504,1,0,0,0
8333,642,1,4,-0.40986447335854087,1,-1.651439064789506,1,0,0,0
8334,706,1,5,-0.8496699231305247,0,0.672403760131288,0,0,0,0
8335,577,1,3,0.09653310158471021,0,-0.8465760812719902,2,0,0,0
8336,305,1,4,1.0606678208736617,0,-0.3917751731939848,2,0,0,0
8337,229,1,3,-0.37418255927130106,0,0.740759464580525,1,0,0,0
8338,529,1,6,-0.7642469369748868,1,0.1939469474137091,1,2,0,0
8339,465,1,5,0.7818024227976617,0,-0.43266593779829754,1,1,0,1
8340,517,1,2,-0.6259102138856089,0,-0.9294323477090437,1,2,0,0
8341,496,2,6,-0.09114038245049644,0,1.5842954847598736,1,0,0,1
8342,1016,2,2,-0.9281063091823769,2,-0.4317600428006558,4,0,0,1
8343,233,0,9,0.27938843960091225,0,0.06815611044417338,1,2,0,1
8344,102,1,4,-0.37988279005795905,1,-0.5854417504348752,2,4,0,1
8345,566,1,7,-0.44793955021461257,1,-1.4778609574036774,0,0,1,1
8346,424,1,6,1.7696535456896978,1,2.2062229869616163,2,2,1,1
8347,563,1,3,-0.3200387331421215,0,-0.9722097649490562,2,0,0,0
8348,616,1,2,-0.9906825377048086,0,-0.05585006837791994,1,1,1,0
8349,756,1,4,2.261468528696188,2,-1.2335318564549365,2,0,0,0
8350,198,1,4,-0.9953655167854545,0,-0.17813300034089738,0,0,1,0
8351,388,1,4,-0.22715846446958907,0,2.357382782254386,1,0,0,1
8352,585,1,3,0.013313545243156479,1,-0.1355414586655516,1,0,0,1
8353,654,1,4,1.2794571615104393,1,-0.76358140491572,2,2,1,0
8354,938,1,7,0.14854005391810804,2,0.15680571981072555,2,0,0,1
8355,691,1,3,0.6873264074780973,0,1.151868387440316,4,0,0,1
8356,488,0,7,0.48658236732315596,2,-1.1424331741790714,0,1,0,1
8357,321,1,4,-0.7635522971943408,1,2.469204266386981,1,1,0,1
8358,387,1,3,0.2182695114821099,1,2.963662860863263,3,2,0,1
8359,381,2,10,0.02443640824980095,0,0.0008931663186868962,3,0,0,1
8360,631,1,4,-0.723409438058746,1,0.051796085798903456,2,2,0,0
8361,551,1,4,-0.8681712808759132,0,-1.770387878113476,2,0,0,0
8362,235,1,2,0.4088097300353708,2,-0.4144791073259461,1,2,0,0
8363,412,1,1,2.5975294974653895,1,-1.6416876728190828,1,0,0,0
8364,675,1,3,0.3561657714615549,1,-0.5672876194832915,0,0,0,0
8365,570,1,1,0.3998826005489688,2,0.368728431365346,1,2,1,0
8366,613,1,2,-0.8223805090460065,1,0.5507241566278432,1,1,1,1
8367,576,2,7,-0.7192513572471524,0,-0.615467065323232,2,1,1,1
8368,825,1,3,-0.11148850174822039,0,-0.15806733110468774,1,0,0,1
8369,547,1,5,-0.9753825003407817,2,1.3718798712488436,1,0,1,0
8370,422,1,1,0.11336104332498614,2,-0.7809474181637909,2,3,0,0
8371,316,1,4,-0.8487575366679151,2,1.0132336412384322,2,0,0,0
8372,549,2,2,-0.46534338809098236,0,0.8636256554391007,0,2,0,0
8373,64,1,2,-0.615329895613152,0,1.482507583465671,1,0,0,1
8374,463,2,3,-0.8933811393938889,0,0.6759887169312793,1,0,0,0
8375,458,1,4,-0.12851079481170657,2,-1.1216972926176663,1,3,0,0
8376,227,2,1,-0.5519689752425926,0,-0.7699528602748638,0,0,1,0
8377,314,1,1,-0.9621133091281987,0,-0.6999051992625138,3,2,0,1
8378,661,1,6,-0.4100782534157206,0,2.4824488326518073,1,0,0,1
8379,546,2,2,-0.10038843633568482,2,-0.24605317544938096,2,3,0,0
8380,520,2,2,-0.8657374203249468,1,-0.6351175389106769,3,1,0,1
8381,561,1,2,-0.11337424369470087,1,0.2532042037909279,1,0,0,1
8382,518,0,1,-0.6421488681507507,1,-0.15142079555767432,1,0,0,0
8383,748,1,3,-0.7020970238621278,1,-0.534754370387887,4,0,1,1
8384,524,1,2,0.6063603083274802,0,0.5130555179856127,2,0,0,0
8385,208,1,4,-0.36646180283027635,0,-0.3323194531358961,0,0,0,1
8386,826,2,2,-0.5250611707630242,0,-0.9798616536211741,3,2,0,1
8387,574,0,2,0.6975535348089841,0,-0.7522316510813328,0,0,0,0
8388,382,1,6,1.4451241574298876,1,1.2296483400082803,0,0,0,0
8389,249,1,4,-0.6229383728112313,0,-1.1782810218523332,2,2,0,0
8390,579,1,5,-0.9552675660124053,1,-0.6819591273548642,2,0,0,0
8391,476,1,4,-0.21647851144747898,1,-0.3910596009189409,2,0,0,1
8392,814,1,5,0.26939978311170726,0,-0.5498370936606294,1,0,1,0
8393,430,1,6,-0.10649660693699547,0,-1.7019864361069323,1,1,0,0
8394,332,1,5,0.1769722562690756,1,0.05516268409085852,3,1,0,1
8395,679,1,4,0.050421881588657395,0,-0.040983644291587455,2,2,0,0
8396,685,1,3,2.1689563890095025,0,-1.0957141734846658,1,1,0,0
8397,533,2,7,1.0357727294767167,0,-0.03713717738126033,3,0,0,1
8398,635,1,4,-0.8640644596304429,1,-0.6086689716723903,1,2,0,0
8399,492,1,6,-0.3949847450250742,0,1.4993254901461914,2,0,1,0
8400,546,1,6,-0.39095469816758965,0,1.2217726103086284,2,0,0,0
8401,732,1,4,-0.38803082866102806,1,0.05610321004499661,1,0,0,0
8402,625,1,2,1.7071149437265765,2,-0.5864577788988852,1,0,1,0
8403,466,1,6,-0.6047955317465996,2,-0.9541342133717062,2,0,0,0
8404,770,0,2,-0.038960661513345214,0,-0.8301406165987929,0,0,0,1
8405,64,1,4,1.29724467817625,0,-0.5650850242425179,1,2,0,0
8406,910,1,4,-0.9551169739413492,0,-1.2168965074324247,1,0,1,0
8407,158,1,4,1.1364457799079641,0,-1.360422782607766,1,0,0,0
8408,374,1,2,0.4648734548338199,0,0.8854555788359063,1,1,0,0
8409,491,2,5,-0.7708489843671725,0,0.5496399407564844,1,0,0,0
8410,470,0,5,-0.6073343990709079,0,0.14747296404223922,1,3,0,0
8411,701,1,4,-0.6295943089589994,0,1.1967401859449476,2,1,0,0
8412,288,1,3,-0.7534517226246688,2,-0.4208647823112341,1,0,0,0
8413,552,2,4,0.027075585021194597,1,-0.3152847374291774,3,1,0,1
8414,384,1,3,3.126078499078977,0,0.25981245204760073,1,0,0,0
8415,559,2,3,-0.8224936736565768,1,-0.2649082452076452,2,0,0,0
8416,487,2,7,-0.7391375298197671,0,0.6156086379661518,2,1,0,1
8417,518,1,3,-0.6589850760195071,0,2.104751614201842,1,1,0,1
8418,390,0,1,1.8132569332996096,1,-1.3045659146751571,2,2,0,0
8419,397,0,2,-0.008044229654699255,0,0.4218752236648451,0,1,0,0
8420,557,2,1,-0.7646723933819701,1,0.2708144774269506,1,2,0,0
8421,688,1,2,0.6495657926662253,0,-1.1899845069739954,0,0,0,0
8422,380,1,3,1.5982160266390342,1,-1.1369872014865534,2,1,0,0
8423,326,1,7,-0.48245770779994196,1,-0.5766564586476552,0,0,0,1
8424,622,1,4,-0.8148924934335031,2,0.6410524606535452,1,0,0,0
8425,493,1,7,-0.6305825580301557,0,1.102191522266856,2,1,1,1
8426,666,1,2,-0.7589120766291552,0,0.33977230089649996,4,0,0,1
8427,318,1,1,-0.7790913166447822,0,-0.4295880174907343,5,0,0,1
8428,144,1,6,-0.8173832138446601,2,-1.328867995756609,3,0,0,1
8429,393,1,4,1.1156708664574069,0,-0.8614083628318139,2,0,1,0
8430,346,1,4,-0.9165269273503432,0,0.9696237941750391,0,0,1,0
8431,484,2,6,-0.46542460161041316,0,0.719255702985686,1,0,0,0
8432,372,1,6,-0.9927652099936218,0,-0.27405751074992546,3,1,0,1
8433,648,1,6,-0.6546456764068894,2,-1.386588107620046,3,0,0,1
8434,442,0,4,0.24046961935307903,1,-0.05251461964630944,2,0,0,0
8435,530,1,5,-0.7772955192198794,0,1.0101093407375483,2,0,1,0
8436,531,1,4,5.774542234417367,2,2.152388668084431,2,0,0,1
8437,538,2,2,-0.9575130625526107,0,0.6623404367140636,3,2,0,1
8438,495,2,4,-0.8586137275418314,2,-1.3894550759121351,2,0,0,0
8439,602,1,5,0.5644555484159358,1,-1.8055862806848784,1,0,0,0
8440,340,2,5,2.785497188613197,0,-0.40903683996372026,1,2,1,1
8441,779,2,5,2.124150369028586,0,-0.4326380423583467,1,1,0,0
8442,452,1,2,0.620145481787401,2,0.483126346578343,0,0,0,0
8443,237,1,1,2.6652654156803166,0,-0.908853067050063,1,0,0,0
8444,537,1,3,0.8610937198383765,2,-0.2567527259922765,2,0,0,0
8445,329,1,9,-0.9470658469206975,2,-1.2962657524173586,2,2,0,1
8446,633,1,6,0.892491694785248,1,-0.77386039346634,2,0,0,0
8447,941,2,1,-0.3353432215717694,0,-0.8869223823865209,3,0,0,1
8448,342,1,3,-0.3872457236443215,0,-0.44309557745193645,0,1,0,0
8449,566,1,3,-1.0052898110067157,1,0.2490236014632115,1,0,0,1
8450,148,1,3,-0.02305800458188409,1,-0.9735219674312598,2,1,0,0
8451,590,1,7,0.12471282523413547,0,-1.255874085293825,3,2,0,1
8452,322,1,4,0.5829217741130999,2,1.3827097059502496,3,4,1,1
8453,375,1,1,-0.606668137085336,2,-0.7754221864400483,1,0,0,0
8454,279,1,1,-0.868401549071221,0,-0.6799390403608429,0,0,0,1
8455,646,2,4,-0.41840961669193305,1,0.8592860069774798,3,0,0,1
8456,701,1,2,-0.5503083208050359,1,-0.1931782208622961,0,0,0,0
8457,504,1,4,0.41494591150046173,0,-1.4797685405035252,2,2,0,0
8458,327,1,5,-0.7427739366420104,0,-1.3012459022167144,1,2,0,0
8459,817,1,3,-0.8566243950587943,1,0.4488614560553529,1,0,1,0
8460,349,1,2,-0.41780085177915693,0,-1.276114476311457,1,2,0,0
8461,67,1,2,-0.002134047860788416,1,0.7303825135747174,1,2,0,0
8462,591,2,1,-0.6723361584284827,1,1.5410117409399562,1,0,0,1
8463,279,1,5,-0.8842596996727483,0,-1.722159423659567,2,1,0,0
8464,697,1,5,-0.41974135212663644,0,-1.2481345330099038,2,0,0,0
8465,423,1,8,2.314904927994885,1,-0.12861991153337463,3,1,0,1
8466,620,2,4,2.4714104954725338,0,-0.9625137382254774,2,0,0,0
8467,780,1,1,0.24656291599350566,0,-0.13337168515857717,1,3,0,0
8468,258,2,4,0.5190601790483875,0,-1.0882582458828272,2,0,0,1
8469,386,1,3,-0.7764347261583319,0,1.5007009608220245,3,0,1,1
8470,484,1,2,-0.5303920670201473,0,-0.783014914617824,2,0,0,0
8471,807,2,3,-0.06375540633350808,0,0.9121243896417643,3,0,1,1
8472,368,2,9,0.4038146115245072,0,0.26989875488451687,2,0,0,1
8473,381,1,1,-0.8224776370835132,0,-1.2526816575567266,2,0,0,0
8474,595,1,4,-0.3856058958534695,1,0.13893762059907888,1,0,1,0
8475,384,1,2,-0.8271904912100622,0,-0.3586834703199886,1,3,0,0
8476,530,1,5,0.01265184018789081,1,-0.69986274567218,0,0,0,0
8477,189,2,3,0.4965313359297952,2,0.6518370216316632,2,1,0,1
8478,942,1,3,0.8143597647157008,0,0.5791130489492896,2,1,0,1
8479,230,1,5,0.33279093948994554,1,-0.5830386852133815,2,1,1,1
8480,435,2,2,-0.8315655605297756,0,-0.5891379470422946,3,1,1,1
8481,493,1,3,0.7849134261562526,0,0.8208261486052333,1,0,0,0
8482,882,1,2,-0.5938204209196393,1,-0.30110341753532177,1,2,0,0
8483,235,2,5,0.8294683273234342,2,-0.04364460755317823,0,1,0,1
8484,896,1,1,-0.7140438283726893,1,0.35832318642902344,2,0,0,0
8485,651,1,4,-0.35113316315350857,0,-0.7832177851869783,1,0,0,0
8486,583,1,1,-0.13380844962659316,0,1.8193166733351103,1,1,0,1
8487,303,1,4,-0.9719210711709312,0,-0.4123380791688399,2,3,0,0
8488,614,1,5,1.3723541909726662,1,-1.2836985727634405,2,0,0,0
8489,355,1,4,-0.27911632088858834,0,-1.490447255076407,0,0,0,0
8490,753,0,4,-0.7909749590813799,0,2.395728261037334,1,0,0,1
8491,305,0,2,-0.8295474510805414,1,-0.652616997567787,0,0,0,0
8492,477,2,10,0.17206889525805222,0,1.9016399352403919,2,0,1,1
8493,388,1,3,-0.9211394035936642,1,0.5210516428014241,2,0,0,0
8494,302,0,2,-0.41846153079660203,1,-0.584193869268832,2,1,0,0
8495,648,1,11,-0.21745481573201367,2,0.1994992902501251,2,1,0,1
8496,607,1,6,-0.7378886484225156,0,0.3774343241683165,1,0,0,0
8497,741,2,2,-0.8671569387588514,0,-0.5248000818274217,1,1,0,0
8498,144,1,3,-0.32160363773753387,2,-1.0512394972950498,1,2,0,0
8499,712,1,2,-0.5847430290437237,0,0.10705190225537631,2,0,1,0
8500,1001,2,3,-0.8541777900963063,0,-0.265139001462254,2,0,0,0
8501,409,1,5,-0.7676323657453559,0,0.2799018620847592,4,1,0,1
8502,879,1,5,-0.3603323278320996,2,0.03345708025816743,2,1,1,1
8503,447,1,3,-0.8626495635978882,0,-0.9848166690264316,1,0,0,1
8504,225,2,4,1.7898764598601196,0,0.360627197097822,2,4,0,1
8505,438,1,5,0.511341607367914,1,0.5851193601480381,1,2,0,0
8506,709,1,3,-0.6072642135794304,0,-0.7200090736639971,1,0,0,0
8507,332,1,5,-0.7038709295297865,1,-0.8424547390082701,0,0,0,0
8508,379,1,5,1.1013929826859898,1,-0.721981252982322,1,0,0,0
8509,618,0,6,-0.4416065410682534,1,-1.4398589791612346,1,0,0,0
8510,500,1,4,1.0117829212087277,2,-0.9492705912149678,0,3,0,0
8511,616,1,2,0.37188207517066446,1,-0.9639592117459704,1,0,0,0
8512,547,1,7,-0.9095714010880568,0,-1.5875173123136272,1,3,0,1
8513,595,2,4,0.7007218590788561,0,1.8996973877279422,1,1,1,1
8514,413,1,4,-0.21832931115520832,1,-0.23308076965086175,1,0,1,0
8515,546,1,3,0.14344084498958834,1,0.3030481627556945,1,0,0,0
8516,314,1,6,-0.7564540836870838,2,-0.40061165723817616,3,0,0,1
8517,757,1,5,-1.00722788621694,0,1.6185384566985201,0,2,0,1
8518,373,2,2,-0.5949289488937963,0,-0.048811599100403696,1,4,0,1
8519,725,2,1,-0.7927539394703611,1,0.01788579437027602,1,1,0,0
8520,453,2,10,-0.42678878107151513,0,-0.6759257958071271,1,0,0,1
8521,540,2,2,-0.9109374522629751,0,-1.36492202641148,1,4,0,0
8522,401,2,7,1.2848902708663148,2,-1.1833086264719381,2,1,0,1
8523,296,1,2,-0.8793197770026091,0,0.29053099757480005,0,2,0,0
8524,151,2,6,0.461529355658971,0,0.31026018982561365,1,0,0,0
8525,288,1,2,1.8422333572708824,1,0.32409007236203335,0,1,0,1
8526,435,1,3,-0.8446852582309563,0,-1.4293107749800766,2,0,0,0
8527,542,1,4,-0.5752179618367746,0,1.2157122499059865,3,0,0,1
8528,702,0,5,0.32785244662683777,0,-0.6824452983281402,2,1,0,0
8529,410,1,5,0.2669332227761487,1,0.19161100083324323,0,0,1,1
8530,323,2,2,-0.9691001673298032,1,1.8719305325768862,1,1,0,1
8531,211,1,5,-0.933293535475207,0,0.43691243560688064,1,3,0,0
8532,596,1,6,-0.8776845239034669,0,-0.5653591707438356,2,2,1,0
8533,776,1,3,-0.15414087143493005,0,0.8881704181033526,0,2,0,0
8534,753,1,4,-0.950280205485297,1,-0.6032696390137119,4,0,0,1
8535,641,1,1,-0.10496763251051791,2,-1.642727043291078,1,0,0,0
8536,627,1,2,-0.5814471495097916,0,-0.9343562134683072,2,1,0,0
8537,839,2,2,0.1179271687554373,1,0.4139503373475504,2,0,0,0
8538,566,1,3,0.5416219371866468,0,0.4179333515394271,2,2,0,0
8539,629,1,2,0.586250762955582,0,0.0895425104448325,0,0,1,1
8540,435,1,6,-0.9688467909970632,0,2.0097507184659356,0,2,0,1
8541,227,1,1,1.9835471855705538,1,-1.5007696419125591,1,1,0,0
8542,363,1,4,-0.10931653338186642,1,-1.7351157221077054,2,2,0,0
8543,498,1,1,1.2912361393545715,0,1.3809695238187836,2,3,0,0
8544,512,1,5,-0.036658383292672514,2,0.4146860855722621,2,0,0,0
8545,885,1,3,-0.3346788463101368,0,1.2834681523173046,0,1,0,0
8546,516,2,3,0.3228203830178399,0,-1.1050105466202436,1,0,0,0
8547,735,2,5,-0.755911146491423,0,2.2256124414064447,1,0,0,1
8548,412,1,5,-0.8970502739045475,2,0.5910203625652971,1,2,0,0
8549,437,1,2,-0.9113844095292435,2,-1.533021919907807,2,0,0,0
8550,234,1,3,0.9158311221791583,0,-1.0079059769887426,0,4,0,0
8551,351,1,1,1.4692370127140084,0,-0.6404280662831435,2,0,0,0
8552,605,2,6,0.705151668167081,1,0.1740201861192783,1,2,1,0
8553,501,1,4,1.3801896050716511,1,2.2955016526724794,2,1,0,1
8554,688,1,6,3.248508925760439,1,-0.20008447856138975,0,2,0,0
8555,536,1,5,-0.2484330862978174,0,-0.8518862514166865,1,0,0,0
8556,429,0,4,-0.8379136792872506,0,-0.6401046727124728,1,0,0,0
8557,929,2,1,-0.05555901581797948,0,1.0424117806708506,1,0,0,0
8558,481,2,8,-0.5636096075911053,2,-0.17590660814781614,3,0,0,1
8559,732,1,8,-0.5752618444986725,0,-1.1347839328695508,1,3,0,1
8560,419,1,2,0.31561868416110755,2,-0.5964634422802279,1,0,1,0
8561,641,1,6,-0.9112138913266116,0,0.806334934878069,1,2,0,0
8562,685,1,3,-0.9689559744652682,1,-0.9664618564024978,2,2,1,0
8563,541,1,5,0.20078531981740405,0,-0.49056976846435085,2,3,1,0
8564,64,1,3,-0.7006099847981998,2,0.006209420938202233,0,0,0,0
8565,503,1,4,-0.5125948454417928,2,-0.7622818322216198,1,2,0,1
8566,746,2,4,-0.6339426664894559,0,-0.42968703351845394,1,1,0,0
8567,605,1,7,-0.037461400175929443,0,-0.7246968764296352,1,0,0,1
8568,589,1,7,-0.8371501210189569,0,-0.11272694508063384,1,0,0,1
8569,155,1,5,0.28899144351701334,2,1.2303170468828126,2,2,0,0
8570,355,1,1,1.6256731030143075,0,1.4078973809415953,5,0,0,1
8571,582,1,6,0.831590738030506,0,1.3660267900330652,4,0,0,1
8572,582,1,4,1.4082806061445112,2,-1.6981706800492142,2,0,1,0
8573,742,1,3,1.8051402895451751,1,-0.5601978140743481,1,0,1,0
8574,471,1,3,-0.5341580059074751,2,-0.5101849179658976,0,2,0,0
8575,581,1,7,0.6076390594599613,1,0.32108190834413636,2,0,1,1
8576,503,1,3,-0.31334417276460214,0,-0.2635534397368596,1,0,0,0
8577,302,1,4,-0.6880913836896159,2,0.5512271715417676,1,4,1,1
8578,64,1,8,0.3895116776861118,1,0.5209026927539215,1,2,0,1
8579,586,1,10,-0.7231972299426883,1,-0.865521170929876,2,4,0,1
8580,534,2,3,-0.8897721042520723,0,0.41773854953467043,0,2,0,0
8581,376,1,1,0.2324648502579845,2,-0.10794483077192156,1,2,0,0
8582,176,1,5,-0.6630176342006833,2,-0.09755028761836551,1,0,0,1
8583,625,2,2,-0.6364577293976753,0,0.7423692775284227,1,0,0,0
8584,446,2,6,1.1581902805957123,0,0.10918431113223458,3,1,0,1
8585,611,0,4,-0.8597255247834461,1,-0.3130347352881713,2,1,0,0
8586,872,1,3,0.46438467558998064,0,0.6348895428904276,2,1,0,0
8587,71,1,3,-0.5114167813687316,0,0.34297428457126444,2,2,0,0
8588,360,1,2,1.2653491855373638,1,2.4468723271326165,1,0,0,1
8589,458,1,2,-0.4175124445433316,0,0.6357783892170077,0,2,0,1
8590,790,0,4,-0.4728982499661698,2,-0.188873245684907,2,0,0,0
8591,172,1,2,-0.4363786689494717,2,-0.8327581454701358,1,0,0,0
8592,887,2,6,0.8414546481102837,2,-0.9891883287860225,1,1,0,0
8593,527,1,9,-0.9971172008032292,0,-0.36633814664984515,2,0,0,1
8594,480,1,1,0.2333035081972677,0,0.03916649934725877,1,0,0,1
8595,460,2,8,-0.7742229536379621,1,-1.3401429751580682,4,4,0,1
8596,412,2,5,1.1668054060322401,1,0.6661594510497597,3,0,0,1
8597,709,0,4,-0.5283199431069888,0,-1.3416166903548576,0,0,0,0
8598,286,2,4,-0.5868564858384787,0,-1.0798958382850286,0,0,0,0
8599,569,1,3,0.2604083194388318,1,0.5143997174566245,2,0,0,0
8600,423,1,1,0.29578818282859687,0,0.36864951403911483,0,0,0,0
8601,347,2,1,0.01362993308924029,0,-0.4379325647588654,1,0,0,0
8602,1017,1,2,-0.6008341648753234,0,0.18326329350170945,1,0,1,0
8603,583,1,1,-0.04924473130612927,1,0.6545114033348323,2,2,0,0
8604,622,1,8,-0.9511163717509088,1,-0.16233727239853285,1,0,0,1
8605,727,1,5,2.15028939121768,0,1.605684094950044,0,1,0,1
8606,215,1,3,-0.39478417916509634,1,0.4276150710584275,1,2,0,0
8607,850,2,8,-0.6385671733913687,0,0.4385681264297063,1,0,0,1
8608,64,1,5,0.9975190681110991,2,-1.16182890730122,1,1,0,0
8609,346,1,5,-0.6093519901637279,0,1.8859474521109294,3,0,1,1
8610,408,2,6,4.961102676820821,0,1.1144638041510306,5,2,0,1
8611,616,1,6,0.18530025057857477,1,-0.33068471660818516,2,0,0,0
8612,543,2,4,0.058671266276470305,0,-1.674164670917374,1,0,0,0
8613,466,1,4,-0.8403437563201513,0,-1.2342543616664237,1,0,0,0
8614,497,0,5,-0.050523875751238685,0,1.1314580291924845,1,0,0,0
8615,304,1,2,-0.836416776821327,1,-0.4495366056976834,3,1,0,1
8616,200,1,5,0.5489363319814525,2,1.4159205090705167,2,0,0,0
8617,645,2,5,-0.8563512513343509,1,-0.9301102189144288,2,2,0,0
8618,638,2,1,-0.5558041817158382,1,1.852866362842014,1,0,0,1
8619,816,1,1,-0.3491340113669904,1,-0.13645366207923257,0,0,0,0
8620,341,0,3,0.6558351194472952,2,1.0993929908106916,1,3,0,0
8621,638,1,4,0.010993281786868979,0,-1.4683770863922172,0,0,0,1
8622,443,0,5,0.3938821888523738,0,-0.5068593534450323,1,0,0,0
8623,738,1,7,-0.7234050559109555,0,0.18343744714820637,2,1,1,1
8624,704,1,7,-0.732393124763433,0,0.7014546960154743,1,0,0,1
8625,542,1,2,-0.5206421357493334,0,-0.6696329122227901,1,0,0,1
8626,432,1,8,-0.9886837882045361,0,0.12892093517674305,1,0,0,1
8627,692,1,4,0.7985919688338173,2,0.19171534716023916,1,0,0,1
8628,629,1,2,-0.5379839683495482,1,-0.5618895733685502,1,1,0,0
8629,363,1,3,-0.9367247977098355,0,1.2429301084880224,0,0,0,0
8630,234,1,6,1.0847008952192998,0,-1.8139965696892975,1,0,0,0
8631,442,1,5,2.4874664706249496,1,0.4352330550460649,2,0,0,0
8632,803,2,4,0.050019649186245685,1,1.058658877796018,1,0,0,0
8633,729,1,4,-0.5593583163996944,1,-0.7544947150420663,2,2,0,0
8634,277,2,3,-0.46471794032962105,0,0.16947440936697553,2,0,0,0
8635,266,0,4,-0.7068836663564554,1,2.0466226763702258,5,0,0,1
8636,754,1,2,0.2556449657967291,2,-0.5962846073511895,1,0,1,0
8637,272,0,8,-0.5601739833720163,0,0.8183287894385591,1,2,1,1
8638,601,1,2,-0.9742762007096601,1,-1.1061582142356288,4,0,0,1
8639,376,1,1,-0.959794388902914,0,-0.6244968070594632,1,0,0,0
8640,823,1,9,-0.037703376698103655,0,-0.9572294347810523,1,2,0,1
8641,345,1,4,-0.6589709214508632,1,-1.203721155741168,3,0,0,1
8642,728,2,4,-0.8200745490853865,1,-0.5323663639027572,3,2,0,1
8643,536,1,6,-0.190352301260068,0,2.416192430079676,1,0,0,1
8644,550,1,1,-0.6759526361477672,2,2.4457203546795516,2,0,1,1
8645,105,2,4,-0.9303986922624528,0,0.0847308274068917,2,2,0,1
8646,64,1,5,-0.789033718855337,1,0.07571674462733284,1,1,0,0
8647,455,1,2,0.5225041404844787,0,-0.3192301125485319,2,1,0,0
8648,549,1,3,0.9354034578167724,2,0.6383160699198466,1,0,0,0
8649,274,2,1,1.0841611030984184,0,0.5645869537955757,2,1,0,0
8650,282,2,2,-0.22942744799101253,0,-1.283312174747385,3,0,0,1
8651,612,1,4,2.0585904823208776,2,-0.11654095162534198,3,1,0,1
8652,612,1,6,-0.8405688654838478,1,-0.966995409581909,2,2,0,0
8653,472,1,6,0.14582868171950905,2,-1.3401010363118293,0,2,0,0
8654,656,1,4,0.2312329541274422,0,0.41188622579216083,2,0,0,0
8655,265,2,3,-0.9522777493571625,1,-0.025734794703811466,0,0,0,1
8656,428,1,7,-0.6702829111691018,1,-1.3810871127983968,2,0,0,1
8657,829,1,7,2.019875835876087,2,-0.9170213624001012,1,0,0,1
8658,513,2,6,0.4395306889993926,0,0.5504265373318621,0,2,0,0
8659,525,2,4,-0.9506559681691805,0,1.508914236504924,2,0,0,0
8660,961,1,4,-0.21630960257077392,1,-0.9200211700731828,1,0,0,1
8661,220,1,6,0.05590071164914353,0,-0.18839857908317587,2,4,0,1
8662,659,1,1,2.6689175942536933,1,-0.8893524878277549,3,2,0,1
8663,832,1,2,0.27398204686842004,2,0.2913019354315075,1,0,0,0
8664,435,1,4,0.02744869935448085,2,-0.8556294858835108,1,2,0,0
8665,671,1,3,1.4247199087768017,0,1.023998112357143,1,2,0,1
8666,303,2,4,0.0921872272137098,1,0.2915064752781333,2,1,1,0
8667,362,0,5,1.7281450838417909,1,1.2686138998540137,1,2,1,0
8668,576,1,2,-0.31746207202950555,0,-1.0355264341342745,2,0,0,0
8669,659,1,6,0.28165396997081865,1,-1.1527564569063449,3,0,0,1
8670,724,2,4,0.008212197544497112,2,-1.400877100299228,3,0,0,1
8671,813,2,5,-0.18998648211713562,0,0.12534293107857253,2,0,0,0
8672,486,2,3,-0.609468464066641,1,0.8212326500415844,3,1,0,1
8673,738,1,2,1.3732402671023534,0,0.9120067006172798,0,0,0,0
8674,431,1,1,-0.6877131826127467,2,0.09909193891755909,2,0,0,0
8675,680,2,1,-0.8312700429402973,0,-1.0987036653061697,1,1,0,0
8676,541,1,6,0.25837787357496,1,0.7141592012480427,4,2,0,1
8677,589,1,3,-0.20347342637550064,1,-1.7668461612565063,0,0,1,0
8678,584,1,2,-0.6976740918116159,1,-1.5229142466773589,1,0,0,0
8679,179,2,8,1.069628139819871,0,-0.9726499128147384,0,0,0,1
8680,275,1,4,-0.6649401372097321,1,0.4820042469282498,1,2,0,0
8681,520,2,2,-0.9408304180254327,1,0.5034614703485737,3,2,0,1
8682,162,1,1,-0.9921129492280447,0,-0.7249615580173261,1,0,0,1
8683,666,2,6,1.5979828698547025,1,1.3463316685545232,1,1,1,0
8684,674,1,4,-0.48461061473762046,0,0.47304079630677653,1,2,0,1
8685,565,1,7,-0.7636117268885628,1,0.8848322821622889,4,0,1,1
8686,275,2,2,-0.15630575607351713,1,-0.14633894492746072,0,1,0,0
8687,776,2,1,-0.32722153433382,0,-0.08899359482683054,3,0,1,1
8688,907,2,2,7.898826244324807,0,-0.812901289451723,3,0,0,1
8689,529,1,3,1.2233965130352018,0,-0.46503220478574037,2,2,0,0
8690,602,1,5,-0.6862384366113372,1,0.6187720471553128,1,0,0,0
8691,540,1,3,0.20894533279613212,0,-1.0548178887379087,1,0,0,0
8692,606,1,3,-0.5098211663862967,1,1.232708455596688,0,0,0,1
8693,476,2,2,-0.5468739209488441,0,0.8755665463902949,1,2,1,1
8694,493,1,9,-0.5425926714207374,0,-1.1094225196161327,3,4,0,1
8695,681,1,7,0.029142361922403926,0,0.1831301406901446,2,3,0,1
8696,969,1,9,-0.22251436624926485,0,2.0814132053284564,2,0,1,1
8697,219,1,3,0.4228734103834695,2,-1.1715953464456375,4,0,0,1
8698,479,2,6,-0.8389886229412178,1,0.1701469536514209,2,2,0,0
8699,263,1,3,-0.44426704200343675,1,0.8237971554686027,2,1,0,0
8700,818,1,3,0.9941936981273547,0,-0.5548021468672928,1,1,0,0
8701,382,2,2,-1.0046400035170961,0,-1.3278736485136626,1,0,0,0
8702,211,1,4,-0.014356176129609181,0,1.6861267139497476,3,0,0,1
8703,627,1,2,0.559010787192177,2,0.7412342656200389,1,0,0,0
8704,848,1,4,-0.5153167717858651,1,-0.6494151612949289,1,0,0,0
8705,632,1,3,1.179748024551223,0,-0.7340399564178932,1,0,0,0
8706,540,1,3,0.34551196426499814,0,0.4551495725170009,2,1,1,0
8707,581,1,2,-0.06041999466228409,1,-1.5306642578978862,0,0,0,0
8708,782,1,6,-0.7830376867594824,2,0.10489725850415886,1,0,0,1
8709,325,1,5,0.12006304787745882,1,-1.4549947057335777,1,4,0,1
8710,477,1,3,0.8171605740780565,0,-1.202389055221986,1,0,0,0
8711,409,1,6,0.3234995998051612,0,0.3471690333337869,1,0,0,0
8712,266,2,4,-0.13791928502408551,1,1.1153636262531441,1,2,0,0
8713,434,1,4,0.2673420828974208,0,1.406317206882008,3,0,0,1
8714,721,2,2,2.8239381257348257,1,1.1828021873087153,0,0,1,1
8715,613,1,3,-0.9968148167689891,1,-0.5215921123283079,1,4,0,0
8716,628,1,5,0.10120020256780594,2,-0.8771005053342911,1,0,0,0
8717,529,1,3,0.5940489196070114,0,-0.9561811373871636,1,0,0,0
8718,604,0,2,0.028117614247073423,0,-0.4998936589303849,2,0,0,0
8719,339,1,4,-0.68345812328362,0,0.7249915598973082,2,0,0,0
8720,438,1,2,0.7519366037789965,2,-0.9669420746840306,2,3,0,0
8721,538,0,6,1.4792100030857929,0,1.5575045182268592,2,0,0,1
8722,555,2,3,0.16224096735084284,1,2.6675847232465597,1,0,1,1
8723,564,1,4,-0.2801966019529239,0,1.8455964813088115,1,0,0,1
8724,472,0,1,-0.5438557487446519,2,1.071064460945203,0,1,0,0
8725,424,2,5,-0.6004569238844897,2,-0.07862628624781375,0,0,0,0
8726,1131,1,4,0.2986454863356804,0,0.22413304558099695,3,4,0,1
8727,681,1,4,-0.05764029446436857,0,-0.362193257266022,0,1,0,0
8728,582,1,4,-0.8343372742864402,1,1.4502647919829377,3,1,0,1
8729,453,1,4,-0.8531657982255475,2,0.9696830158618145,1,0,0,0
8730,409,2,2,-0.9328500201817326,1,-1.077626996095507,2,0,0,0
8731,473,1,4,0.16226406448262945,0,-1.6423313560437636,3,2,0,1
8732,558,1,4,-0.6240058802119102,1,1.2616927490488001,1,0,0,0
8733,123,2,7,-0.9870639810005664,0,-0.11659861666792114,2,4,0,1
8734,186,1,3,-0.588797648441284,1,0.02342651497191483,2,0,0,0
8735,372,0,3,0.8071136215773177,0,0.12646175500575374,1,2,1,0
8736,541,0,7,-0.7184308555536352,2,0.5661342670147723,0,0,0,1
8737,452,2,6,0.013181345486674746,2,-0.657098253923983,1,2,0,0
8738,795,2,3,-0.4187348145341132,0,1.0892282716782522,1,1,0,0
8739,203,1,2,-0.19820431966464924,0,0.9147893193490765,3,0,0,1
8740,349,1,4,-0.08660869547854524,1,-1.2254461338685556,1,0,0,0
8741,804,1,2,-0.3908755580835114,0,-0.349000792305038,2,2,0,0
8742,526,1,4,-0.9472482572257444,1,-1.080799278894668,0,0,0,0
8743,676,1,4,-0.15490920029829724,1,0.8292463585912219,2,1,0,0
8744,910,1,8,-0.49249669829137344,0,0.5498176538145871,0,1,0,1
8745,361,0,8,-0.7810598597391095,1,0.7671502809203861,1,1,0,1
8746,480,2,5,1.2991569022516127,0,1.8168201995753381,1,0,0,1
8747,445,1,4,0.34695790098586876,2,-0.915478314477685,2,0,0,0
8748,109,1,5,-0.6679832026141624,0,-0.5387807044798972,2,0,0,0
8749,437,1,1,-0.22036946018248257,0,-0.04433348520357115,2,2,0,0
8750,676,2,4,2.348422150883673,2,2.4369192912295516,2,0,1,1
8751,608,1,8,-0.721401992542822,0,1.4193150938000196,2,1,0,1
8752,623,1,2,1.9871970503950998,2,0.9431264256277233,0,0,1,1
8753,424,1,6,0.1617802855055358,0,-0.03888810985623591,1,3,1,0
8754,368,1,4,-0.21621476525811759,0,-1.8268266639663722,1,2,0,0
8755,753,0,3,3.1488020523577944,0,0.9390618906034937,2,0,0,0
8756,400,1,10,-0.5948972469100825,2,-1.131594775359354,0,0,0,1
8757,558,1,1,-0.6762419872584333,0,-0.5875187369336291,0,0,1,0
8758,532,2,3,-0.5858748473284519,1,-0.3056450949956548,1,2,0,0
8759,792,2,6,0.40561652202701237,0,0.35951958655202276,1,1,1,1
8760,694,2,4,-0.5898508632445896,2,1.3749821145888674,0,3,0,0
8761,240,1,4,-0.8975762376936323,0,-1.0917697971055746,0,4,0,1
8762,262,1,3,0.04350077375296851,0,-1.2358880603910019,2,3,0,0
8763,615,1,4,-0.7512588299368862,1,-0.34980101318718043,0,2,0,0
8764,487,1,7,-1.0036205231385598,1,0.7367199433971838,2,0,0,1
8765,408,1,5,-0.7819778243546972,0,0.9875492226866619,1,0,0,0
8766,703,1,5,0.7314180981412675,0,2.081300880236871,3,0,0,1
8767,537,1,8,1.8578340198301675,2,-1.3736121798020982,1,2,0,1
8768,510,2,3,0.09523808359320059,0,0.4543744140101119,4,0,0,1
8769,655,1,2,-0.6297373479194784,0,-0.5970882298818148,2,0,0,0
8770,424,2,5,-0.4244795825865906,0,0.21306770134198072,3,0,0,1
8771,813,1,2,-0.7878141872964216,0,0.2962620903468185,2,2,0,1
8772,342,1,7,1.155243579249573,2,-1.4001404230227785,1,2,0,1
8773,631,1,3,0.10621501778154284,1,-0.097295561701414,1,0,0,0
8774,786,2,5,-0.9181672337211869,0,-0.14928832145029922,0,0,0,0
8775,224,1,3,-0.5428716887391608,1,-0.5157275542749263,1,0,0,0
8776,431,2,3,-0.22242910843351074,1,0.21365260335303995,1,4,0,0
8777,728,1,7,0.6155867449207378,0,0.35907326005199336,1,0,0,1
8778,731,2,6,1.5674574943043846,0,-0.2623809818115484,1,0,1,0
8779,465,1,6,-0.8630917260082169,1,0.14099198061220627,2,2,0,0
8780,353,2,6,0.8219976239844684,2,-0.8389842245085769,3,0,1,1
8781,691,1,2,-0.9386534833638073,0,-0.31233293805983975,2,2,1,0
8782,736,2,3,-0.7280808560756871,0,-0.6240367369224489,2,0,0,0
8783,267,1,2,-0.9862645130428278,2,1.4066137800422527,1,0,0,0
8784,259,1,1,-0.9407801063182994,0,-0.6429704587805101,2,0,0,0
8785,545,2,4,-0.9743430659553999,0,-0.6804419157107988,2,2,1,0
8786,625,1,6,-0.8473333987517143,1,-0.6665690704329268,1,0,0,0
8787,440,1,3,1.1196192408918255,1,-0.9900597788053945,2,1,0,0
8788,635,2,6,-0.6683264584718017,2,0.3611450033103252,3,0,0,1
8789,357,1,1,-0.34332015331328514,0,-1.097700714499261,4,2,0,1
8790,77,1,2,-0.32874825260645524,0,0.28950581004686926,3,0,0,1
8791,415,1,6,4.435928388888979,0,0.16937220385378482,1,0,0,0
8792,512,2,2,-0.5464973854397657,0,0.09353650665911445,2,3,0,0
8793,444,1,4,-0.6945805377692403,2,2.3030846554231563,1,1,0,1
8794,268,1,4,2.352055306824807,2,-0.18842196847895284,2,0,0,0
8795,136,2,6,-0.0947460703942406,0,-1.448110728554396,1,2,0,1
8796,397,2,4,-0.6602637433742367,0,-0.8055857270505757,1,0,0,0
8797,679,2,5,-0.6631162437458997,0,-0.18887617243504845,4,4,0,1
8798,751,2,4,-0.9159986286342492,1,1.0795559151758911,2,1,1,0
8799,737,1,4,-0.18006772045764416,1,0.6867722463937791,1,1,0,0
8800,336,1,5,0.3003381888747388,0,0.46852246238568046,1,2,0,0
8801,269,1,6,-0.3530508112662379,1,-0.4012763529579593,1,0,0,1
8802,599,2,3,1.186947298050389,2,-0.19736950398226863,1,0,0,0
8803,627,0,4,-0.33497895796934635,1,0.3304370856025024,0,0,0,0
8804,580,2,4,-0.5754022993312767,0,2.0120210423395783,4,0,1,1
8805,97,1,5,-0.7142037157609793,1,-0.9060514844428038,1,2,0,0
8806,326,1,5,-0.7243205073829682,2,-0.08495729319705246,2,2,0,0
8807,494,1,1,-0.6208121131376465,1,-1.011942470654145,1,0,0,0
8808,597,1,2,3.899764840357738,0,-0.45366760376183846,2,2,0,1
8809,653,2,2,-0.5526364486549867,0,-0.2563459617764445,2,0,0,0
8810,528,1,7,-0.2515592860851149,0,0.20600794414067067,3,0,0,1
8811,566,1,1,-0.681240730057943,0,-0.8121732307600064,1,0,0,0
8812,516,2,4,-0.8502732412624291,2,1.1806536638661997,4,2,0,1
8813,637,1,4,0.0478603746878831,1,1.2756217629927538,2,1,1,0
8814,562,1,6,-0.20645852141880444,0,0.8363642551917836,1,0,0,1
8815,513,1,9,-0.9364272461014512,1,-0.98239599999075,1,0,0,1
8816,446,2,3,1.1725283350412712,0,1.5204278113026635,1,0,0,1
8817,516,2,3,-0.2870671907918451,0,0.8719051257465791,1,0,0,0
8818,596,1,2,-0.5924352138753726,1,-0.5589859751997319,1,2,0,0
8819,553,1,3,0.5291769885549076,0,-1.465696661322624,1,0,0,0
8820,576,1,1,-0.8869470562207831,0,-0.6217394162556031,2,0,1,1
8821,768,1,6,-0.354856925314706,0,-0.9835062742652337,1,2,0,0
8822,553,1,3,-0.19848250176647667,1,-1.0232579980739875,2,1,0,0
8823,370,1,5,0.5098441854901188,1,-1.176566058893121,1,0,0,0
8824,676,1,3,-0.5375383597426169,0,-0.024216742868403456,3,0,0,1
8825,226,2,4,0.9559005201622657,0,-1.5123146498551043,0,2,0,0
8826,283,1,3,0.20882230568178578,1,-0.4229097014545437,2,0,0,0
8827,567,1,4,0.49169109891018187,0,1.3053630256673412,2,2,0,1
8828,603,1,4,2.5278109509082034,0,0.06455061666931848,1,0,0,0
8829,250,1,5,0.8867065307151847,0,-0.7113890461619468,0,0,0,0
8830,423,1,6,-0.5747329383793642,0,0.2955240698499811,2,2,0,0
8831,378,1,5,0.04779610697604447,0,-0.05210237351593428,1,1,0,0
8832,402,2,1,1.0564133083044236,1,1.360095874686781,2,2,0,0
8833,688,2,4,-0.25044255500860213,1,-0.06583649986582774,2,3,0,0
8834,641,2,6,0.15997828356904747,1,0.4650327243339051,0,4,0,1
8835,496,1,4,-0.8155755549662065,1,0.14017773619535437,1,1,0,0
8836,390,2,4,0.7134072154300936,0,-1.8151863940100263,2,2,0,0
8837,230,1,7,0.43293278994731627,0,0.16009942808944302,1,0,0,1
8838,784,0,3,1.2269503326129256,1,0.26288915249798944,1,3,0,0
8839,618,1,2,0.2516840320158982,0,1.291684075312296,2,0,1,0
8840,358,1,3,1.122692462370933,0,-0.6443153118596268,2,0,1,1
8841,643,1,3,-0.8278441886986769,1,-0.1462772984952438,2,0,0,0
8842,485,0,5,0.7009588189904813,0,-1.1880018605996894,1,1,1,0
8843,442,0,8,2.10128077762158,1,0.9685188778629078,1,1,0,1
8844,587,2,3,0.7111636236642482,0,1.7864194766613544,1,0,0,1
8845,351,1,3,-0.036439668778311035,0,1.341511770192276,0,1,0,0
8846,431,1,3,1.6472125199655345,2,0.16899562952739472,0,1,0,0
8847,524,0,5,-0.9069147421102235,2,-1.2791316636325758,3,0,1,1
8848,400,1,4,-0.990564520615139,2,1.6663500936778861,0,0,0,1
8849,633,2,4,2.411173982055334,1,0.6377646374684406,2,0,0,0
8850,873,1,5,0.1606369190143035,0,-0.9260201312366897,1,1,0,0
8851,349,1,6,-0.8845659665624107,0,-0.9274461123756149,2,2,0,0
8852,166,2,4,-0.5852293310761637,0,-0.41169705506303733,2,0,1,0
8853,99,1,2,0.3972563345082273,0,1.1046306717817305,2,0,0,1
8854,469,2,1,0.4036962103103322,0,-0.802136933311946,0,1,0,0
8855,367,1,4,-0.8183605612487218,0,0.41294792803354413,0,3,0,0
8856,541,2,1,-0.3618537907120656,0,0.6628502024511193,2,0,0,0
8857,526,1,4,0.666951314129118,2,-1.1721341558307319,3,4,0,1
8858,179,2,3,2.455442364229228,1,-1.5504283468517768,1,2,0,0
8859,137,1,7,-0.01685635501902404,0,-0.9929899753406455,1,1,0,1
8860,559,1,5,0.0259843924301304,0,-0.5368151858944861,3,1,0,1
8861,527,1,3,-0.36338515815760375,0,-1.0601624513753762,2,0,0,0
8862,414,0,2,-0.22014702418987842,2,-1.5230677417142076,1,2,0,0
8863,168,1,4,-0.9019072112018032,0,0.6843936254959443,2,0,0,1
8864,594,1,1,-0.5703642507478668,0,0.15128570680540893,1,0,1,0
8865,754,2,7,-0.28792673170452754,1,1.1338440405578663,1,0,0,1
8866,555,1,2,-0.6808114109767784,0,1.468072045991999,2,1,0,0
8867,330,1,3,-0.5542224772311451,0,-0.33405838260715426,1,0,0,0
8868,508,1,8,2.600011506857337,0,-0.7305319981903297,0,1,0,1
8869,226,2,5,-1.0025584111121506,1,-0.8879694728872506,4,0,0,1
8870,711,1,2,-0.6412460220840449,0,0.184600729868345,1,0,0,0
8871,516,1,4,-0.11591958108030623,2,0.7007000780214041,2,2,0,0
8872,146,2,5,-0.6752047455440123,0,0.8925554317944723,5,4,0,1
8873,439,2,5,0.13986246428292406,0,-0.9949494522848175,0,1,0,0
8874,592,1,4,-0.6461469105609542,0,-1.7170094699649867,1,3,0,1
8875,433,2,4,0.026193402315038843,0,1.5396622956865875,0,0,0,1
8876,444,2,6,0.9207410238168067,0,0.06649183508561261,2,0,0,0
8877,255,1,5,0.08533109347322167,1,1.8659488460715545,0,1,0,1
8878,613,2,4,-0.9558174321802685,0,-1.701424467269904,3,0,0,1
8879,370,1,3,0.605019243963658,1,0.18329229206098024,3,3,0,1
8880,68,1,4,-0.7645004317701648,1,0.806265882012151,2,0,1,0
8881,425,1,6,0.01663513379459692,0,1.2761889544425478,0,2,0,0
8882,696,1,7,0.05044895877047357,2,-0.0894346322944715,1,0,0,1
8883,422,1,4,0.6482592119933663,2,0.8811960990679616,4,2,0,1
8884,847,2,5,-0.29095790981507014,2,-0.7355929542759267,1,0,0,0
8885,585,1,4,-0.5282600961498105,1,-0.9999880059494939,4,0,0,1
8886,567,1,7,-0.26552265409277875,2,1.0763677255558923,2,0,0,1
8887,474,1,3,-0.20525708903425424,1,0.19758763938778062,2,1,0,0
8888,486,2,6,0.7449640145476241,0,-1.1957511112440593,3,0,0,1
8889,447,1,5,-0.7744395943890531,1,2.5505009890239276,4,0,0,1
8890,439,1,4,0.9004158560961747,1,-1.646656479549082,1,0,0,0
8891,606,1,3,-0.544839596735793,0,1.4805474077374674,0,0,0,0
8892,312,2,5,0.3774495808562454,2,1.2598530737713582,0,2,0,0
8893,284,1,4,-0.5918339744813302,0,1.4383139506778009,2,1,0,0
8894,275,2,2,0.24726039042366715,1,-0.5643347674301792,1,0,0,0
8895,909,1,8,0.624909640136477,0,-0.8843006316086957,1,0,0,1
8896,606,1,4,-0.17731700394194724,0,-0.04497535924620998,0,1,0,0
8897,560,1,6,-0.024964658080041932,2,-0.1703308882425955,0,1,0,0
8898,288,2,4,0.2433382492013504,1,-0.8615033098194921,1,2,1,0
8899,624,1,3,0.1781846086924101,2,-0.035490796418285446,1,0,0,0
8900,476,1,2,0.31415287801008673,0,-1.1489049305848724,0,0,0,1
8901,542,1,2,0.9194732678729143,1,-1.466224053396947,0,2,1,0
8902,304,1,3,-0.7544831673566019,1,-0.16875724687262242,0,0,0,1
8903,532,1,7,-0.7620035698970666,0,-1.2474256993524142,2,0,0,1
8904,415,2,5,2.582013531514642,0,-0.5464424221579567,2,1,0,1
8905,346,1,3,0.9306667401683809,2,-0.2261993020126748,2,0,0,0
8906,646,1,2,-0.09679207062534659,0,-0.2119811015503181,2,0,0,0
8907,192,1,5,-0.9995108143589567,2,-0.8872362969383865,2,0,0,0
8908,612,1,8,0.9544586469282285,1,-1.167428884041612,1,2,0,1
8909,636,1,4,0.4086344679151896,1,0.5194837574638773,2,0,1,0
8910,324,1,5,2.1778071415360705,0,1.0721523000750302,2,2,0,0
8911,335,2,5,-0.9943879691748141,0,-0.011777476787093856,2,0,1,0
8912,455,1,4,-0.978428554087307,0,-1.215189414771321,1,1,1,0
8913,556,2,4,-0.26674104755722966,0,-1.1739249375152172,1,0,0,0
8914,469,1,4,0.9635394179130978,1,-0.567821590600418,1,0,1,0
8915,586,1,5,3.819552653833827,0,-1.0185677508058828,1,0,1,1
8916,852,2,8,-0.6155735818144058,1,0.13635272167204834,2,0,0,1
8917,398,2,2,-0.9701893219465311,1,-0.7013127342136245,1,0,0,0
8918,156,1,10,-0.7866021279597296,2,-0.2255715892975572,0,1,0,1
8919,665,1,4,1.123599866223312,2,-0.4445219163399237,2,0,0,0
8920,836,1,1,-0.36892633363390287,0,-0.7752749206783128,1,1,0,0
8921,578,1,4,0.9443462197847438,2,-1.6247172390677176,1,0,0,0
8922,282,1,5,-0.41101455477410953,1,-0.5768980141362854,0,0,0,0
8923,475,2,8,-0.9520581444512908,0,0.6319548315486512,1,0,0,1
8924,276,1,2,-0.03021593629066819,2,-1.530554158278551,1,3,0,0
8925,628,1,2,-0.42595287930407816,1,-0.4724602583054459,0,0,0,0
8926,229,1,1,-0.3203114030224892,1,-0.26308776084560814,2,2,0,0
8927,439,1,8,2.0183321390879865,1,-0.6142260854382526,1,2,1,1
8928,299,1,3,-0.3866431047224374,0,-0.38827699548453687,3,2,0,1
8929,525,1,3,0.6115668562304222,0,0.9390595677688983,2,4,0,0
8930,426,2,3,-0.9461068402392924,0,-1.3413692817319427,0,2,0,0
8931,535,1,4,-0.34464155205350155,1,0.5897846850441909,2,2,0,0
8932,504,2,4,-0.10919707180051134,1,-0.006058046353160022,2,3,1,1
8933,302,1,3,-0.8856393577277176,0,0.4886743041676343,3,1,0,1
8934,625,0,2,-0.6418440022574524,0,0.9852789551925204,2,0,0,0
8935,490,0,2,0.36063901542940696,1,0.32734196522354664,3,0,0,1
8936,302,2,5,-0.8011645220365622,0,-0.06989587595421821,2,1,0,0
8937,948,2,3,-0.8680307819710611,1,0.8158316420390069,2,0,0,0
8938,595,1,9,-0.6461462866170561,0,-0.38278425816129114,1,0,1,1
8939,469,2,6,0.9843285609446694,0,-0.43145277587859887,0,2,0,1
8940,783,0,5,0.45618902212212553,0,0.5281853305406696,2,0,0,0
8941,868,1,3,0.5174556394816844,1,-1.1907501801603957,1,1,0,0
8942,470,1,7,-0.6119289037460612,0,-0.35990710180380997,1,0,0,1
8943,569,1,3,-0.9019010218854686,0,-0.799815535098667,0,0,0,0
8944,302,1,5,-0.9748343011424744,2,-0.2629423087128567,2,0,0,0
8945,470,1,1,-0.11041793542409216,0,0.9696907811695812,2,2,0,0
8946,460,1,3,0.2244598540356012,0,-0.006522166316909778,1,2,0,0
8947,536,1,2,-0.5251132647801872,0,0.09479110017178995,1,0,0,0
8948,566,0,2,-0.24240017739665595,2,-1.757794629106227,2,0,0,0
8949,611,1,6,-0.6751525705161668,1,0.2364102661147148,0,2,0,0
8950,547,2,2,-0.5470906495913486,2,-0.3867025628657741,1,1,0,0
8951,257,1,4,0.32314979407960975,1,0.06535929705996354,3,0,0,1
8952,312,1,4,0.28040861197895134,0,0.6510622414981222,5,0,0,1
8953,390,1,5,-0.9788828682533706,0,-0.8889121296113714,1,0,0,1
8954,443,1,4,1.9280057716374872,1,2.3185491200408643,1,0,0,1
8955,710,1,5,-0.6891511332938957,2,0.7275311606273371,0,3,1,0
8956,267,1,4,1.414310735822276,2,-0.5086297996073846,2,0,0,1
8957,428,1,2,-0.27837988105192085,1,0.7007669272715089,1,2,0,0
8958,690,1,3,-0.3045352268641179,1,-0.9502753834823022,2,0,0,0
8959,440,1,6,-0.3986768733451309,1,-1.0576215219529184,3,0,0,1
8960,592,1,2,1.592360611248655,1,0.788408100741186,3,1,1,1
8961,472,1,4,-0.7705464402057335,0,-1.2545804563280734,3,0,1,1
8962,551,1,4,-0.045866333115266264,0,0.2510032400882309,0,0,0,0
8963,454,1,5,-0.6189240023424633,0,0.4621421636436124,1,0,0,0
8964,633,1,8,1.5022206565922918,1,0.7676373007233,2,1,0,1
8965,190,1,5,-0.8191579779839873,0,-0.4732288215057954,0,0,0,0
8966,427,1,3,0.13900120791648646,0,2.3069257686632354,3,0,0,1
8967,559,1,2,-0.45074042512697055,1,-0.9262422301874418,2,2,0,1
8968,606,1,4,0.09304429672293385,0,0.751695405796388,2,0,1,1
8969,798,1,5,-0.8334237666656525,0,-1.2328398476136397,0,2,0,0
8970,421,1,10,-0.49900189473134676,2,-0.6124737412645656,0,0,0,1
8971,795,1,4,-0.8924621294538206,2,-1.5830703432790674,2,4,0,1
8972,368,2,5,2.5179695030466913,0,-1.536545315327469,1,1,0,0
8973,765,2,3,-0.7629604140567916,1,0.08801030685456115,2,1,1,0
8974,663,1,8,4.072162109022902,1,0.6778510827911869,0,2,0,1
8975,317,2,6,-0.45645892832423274,1,-0.5412141979729108,1,0,0,0
8976,561,1,2,-0.932357263740356,0,-0.9085352194663423,2,0,0,0
8977,489,1,4,-0.9898291303990341,2,-0.958044516059371,0,0,1,0
8978,625,0,3,-0.07856648256775296,1,-1.450192309652178,1,2,0,0
8979,455,2,4,-0.037755932587487405,0,0.43729931806278316,2,2,0,0
8980,438,1,2,-0.25114571624161186,1,0.5311415201071887,2,0,0,0
8981,773,1,3,-0.9379832746839812,0,1.6553457513654721,1,2,0,1
8982,480,1,5,-0.5982568287351299,1,1.6188195309837874,2,0,0,1
8983,665,1,2,-0.5554264124989451,1,1.074837561861787,1,0,1,0
8984,454,1,2,0.23314400836576915,0,0.8624790661242936,2,0,0,1
8985,833,1,2,-0.4558350757820247,0,-0.33505064265540263,1,2,0,0
8986,364,2,5,-0.1424301976854527,1,1.0986548287419649,0,0,1,0
8987,377,1,2,-0.6647644753497567,1,-1.3932902040105,0,0,0,0
8988,804,2,7,0.3088169455075882,0,-0.5153375912441925,4,2,0,1
8989,411,1,1,-0.9591504176256199,1,1.5452505032866264,1,1,0,1
8990,820,1,5,3.5342211115682196,1,-1.7778858801495068,3,0,0,1
8991,678,1,5,0.03547019654144013,0,-0.23217293363907165,1,0,0,1
8992,469,1,3,-0.8439294687894072,1,-0.6708869630282751,1,0,0,0
8993,137,1,3,0.277779224344961,0,1.4922745333348308,4,0,0,1
8994,496,1,3,0.5629114130694727,2,0.999921119459531,0,1,0,0
8995,520,1,5,0.5726734269110185,0,1.4184637641728692,2,2,1,0
8996,733,1,3,-0.6867547903372492,0,2.962507069575306,1,0,0,1
8997,817,1,2,2.2319505006807225,1,0.022241145904169275,2,0,0,0
8998,363,1,4,-0.9896606778901947,0,0.35592560067558693,1,4,1,1
8999,660,1,5,-0.5219229731058136,2,0.08050066293398789,0,4,0,1
9000,653,1,4,-0.8959246223116963,1,-0.42000172070286584,2,0,0,0
9001,714,1,4,-0.5136565474945195,2,0.1710794154780691,1,0,0,0
9002,599,2,4,-0.9479290545528278,1,0.7935798180975999,1,0,0,0
9003,111,1,4,0.045411659259113425,1,0.33937284423465347,0,0,0,0
9004,468,1,1,-0.9422644224593167,0,-0.9037130517934825,2,0,0,0
9005,268,1,2,-0.034802487350815016,1,-1.2847791503677133,2,0,0,0
9006,459,1,4,-0.7366236703511844,1,0.4078535238946374,2,1,0,0
9007,696,1,2,-0.8070781037958659,2,-1.0162436069911067,2,2,0,1
9008,561,1,3,-0.5744020169864887,0,0.7944920353647367,4,0,1,1
9009,729,2,2,0.03396327922295624,0,-0.3929265911571829,1,4,0,0
9010,568,1,4,-0.12988857543188886,1,-0.06047681725437317,2,0,1,1
9011,240,1,3,0.15254011359192965,0,-0.28397797812034403,2,1,1,0
9012,64,1,7,1.5481483085369114,1,1.321036540400167,2,3,0,1
9013,529,1,6,-0.7766989698103879,0,0.8491287261403013,1,0,0,0
9014,457,1,7,-0.46541145427614466,1,0.42370072906307327,1,4,1,1
9015,304,2,5,-0.6935818001514775,0,-0.4042610374664122,2,0,0,1
9016,159,2,6,-0.11005023834568346,0,0.6647547819899516,0,0,0,0
9017,353,2,8,-0.6689309775068222,2,0.9798271636911289,0,2,0,1
9018,461,1,5,-0.1774292331645378,1,-1.3082857310181408,2,0,1,0
9019,633,2,4,0.7542713932839483,1,-0.24579057521412462,1,0,0,1
9020,537,1,3,-0.19357270297196966,1,1.9357852452877333,3,1,0,1
9021,821,2,2,0.8442072842066379,0,0.5408710005083339,1,1,1,0
9022,292,2,3,-0.046638552336311465,1,-0.4191363475009531,4,4,0,1
9023,676,1,4,1.0695668038396207,1,-1.6178138187310043,0,0,0,0
9024,509,1,3,1.702913262773688,0,0.49056463722238786,0,2,0,0
9025,638,1,3,-0.2868544540943175,1,0.867697730355971,2,0,0,1
9026,412,2,2,0.5825843649945366,2,-0.9756926715127582,2,3,1,0
9027,714,1,2,-0.36440786836686584,1,-0.6334155148389456,2,0,0,0
9028,559,0,4,0.23444399101028843,1,-0.6440590369666411,1,3,0,0
9029,364,1,3,-0.9689809592475735,0,0.22285177026022762,0,0,0,1
9030,497,1,5,2.4589769136540456,1,1.4597692601101078,0,2,0,1
9031,452,1,9,1.2780056211050208,1,0.08617269035438,2,0,0,1
9032,597,2,6,1.2679859878410333,1,-0.6667412515871801,3,2,0,1
9033,264,1,7,-0.6719772567290984,1,0.4660457230249759,2,0,0,1
9034,494,1,1,-0.6692624061679974,0,-0.8414212555997783,0,2,1,1
9035,579,1,3,-0.4838912884395534,1,-0.30702785551363987,2,0,0,0
9036,506,1,3,1.1502364334621373,1,0.2048564749924794,4,0,0,1
9037,769,1,2,0.982005214458373,0,-0.9570468317686763,2,0,0,1
9038,654,1,3,-0.6602944730813657,0,1.6014958406317392,1,0,0,1
9039,498,2,4,-0.21413151009733417,0,1.1268336498542735,0,0,1,0
9040,543,0,1,-0.3521668206677271,0,-0.43299324289719204,1,2,0,0
9041,559,1,3,0.061860696894108703,0,0.0982449157572179,2,0,0,1
9042,580,2,3,-0.7630800940698002,1,-1.0971849040731534,1,0,1,0
9043,134,2,2,-0.9174582211331366,1,-0.9684414696751847,1,1,0,0
9044,439,1,8,-0.9797579634462077,0,2.697327415932042,2,2,0,1
9045,203,1,10,-0.5193319127431334,2,-0.3402662248522088,1,0,0,1
9046,755,1,8,1.9723698529303029,0,1.3607511604451896,1,2,0,1
9047,487,1,1,0.16645815023281296,1,1.090138596206046,0,2,0,0
9048,461,1,4,0.39858560984480684,0,0.7506625474825814,1,2,0,0
9049,679,2,4,1.9451480532081855,0,0.09310400132456206,3,2,0,1
9050,584,0,6,-0.4502247579160406,1,2.7423039780509693,2,0,0,1
9051,274,1,4,-0.35372028507269077,0,-0.4610977723697387,1,2,0,0
9052,485,1,3,-0.5546798333761813,0,-0.045411282217212544,1,0,0,0
9053,432,1,3,-0.8043177120381246,0,0.24686914114606584,1,1,0,1
9054,151,2,4,0.47110189152161575,0,-1.196507155745164,0,0,0,1
9055,361,1,5,1.4044457047461922,0,-0.09583991374858539,2,0,1,1
9056,463,1,3,0.7022051162002363,0,1.9576047824233267,1,2,0,1
9057,477,1,5,-0.958131740805888,1,0.848761109311492,0,0,0,0
9058,203,1,1,-0.6463360740567854,0,1.5165408506707632,2,2,0,1
9059,730,1,6,-0.09584390895058852,0,-1.5715188594833018,3,1,0,1
9060,479,2,2,-0.6048072804751043,0,-1.4629310339807375,1,0,0,0
9061,507,1,4,-0.8424254349915438,2,1.0887891584385823,1,0,0,1
9062,580,2,3,-0.22167918767309047,0,-0.5721557978535252,2,3,0,0
9063,342,1,6,-0.25818641457566016,0,-0.202071787097208,0,0,0,0
9064,591,1,5,0.25079155030741684,1,-1.7268412227434833,3,1,0,1
9065,426,1,2,8.071335447500687,2,-0.14122676106269202,5,3,0,1
9066,320,0,4,0.05479052820839082,2,-0.9013198372215195,1,0,0,0
9067,614,2,6,-0.6202590108087691,0,0.5157166869261367,2,0,0,1
9068,798,1,3,2.177923124525197,0,-0.20594440012154308,1,0,0,0
9069,644,2,3,-0.14639198225429434,0,-0.5157520102582644,2,0,0,0
9070,684,1,7,0.047580911116184586,0,0.2069310838979429,1,0,0,1
9071,395,1,6,-0.5578195341436392,2,0.8596437213560888,2,3,0,0
9072,180,1,6,-0.39640978658918863,1,1.0179948879366014,2,0,0,0
9073,798,2,2,-0.45622664923449757,2,-1.1583456668552605,2,0,1,0
9074,910,1,5,1.7914130044821168,1,0.2110501340513697,3,0,0,1
9075,808,1,9,0.6790526647696598,0,-0.8860686378904041,3,0,0,1
9076,432,1,4,-0.9111541891452148,1,0.7209219577275094,0,0,0,0
9077,269,1,3,-0.6247443583185682,0,0.443450133420234,1,0,0,1
9078,286,1,5,-0.9495852696167985,0,1.644454526664344,2,0,0,1
9079,163,1,4,-0.2681967819358484,2,1.7780216116038527,2,2,0,1
9080,478,1,3,-0.6745593241221164,1,-1.4848609072420105,1,0,0,0
9081,821,2,5,-0.930327457556604,0,-0.32424327987459944,2,1,0,0
9082,471,1,4,0.49584808363363947,1,-0.3323573712127656,1,1,1,0
9083,560,1,1,-0.9106796380885542,0,-0.17737390387023905,0,2,0,0
9084,775,1,5,-0.6855941952202247,0,-0.0669558018433674,4,0,0,1
9085,419,1,3,0.4941904834101508,1,-0.7488383087476933,2,0,0,1
9086,907,2,6,-0.2790567408642899,0,-0.10964421841073164,1,2,0,0
9087,898,1,6,0.7200678428730194,0,1.7071656526995065,2,0,0,1
9088,473,2,2,-0.4634606066909432,0,1.6009851851278774,1,0,0,1
9089,384,2,7,0.7076110439026211,2,0.7386466048969238,2,2,0,1
9090,639,2,5,-0.22211841440314367,0,-1.7070107590913024,1,2,0,0
9091,430,1,3,-0.914225772138507,1,1.1451131269184476,4,2,0,1
9092,268,1,1,-0.35927286803575836,0,-1.1063335938172811,2,4,0,0
9093,756,1,6,-0.18767090127896977,1,-0.18860398493035616,2,0,0,0
9094,743,2,2,-0.04467005971721679,0,0.29854755066717975,2,2,0,0
9095,531,1,4,1.6665352815532775,1,-0.8689550739050991,3,0,0,1
9096,247,1,6,-0.8015998806633701,1,-0.6706365323847604,2,0,0,0
9097,254,1,1,-0.06047214913521255,0,3.026824793990032,0,0,0,1
9098,521,1,1,0.41037964124055926,2,0.08010782934465993,1,2,0,1
9099,400,2,4,1.2367106813729178,2,-0.5870820035758144,2,2,0,1
9100,431,1,4,-0.25004730016700966,0,2.3963003000888112,2,0,0,1
9101,704,1,1,-0.7630145951524083,0,-0.9032835070457954,3,2,0,1
9102,646,1,2,0.7232219568111321,0,-0.3081249493759611,1,0,0,0
9103,775,1,5,1.3867479879793507,1,1.234396453906179,2,0,1,0
9104,301,2,2,-0.8934806133288019,0,1.1265654712929973,2,0,0,1
9105,431,2,2,-0.7424068539380765,1,-0.42752729449510407,3,4,0,1
9106,651,1,6,1.0787313657857551,0,-1.6146649129170012,3,2,1,1
9107,589,1,5,-0.334090094062413,0,-1.5193789032088294,1,0,0,0
9108,806,1,7,-0.8194519416521929,1,-0.8079699718138388,1,4,0,1
9109,584,0,6,0.0463141134730392,1,0.7291756433603024,1,0,0,0
9110,869,2,2,-0.3843664346522871,2,1.662790840141561,1,4,0,1
9111,608,2,5,2.491679381368771,0,-1.3161188374357624,0,0,0,1
9112,712,1,1,-0.7516114595437251,0,0.5680684542171686,1,2,0,0
9113,435,2,4,-0.5505093570491751,0,-0.6290401359610481,3,1,0,1
9114,502,2,3,-0.8230556279577492,0,-0.587944746453545,2,0,0,0
9115,682,1,3,-0.9559801348258793,2,-0.056799374545581996,1,2,0,0
9116,822,1,6,-0.682322418948274,0,-0.5279408933328572,1,0,0,0
9117,645,0,5,0.7352636553247852,1,1.9530204632989454,2,0,0,1
9118,483,1,3,-0.6916233301975011,0,1.1446474930662043,3,0,1,1
9119,775,1,6,0.20435825038017658,2,0.22319640619527834,2,3,0,0
9120,64,1,7,-0.24850911121950423,0,-0.2597476015841761,4,0,1,1
9121,215,1,2,-0.261967418211685,1,-0.7972915680333956,4,0,0,1
9122,636,1,3,0.5392956895286314,0,-0.6247389144852871,1,0,1,0
9123,502,1,2,-0.029703482178791346,0,-0.8002266850743196,0,0,0,0
9124,621,2,2,-0.8307056947289222,1,-0.22273080247633517,3,3,0,1
9125,512,2,4,-0.754159722646445,1,-1.6491606034982582,3,0,1,1
9126,614,2,3,-0.20966356775176773,0,-0.5135878825687725,1,1,1,0
9127,337,1,4,0.8903889610672608,0,-1.01173195468655,0,0,0,0
9128,614,1,2,-0.8397887357978936,1,-1.5299510003694272,1,1,0,0
9129,698,1,5,-0.8928803826283469,1,0.005083812796244676,0,0,0,0
9130,744,1,5,-0.2665555369298157,1,-0.016137393994652558,1,0,0,0
9131,902,1,3,-0.7952345349161166,2,0.4476850835177917,0,0,0,0
9132,548,2,6,4.236302317634486,0,-0.8683553980212175,0,2,0,1
9133,554,1,3,-1.0034211169456702,1,1.859641975049017,2,3,1,1
9134,195,1,8,-0.40191139862080105,0,1.6424727516933681,0,0,0,1
9135,393,1,2,-0.827449120684358,0,-0.7847440516850113,3,0,0,1
9136,461,1,2,0.15447491951050782,1,1.2037638947358227,2,2,0,0
9137,710,2,5,0.0037472131378936744,0,1.5730660429147054,2,0,0,1
9138,377,2,1,0.6656681101708797,0,2.3703425862840803,3,2,0,1
9139,659,1,3,-0.16495820356646526,2,-0.35308859963064504,0,0,0,0
9140,499,1,8,-0.7943345353765464,0,0.186323029541607,1,3,0,1
9141,464,1,3,-0.9521388148391792,0,-0.9638701586320308,1,4,0,0
9142,549,2,6,0.2946812208223138,2,0.46828302859021953,0,2,0,0
9143,421,1,9,-0.41827968835421486,0,0.7913311080741849,2,0,0,1
9144,414,1,6,-0.7522672362366501,1,1.0294196068979402,2,0,0,0
9145,159,1,2,-0.7127923283146712,0,0.8532112657202618,3,0,0,1
9146,450,1,5,-0.8437315786813281,0,-0.9081290641824702,1,1,0,0
9147,404,1,7,-0.6686761190355186,0,-0.10566465771821791,0,1,0,1
9148,396,1,3,0.5892883533438245,0,-0.23395683094571126,2,3,0,0
9149,583,1,4,-0.0219783215493985,0,-1.022858509185617,1,0,0,0
9150,631,1,1,3.4407974576702127,0,2.062383864635458,2,0,0,1
9151,546,0,3,-0.2522408100760771,2,0.17221230023558082,0,3,0,0
9152,699,1,6,-0.25819178403508575,1,0.33700195379273007,1,0,0,1
9153,615,1,4,-0.7918000536000264,0,1.687758899519078,1,0,0,1
9154,440,2,2,-0.10978579966699688,0,1.1784555648022461,2,2,0,0
9155,407,2,6,-0.054413989222503255,2,-0.12206294684703953,2,0,0,1
9156,562,1,3,-0.7725697845295667,0,0.8794970683302333,1,0,0,0
9157,614,1,3,-0.9142121483154216,2,-0.9132806964733652,3,1,0,1
9158,779,1,3,-0.5399150857405405,1,-0.8561692036896162,2,2,1,0
9159,738,2,1,-0.8157693358202586,1,0.45024288001446794,0,0,0,0
9160,391,0,5,-0.29633300197438645,1,0.49069358297596705,1,2,0,0
9161,479,1,4,-0.2483237482032156,0,-0.6193112507667408,0,4,0,1
9162,634,1,4,-0.054963884229769416,0,-0.01735754002461774,3,0,0,1
9163,713,1,6,-0.06869226859425642,1,-0.7161499997276636,2,2,0,0
9164,687,1,2,0.13488966470453687,2,-1.0919767707122174,0,4,0,0
9165,487,1,3,-0.7414318594489387,1,-0.3725529337357972,1,0,1,0
9166,249,1,1,0.3270228292104094,1,-0.5982641978915036,3,1,0,1
9167,300,1,5,-0.25108113295664436,2,1.9533764970928833,2,2,0,1
9168,554,1,4,-0.42301903720229833,0,-0.3705839925754441,1,0,0,0
9169,568,1,1,0.05379922929263813,1,0.2717150172624098,2,0,0,0
9170,280,1,3,-0.3003049642629294,0,0.24895821906287832,2,2,0,0
9171,508,1,2,-0.24927151141848092,0,0.43346368034456306,2,2,0,0
9172,626,1,1,-0.9839393422861324,1,-0.4467072345096919,3,0,0,1
9173,269,2,7,0.6394858907790901,1,2.8609826909585148,1,0,0,1
9174,720,1,4,-0.44647942913629923,0,-0.41659740447635735,2,1,0,0
9175,424,2,5,-0.2654207875359251,0,-0.8783251615907988,2,1,1,0
9176,751,1,2,-0.5052704331191484,0,0.2267967072203626,3,0,0,1
9177,393,2,5,-0.1922468036547669,2,0.2216452827550178,2,0,0,0
9178,294,2,5,-0.951356744476827,0,-0.5778835878683549,1,0,0,0
9179,408,1,4,-0.5152266555606059,0,-0.7209005376542833,0,0,0,0
9180,480,1,5,0.11567562966156703,0,-0.4680221443383221,2,1,0,0
9181,422,1,7,1.8276140745280705,0,-0.35725328943738643,3,4,0,1
9182,456,0,3,0.916128974183284,1,-0.1447396815120419,1,0,0,1
9183,566,1,1,2.340316585512145,2,-1.3552441895180078,2,0,1,1
9184,465,1,3,0.5391625128981635,1,-0.6836569976371634,2,0,0,1
9185,486,1,7,0.01059751791982178,2,0.7366355172004803,3,0,0,1
9186,158,2,7,-0.44807390570251654,2,0.2893527601111615,2,0,0,1
9187,578,1,6,-0.8742075036059657,0,-0.44960433796705873,1,1,0,0
9188,482,1,7,-0.7141775323094335,1,-1.1143676900376072,0,2,0,1
9189,822,1,5,-0.6861369216070248,1,-0.6218618545372224,2,1,0,1
9190,312,1,2,-0.43991025613965506,1,-0.018070184004431052,2,0,0,0
9191,138,1,5,-0.05058052644505249,2,0.743671061177678,1,1,1,0
9192,623,1,5,-0.02732188765830157,1,-0.8007399278497965,2,3,0,0
9193,569,2,9,-0.38950968656015733,0,2.0370514332396037,0,3,0,1
9194,298,2,4,-0.6812847219424978,1,-0.8641696190034539,3,0,0,1
9195,194,2,5,-0.9487169211506558,1,-1.4762098560947774,1,0,0,0
9196,807,1,5,3.564039048411501,1,-0.9972793552705912,0,2,0,0
9197,782,2,4,1.846186415216569,0,0.9527207296875098,1,1,0,0
9198,64,1,1,-0.8023860166764015,0,-0.6840618145955424,2,0,0,0
9199,408,1,6,-0.06210274536840943,2,-0.530267785105907,2,2,0,0
9200,832,2,3,-0.6513888042763856,0,1.8757665555779837,0,0,0,1
9201,404,2,3,-0.7879661833452718,0,-0.35629885763143915,2,2,1,0
9202,401,1,4,0.16515857063413097,0,-0.8352688055644999,0,2,0,0
9203,443,2,1,0.5611764128304135,0,0.21802823919295744,2,0,0,0
9204,275,0,3,-0.47707166974952303,0,-0.03796139248619247,2,0,0,0
9205,159,1,3,-0.9459434985918587,2,-0.8686118730366161,3,2,0,1
9206,710,1,4,-0.4857707268222121,2,1.7456415867160866,2,4,0,1
9207,131,2,6,-0.23518111205686443,0,-0.8922776306536263,0,1,0,0
9208,549,1,5,1.2673110067320412,1,-1.2966494357254867,3,0,0,1
9209,677,1,8,0.07985962204125782,1,1.1907244593063973,2,2,0,1
9210,209,2,4,0.2529047902657247,0,-1.4731409263386352,1,0,0,0
9211,315,1,1,-0.7775563683577041,1,-1.2991355893788143,3,0,0,1
9212,742,1,3,0.28784025861513296,0,-1.0124037043753253,3,0,0,1
9213,606,1,4,-0.299153798286905,1,1.1369021899481402,1,2,0,1
9214,376,1,6,0.7385635448441942,2,-0.7392279194756206,2,2,0,1
9215,740,0,2,-0.7598798668268374,2,0.8790407722002749,2,0,0,0
9216,741,1,4,-0.2721815237235837,1,-0.629959153939724,3,2,0,1
9217,553,1,2,-0.7687864594239603,2,1.0171002210272977,1,1,0,0
9218,319,0,2,-0.6653541631753642,1,0.8972347953919028,2,2,0,1
9219,417,2,3,0.8076434509439586,1,0.25016257934521197,2,0,0,0
9220,557,1,2,0.176120219781369,0,-0.6430088010100294,1,1,0,0
9221,462,2,12,0.3181625291552158,0,-0.24533320702067757,1,0,0,1
9222,687,1,5,-0.9356512379977,1,0.5785747624086235,1,2,0,0
9223,194,1,1,0.3191688946598436,2,-0.7300394808342356,1,0,0,0
9224,201,1,7,-0.3202036252166683,1,-1.1350926782328257,2,0,0,1
9225,536,1,3,-0.3827601141025679,1,0.5261408997575941,0,2,0,0
9226,401,1,4,-0.4666766178271547,0,1.9598481486065928,4,0,1,1
9227,374,1,2,0.9339159936564407,2,0.22045412792138158,1,0,1,0
9228,146,1,2,-0.8091624687604411,1,-0.42048817336080435,2,0,0,0
9229,503,1,7,0.7035126974349368,0,-0.018423781439591932,1,2,0,1
9230,489,1,1,1.6727677761315272,2,-0.3611123934675923,3,0,0,1
9231,630,1,1,-0.8205060666931605,2,-0.6220734259155484,4,2,0,1
9232,513,1,4,6.939747200138755,0,-1.2122499462932286,4,2,0,1
9233,473,1,3,3.731836975592599,1,-0.493097031807208,1,0,0,0
9234,735,1,5,-0.020210237985542518,0,0.9165212876741037,2,2,1,0
9235,237,1,3,-0.6898146275801007,2,-0.6141548347636393,2,0,0,0
9236,607,1,5,-0.43680855660952356,0,0.797060213193372,0,2,0,0
9237,165,1,3,-0.8178804574965695,2,0.7130795957438104,1,0,0,0
9238,332,2,5,-0.8776122046957046,0,-0.3904321985995668,1,0,0,0
9239,257,0,7,0.23043558471099726,2,1.993805072378757,1,0,1,1
9240,656,2,1,-0.12591292516220678,0,-0.38322659239999746,2,4,0,0
9241,486,1,5,-0.1645599950307941,1,-1.0259325152025007,2,2,0,1
9242,497,1,2,-0.7182978928168933,0,0.924936171377295,0,0,0,0
9243,278,1,2,-0.7355315397587754,0,-1.3809954112557987,1,3,0,1
9244,440,2,2,3.6493180129671106,0,-0.2740663218897851,0,2,0,1
9245,347,1,8,1.2296637087621536e-05,0,0.030041301304590887,1,2,1,1
9246,576,1,4,0.7331637216301017,1,-0.6062724483929516,0,0,0,0
9247,301,1,2,-0.5240978381460659,2,0.39032146470242896,3,0,0,1
9248,765,2,6,0.8797043227156397,0,0.9227777806576317,3,2,0,1
9249,164,1,5,0.2955380413939731,0,-1.298946647147936,2,0,0,0
9250,338,1,5,-0.5695252112132728,0,-0.605232045357208,2,0,0,0
9251,835,2,3,0.2785125996491268,2,-1.1087478423557424,5,2,0,1
9252,412,1,2,1.6351433359920404,0,-1.7809163729423696,2,0,0,1
9253,237,1,5,-0.7632979807660442,0,-1.038989507002178,2,1,0,0
9254,543,1,6,-0.20104859654312277,2,2.1756769820581203,3,0,0,1
9255,404,1,4,2.4509530453626343,0,-0.4367020093321165,2,3,0,0
9256,332,1,7,0.7441652795357854,0,1.192611345290799,0,2,1,1
9257,280,1,3,-0.022966891524329867,1,-0.8003399629490372,1,0,1,1
9258,1053,1,3,-0.9343093611689812,1,1.0288323459029372,2,0,0,0
9259,449,2,3,-0.47753391251675975,1,-1.4371036302011257,2,0,0,1
9260,114,1,8,0.062123596514188154,0,0.5387791284701459,4,0,0,1
9261,798,1,4,-0.47179798164104764,0,-0.9063298453666205,2,3,0,0
9262,622,1,2,4.929354812570265,2,0.4638786365647742,0,0,0,0
9263,346,2,1,0.4160158433947091,1,0.303405679439194,3,2,0,1
9264,313,1,5,-0.7971996369096604,0,0.8392326953888759,0,0,0,0
9265,634,1,5,-0.3222428732292131,1,-1.377296148096118,2,3,0,1
9266,450,1,3,-0.5151224062471891,0,-0.7737042587507758,1,1,0,0
9267,114,1,6,-0.09145208043523355,0,-1.323831297374775,1,0,1,0
9268,857,1,1,-0.4061447032219179,0,-1.244089544591283,2,3,0,0
9269,413,2,2,-0.7315429921511549,1,0.19257303029011738,0,0,0,0
9270,799,1,2,0.30285678289301554,1,-1.5436938578988293,1,1,0,0
9271,755,2,5,-0.8931471843923755,1,0.699335345708233,1,2,0,0
9272,299,1,7,-0.23531150265253437,0,0.5220313105001382,1,0,0,1
9273,706,2,9,-0.630223717301852,0,0.16763045941983018,0,2,0,1
9274,369,1,3,2.4473195762489115,0,-1.3770804799547773,1,0,0,1
9275,126,1,3,-0.6399063706266793,2,0.08033644337313182,1,0,0,0
9276,415,1,2,-0.583796266355337,0,1.8487401011939624,1,1,0,1
9277,579,1,4,0.24099729677170176,1,1.7486082655718476,2,2,0,1
9278,407,2,4,-0.8680029257055402,0,0.1728626146230297,4,2,0,1
9279,438,1,7,-0.6086698493640884,0,0.46129621244690455,1,0,0,1
9280,728,1,3,0.20292489424204035,0,1.3012650791155556,0,0,0,0
9281,521,1,1,-0.9760932685248314,2,-0.8196173883442979,2,2,0,0
9282,331,2,4,-0.6289835282654648,0,-0.741224890559225,2,4,1,1
9283,640,1,7,-0.9994319833433737,0,-0.5671718349509246,1,0,0,1
9284,539,2,2,-0.8422934067387416,0,0.5256276525578617,1,0,1,0
9285,64,2,5,-0.06518710925794294,0,-1.1048380946160437,1,0,1,0
9286,585,2,6,-0.3873175257846526,2,0.25324456476923796,4,2,0,1
9287,578,1,3,-0.8353315698826854,0,-1.3739906523302938,3,1,0,1
9288,504,1,2,-0.9252378219107223,1,1.013471991206639,1,0,0,0
9289,678,1,7,-0.9489001011583359,1,-1.8560260051016368,2,0,0,1
9290,365,2,2,-0.917116307788167,1,-0.5498043061831036,2,0,0,0
9291,567,2,5,-0.9051267340463296,0,-1.6491701281972992,1,1,1,0
9292,186,1,4,-0.9160543149395557,0,-1.0477417920084224,2,0,0,0
9293,581,2,4,-0.950240259216918,0,1.258654762645417,2,0,0,0
9294,890,1,6,0.2066641650117398,0,0.7285908704205053,3,0,0,1
9295,301,1,7,1.8753219882579828,0,0.5840586663993739,1,2,0,1
9296,348,1,1,0.9630426607996513,2,-0.1986428248003331,2,0,1,0
9297,357,0,3,-0.6935361553916454,0,0.23999369403438697,2,0,0,0
9298,525,2,3,-0.775451871938455,1,-0.9674232661858762,1,1,0,0
9299,287,2,2,-0.9579267700442093,1,0.03837846994899335,2,0,0,0
9300,584,2,4,-0.8353222114609682,0,-0.6257351918780582,0,1,0,1
9301,669,1,5,-0.1547306707279601,0,0.7377408296732465,2,1,0,1
9302,606,2,5,5.3784936655052,0,-0.9474666085757132,1,0,0,0
9303,146,1,2,0.9848531546241266,2,0.6153437035319695,1,1,1,0
9304,699,2,3,-0.2720575491619741,0,-0.6515953776116864,2,0,0,0
9305,687,2,4,-0.44775211044102964,0,0.33985830259003097,2,0,0,0
9306,666,1,3,-0.8451658619015541,1,0.04054446984083263,1,0,0,0
9307,574,1,5,-0.45629611809728304,0,-0.10177652322944847,0,4,0,1
9308,544,1,6,-0.08890715550697709,1,1.3866213703603714,1,3,0,1
9309,706,0,3,-0.08735872655425263,2,0.0013132108978649983,1,4,1,0
9310,884,1,5,-0.17851072072640528,2,-1.0019058890418164,1,0,0,1
9311,309,1,6,0.7592011178279632,0,-1.5274407019279366,0,0,1,1
9312,715,2,4,-0.28215064622175906,1,-1.4274260248435515,1,2,0,0
9313,482,1,5,-0.3566540255045311,0,-1.1343185789882588,1,1,0,0
9314,474,1,5,-0.6366699937694965,0,-1.1123928819990108,2,0,0,0
9315,192,1,4,-0.8057218431689052,2,1.6661672641293628,2,0,0,1
9316,443,1,4,-1.0064346266128084,1,-0.8969472299709832,2,0,0,0
9317,300,2,4,-0.6124680117884596,2,-0.8502710774118312,3,0,1,1
9318,407,1,8,0.011881491885906802,2,-0.24560155568798814,3,0,0,1
9319,280,1,5,-0.17540030697578762,0,-0.7968856596399422,1,2,0,0
9320,410,1,4,-0.23882153931430886,0,-0.5158757699815774,3,2,0,1
9321,418,1,1,0.49748961989012186,0,-0.7069949318359016,2,0,0,1
9322,519,2,4,-0.7382656348302531,1,-1.213253512218243,1,0,0,1
9323,177,2,5,0.14640387255945134,0,-0.584055439890885,0,0,0,0
9324,210,1,3,-0.05753296214701564,1,0.9127410106003173,3,0,0,1
9325,572,1,9,-0.5868013246623918,0,0.6962665957616729,4,3,0,1
9326,340,1,8,-0.7570540871309717,0,-0.6593479406599349,2,1,1,1
9327,714,1,2,-0.16661813919118118,0,0.556770708968799,1,2,0,0
9328,545,1,5,1.9448595465641128,1,1.1879030448508139,2,0,0,0
9329,621,2,5,-0.9270834961998555,0,-0.7462964684142832,0,1,0,0
9330,782,1,2,2.1016610480677493,0,0.6757287709874256,2,0,1,0
9331,438,1,7,-0.3721470764538131,2,0.32966903133201675,1,1,0,1
9332,385,1,6,0.2513147737498744,0,0.4909926574770293,0,1,0,0
9333,674,1,4,0.6455037157691346,1,1.2668783993985864,3,0,0,1
9334,601,2,7,-0.8407535132749165,1,-0.8802498975963379,2,0,0,1
9335,462,1,1,-0.9610775447178104,2,-1.0510672317597665,1,2,1,0
9336,778,1,2,-0.867983688107807,0,-0.9798061739039198,2,0,0,1
9337,457,1,4,-0.5837787584108571,0,-0.6425052221654796,4,0,0,1
9338,506,2,1,2.181966785044176,2,1.037830480888652,1,2,0,1
9339,504,1,6,-0.9633993111333112,0,-0.8332925749039265,1,2,0,0
9340,313,2,4,1.5584582468640018,0,0.24138523373828555,2,0,0,0
9341,515,1,2,-0.16985785041871185,2,-1.1589129407185017,2,0,0,1
9342,779,2,1,-0.8980538087675958,0,0.8648718172038067,3,0,0,1
9343,588,2,3,-0.8392735968167536,1,0.6863229531723694,2,0,1,0
9344,506,1,5,0.18113926279876003,1,-0.9703460456507241,1,0,0,0
9345,467,2,2,-0.05419114588695553,1,-1.238032334560312,2,0,0,0
9346,566,1,5,-0.821462288107052,0,-1.089714313425997,2,0,0,0
9347,649,1,4,1.379098854347711,0,1.99414274033276,2,0,0,1
9348,621,1,1,-0.8628213782204223,2,2.1720285359554867,0,4,0,1
9349,433,1,8,-0.27905322773000707,1,0.4271310887734858,2,3,0,1
9350,564,1,7,-0.2436243897991236,1,3.001709038114382,1,2,1,1
9351,595,2,2,1.0711561869761246,0,1.5373820610401872,2,2,0,1
9352,298,2,6,-0.9850816170668735,1,1.7278547772732589,0,0,0,1
9353,533,1,2,-0.8586513788352393,0,1.3554721030458776,2,1,0,0
9354,67,2,4,-0.8175181981927728,0,0.6358176106281463,2,1,0,0
9355,596,1,3,-0.941808423099981,2,-0.30922828922523826,1,1,0,0
9356,632,1,3,0.007462942995288501,0,-0.5034882238930374,0,0,0,0
9357,649,2,3,-0.7425612975912025,2,1.1697243011892453,1,1,0,0
9358,420,1,3,-0.1335727663868964,2,-1.2540451080302304,1,1,0,0
9359,561,1,2,0.5442846852143814,1,-0.06994617892864166,2,2,0,1
9360,784,2,2,-0.4737487652683445,1,0.9609622471193466,1,1,1,0
9361,782,1,2,0.48185301970111,0,-1.5657590615280217,1,1,0,0
9362,494,1,7,0.5223293576442821,1,0.8480762005975232,3,2,0,1
9363,527,1,4,-0.6968978076300295,1,-1.4840081715661415,1,2,0,0
9364,722,1,6,-0.99172253905821,1,-1.0495169009890295,1,0,0,0
9365,199,0,1,-0.8969871782917175,0,-0.8266806016360941,3,0,0,1
9366,435,1,2,0.7563437153841361,1,0.5008988230324373,1,0,0,0
9367,767,1,6,-0.4792728339016034,1,-1.2591306523262134,2,0,0,0
9368,695,1,3,0.8503007246211739,1,-0.8212236797897017,3,1,0,1
9369,573,1,3,-0.2013145236073216,2,-0.20815163819148605,2,0,0,1
9370,198,1,5,-0.7842132053188274,1,0.30437918980500933,3,1,0,1
9371,490,1,3,0.25903911872787955,0,0.8704587445740558,2,1,0,1
9372,382,1,8,-0.17703878360846537,0,0.9375979914223218,2,2,0,1
9373,566,1,6,-0.5668912814386549,0,-0.5996754641306926,1,0,0,0
9374,338,1,2,-0.9144898793963372,0,1.094986446527855,4,0,0,1
9375,294,2,4,-0.8981020813343938,0,1.5167853156472941,2,0,0,1
9376,87,2,1,-0.7954091658518748,0,1.6651714422912365,2,0,0,1
9377,744,2,2,0.12881694782842448,0,-0.5990403080768157,1,0,1,0
9378,420,1,5,0.3162291049157848,0,0.0698285014721528,1,2,1,0
9379,531,1,5,0.005898066658734604,0,-1.3646634323231488,1,2,1,0
9380,499,2,3,-0.5894490992223941,2,2.4854302312106804,2,3,0,1
9381,286,1,3,-0.4172837201708866,2,1.189000946858551,2,0,0,0
9382,248,1,6,0.24961942172841453,0,-0.2973089054782589,2,0,0,0
9383,298,2,6,0.08894612703700892,2,-1.1246329328595865,2,0,0,0
9384,355,2,2,0.5003388335062038,0,0.29390537252908594,2,2,0,0
9385,573,0,2,-0.7272139539631296,1,-0.6057295021539181,2,0,0,0
9386,340,2,5,-1.0032876950923486,1,-0.3482059414351109,3,0,0,1
9387,849,1,6,-0.6927204693579915,2,0.2271636283497266,3,0,0,1
9388,705,1,8,-0.5730139044378909,0,-0.8469658124960368,1,0,1,1
9389,661,2,1,2.279153257417746,0,0.9768166024707127,1,0,0,1
9390,476,1,3,-0.7581095068573567,1,-0.9002559966690276,0,0,0,0
9391,802,2,4,0.7730825467653916,1,2.4727773035472604,1,0,0,1
9392,456,1,6,-0.01700201919236331,0,-0.8276618448498144,1,0,0,0
9393,493,1,5,-0.8213643324492151,0,0.6234713413315338,2,0,0,0
9394,533,2,6,-0.4823509460071771,1,1.9592246185481563,2,0,0,1
9395,640,1,5,-0.2819953803430257,0,-1.407606821179201,1,0,0,0
9396,627,2,4,-0.578832496716714,2,0.13344877566358102,1,0,0,0
9397,404,1,6,-0.7471055018780351,2,-0.8255795268814208,3,0,0,1
9398,393,2,3,-0.7113923338354754,1,1.4037630859127548,2,1,0,0
9399,627,1,6,-0.11285487926348528,0,-1.0668818718900288,3,2,0,1
9400,643,1,5,0.17713627919899144,1,-0.9554144010641281,2,2,0,1
9401,421,1,7,-0.3641094806691879,0,0.30912077238427116,1,0,0,1
9402,182,1,5,1.8834785301523451,1,0.7123702907264254,3,1,0,1
9403,458,2,3,0.31845620040363254,0,-0.35685347014390595,2,0,0,1
9404,624,1,1,1.253512649724828,1,-1.0799287309568864,3,2,0,1
9405,861,1,2,-0.3512101938672633,1,-0.24596975680040123,1,3,1,0
9406,260,1,3,-0.9926125613911913,1,0.5168408804665086,2,4,0,0
9407,414,1,3,-0.09588144420811918,0,-0.47618439031813053,3,0,1,1
9408,422,1,5,0.726447314741827,0,1.464434676632725,0,1,0,0
9409,771,1,6,-0.22569880143335627,1,-0.013622271759350248,0,2,0,0
9410,493,1,5,-0.15442529471902577,2,1.077264966458826,0,0,0,0
9411,318,2,3,2.7428639444536884,0,2.262397326804268,1,0,0,1
9412,611,1,1,-0.5441425203468736,1,1.0247192941314693,3,0,0,1
9413,419,0,5,0.6386435830852853,1,-1.0791527628640745,1,0,0,0
9414,255,1,2,-0.29249804747375213,0,-0.058104886847493584,0,1,0,0
9415,321,1,7,-0.37413494782217044,0,-0.46102075075000293,1,0,0,1
9416,846,1,2,-0.8478463394661557,1,1.218083134454628,1,2,0,0
9417,576,1,6,0.39560974665044457,1,-1.489621540210382,3,4,1,1
9418,521,1,4,0.7550229435655419,2,-0.7762453789986224,1,4,0,1
9419,450,2,2,-0.4345729042972422,2,-0.26591827375803173,2,0,0,0
9420,558,1,3,0.4587110619241893,0,-0.7325842741999,3,1,1,1
9421,556,2,6,-0.12282235830556114,0,0.4131911005344483,1,0,0,1
9422,558,1,5,-0.7049694367894195,0,1.582949381476283,2,1,0,1
9423,522,1,5,1.6093917235286737,0,-0.8958538194944565,2,2,1,0
9424,673,1,3,0.20579401045371337,1,-0.12754485080572928,2,0,0,0
9425,504,2,3,1.1346103806291514,0,0.3926951653230804,1,0,0,1
9426,304,1,7,-0.6716756057490192,2,1.8759376558941656,3,0,0,1
9427,377,2,6,1.5158051505858148,0,-0.13708645655963475,3,2,0,1
9428,104,1,6,-0.546507069986161,0,0.2656264629628591,2,2,0,0
9429,905,1,2,-0.9981223090517461,1,-0.21749905320636959,1,0,0,0
9430,672,1,4,-0.9285386353105047,1,-1.5595093146272483,2,1,0,0
9431,333,2,9,-0.9126805039083747,1,-1.6401327191355328,0,3,0,1
9432,443,2,2,-0.7717846158727091,0,0.3928377543182143,1,2,0,1
9433,372,1,6,-0.7978998338538644,2,1.3791258155092427,2,0,0,1
9434,808,2,7,-0.9472070694626805,0,-0.766634970050855,1,0,1,1
9435,216,1,4,1.2882501113339802,2,0.5692923606926277,0,4,0,1
9436,522,2,1,0.7843098661993513,0,-0.0018431114351374137,1,0,1,0
9437,478,2,1,0.45567315088106664,1,-1.3734597684792738,3,2,0,1
9438,665,2,8,-0.3444571487831396,1,-1.4766578432477067,2,0,0,1
9439,479,2,2,-0.44476060720226623,1,1.1510314029195525,1,2,0,1
9440,148,1,1,-0.44437777913110627,0,-0.10017818763497145,2,0,0,0
9441,449,1,3,-0.6991814199076709,1,1.4262638812043196,3,1,0,1
9442,305,1,4,-0.05469975289270097,2,1.2654689005464026,2,0,0,0
9443,515,1,2,-0.9459262415591025,0,-0.12359980137343744,1,4,0,0
9444,786,1,2,0.08574822527030469,0,-0.4495745526078022,1,2,0,0
9445,152,1,4,-0.2742861840268512,1,-0.7414840108335542,0,0,0,0
9446,339,1,4,0.7167606200395855,1,0.25229466603310247,0,0,1,0
9447,389,1,5,2.6560962030548363,0,-0.7706050193382594,1,0,0,1
9448,423,1,4,1.1202954473963305,1,-0.08755512463244411,1,3,0,0
9449,648,1,2,0.2865776136502361,1,0.9020515559558168,0,0,0,0
9450,465,2,1,-0.4311610066632283,1,-0.0455563699739091,4,0,0,1
9451,583,1,5,-0.7622719617325467,2,-0.04202420738589359,2,2,0,0
9452,374,2,1,0.10406326568789125,0,-0.2710171664271187,1,0,1,0
9453,545,1,3,-0.7788721124048571,0,-0.6508152536784646,1,0,0,0
9454,655,1,7,-0.9870468719658049,2,-0.7100228706287494,4,2,0,1
9455,353,1,3,-0.14179676138753394,1,-0.20018122034360294,1,0,0,0
9456,656,1,6,-0.49821097696394934,0,-1.057842941395247,0,0,0,0
9457,510,1,1,1.115431671331278,0,0.37143905273285577,1,0,0,0
9458,709,1,4,0.0477070939327504,2,-1.5248532395365377,1,0,0,0
9459,459,1,4,0.0519368724724026,1,0.7668550084809418,2,0,0,0
9460,576,1,7,0.5692970881629672,2,-1.6766977034477235,1,0,0,1
9461,491,2,5,-0.5919267295911459,2,-0.6428794105998565,1,1,0,0
9462,480,1,5,2.2205615447964995,0,0.054323156720988176,1,0,0,0
9463,551,1,4,-0.7534321476598811,2,-0.2747676671449043,3,1,1,1
9464,607,1,1,1.0804470061491094,1,0.4190335530721356,1,0,0,1
9465,250,1,7,1.4507751257907384,2,-0.20977437703383897,3,0,0,1
9466,786,0,4,-0.9673602304303834,1,2.447791675697531,2,1,0,1
9467,128,1,3,0.00839849735841165,0,-1.1428016364372964,2,2,0,0
9468,363,1,10,0.39976473639037285,1,-0.8611323487530583,0,0,0,1
9469,481,1,8,2.1201197969537686,1,-1.4289282575468787,4,0,0,1
9470,582,1,5,-0.7133942371139729,2,-1.1071789906591927,1,0,0,0
9471,815,1,4,-0.16856920973875247,1,-0.5820571458362033,3,2,0,1
9472,128,2,1,0.500804663151358,0,0.16444073804968015,2,0,1,0
9473,398,1,2,-0.8445335349072559,1,1.455378172285319,1,4,1,0
9474,74,1,2,0.9420965444756266,0,1.089658419975504,2,0,0,0
9475,506,1,2,-0.48212376528958656,2,-1.3137473374296025,0,0,0,1
9476,554,1,2,0.030540832012960897,0,-1.250846843745649,0,1,0,0
9477,818,1,6,-0.9641824597440732,2,2.5713701373281315,1,0,0,1
9478,524,1,8,-0.7513209534342824,0,-0.5496502792618307,1,2,1,1
9479,708,1,3,-0.3463073965299029,1,-0.5804214060499945,3,0,0,1
9480,616,1,3,-0.6606528808247313,0,0.3099519323477929,1,2,0,0
9481,412,1,2,2.212600177755135,1,-1.0001067701217017,2,0,0,0
9482,218,1,3,0.6036252586444882,0,0.6206629373176868,3,0,0,1
9483,555,1,3,1.027928793261411,1,-1.464240431115408,0,3,0,0
9484,201,1,3,-0.3691788307104047,0,-0.8783466546124332,2,4,0,0
9485,759,1,7,-0.3551238378706136,0,-1.508562844337719,0,0,1,1
9486,467,1,3,0.655811359535915,0,0.6185110240964534,3,2,0,1
9487,739,2,2,-0.5092267648909812,2,0.5013159623454403,4,0,0,1
9488,403,2,1,-0.34110099678580574,1,-0.7741049245733425,1,0,0,0
9489,553,0,5,-0.24298727475026694,1,0.25643304612520507,0,0,0,1
9490,541,0,1,-0.05755153118306928,0,2.0679435756892923,1,0,0,1
9491,490,2,6,0.05981099229125208,0,-1.1697738920844731,3,0,0,1
9492,413,0,6,0.15343221834608956,0,1.2653194072927392,1,0,1,1
9493,578,2,5,-0.41082986495217344,1,-1.2284120124112605,1,2,0,0
9494,314,2,5,-0.6521213576543916,1,-0.38212318207487567,2,2,1,0
9495,258,1,5,1.562983440407817,0,-0.20394896084612313,2,0,0,0
9496,748,1,6,0.7749435657903153,0,1.0751612098323335,2,2,0,0
9497,645,2,5,-1.004361415447846,1,-0.849891631311489,1,0,0,0
9498,513,1,4,-0.276238474136305,1,-1.3583700280531563,3,0,0,1
9499,833,2,2,-0.6813418078766634,2,0.9973531468792097,1,4,0,0
9500,446,1,1,0.038983934160732724,1,1.8613238714563596,3,1,0,1
9501,764,1,2,-0.2974885554867498,0,1.667769201140873,1,0,0,1
9502,535,2,6,-0.98610432366998,1,0.1402583107347744,0,2,1,0
9503,295,2,4,0.31548573289653875,0,1.1433721384386362,1,4,0,1
9504,869,1,7,-0.6802423473113931,1,0.2907844695280176,2,2,0,1
9505,698,2,7,-0.7012883936134938,0,0.9206869946434088,1,0,0,1
9506,475,2,1,-0.9748622802325662,0,1.1145016594018784,1,2,0,1
9507,645,1,6,0.7844643863812224,0,-1.2054172196973776,0,0,0,1
9508,419,1,7,-0.1283465299902444,0,0.49816197855405187,3,1,0,1
9509,665,1,3,-0.33324710980551553,2,-0.05299675400482034,3,0,0,1
9510,64,1,2,0.13781785086625584,0,0.5273149738655479,1,0,0,0
9511,296,1,5,-0.576938887940001,0,-0.8062268988820886,3,0,0,1
9512,695,1,5,-0.15071494878579336,2,1.8506996539697926,1,2,0,1
9513,450,1,5,-0.716250771006374,0,-0.29341924695756616,0,0,0,0
9514,541,2,5,-0.9417283805291077,0,2.06273643423016,1,3,1,1
9515,230,1,8,-0.16974503041799205,0,1.8792289095813568,1,0,0,1
9516,869,1,4,-0.75360163749043,2,1.3696575709077379,1,0,0,0
9517,738,1,4,0.4022898568221235,0,-0.7677659743651571,2,1,1,0
9518,459,2,4,-0.3963972138777745,0,1.4234227109542243,2,1,0,0
9519,419,2,6,-0.714725377128838,0,-1.1124393225806861,2,0,0,0
9520,705,1,7,-0.05447059070681954,1,0.6422663206788132,2,0,0,1
9521,896,2,4,-0.8817440685454427,0,1.0875064041173552,1,0,0,0
9522,690,2,7,0.4496899310226777,1,-0.9593662870895275,2,3,1,1
9523,934,2,3,-0.3957758192744466,0,-0.9538166341633343,2,0,0,0
9524,315,2,3,0.6955061581436828,1,0.5866923201420491,3,3,0,1
9525,336,1,5,-0.8567124411347798,1,1.5800643047334393,0,1,0,1
9526,262,1,11,-0.5174805421333328,0,-1.350929646866899,3,0,0,1
9527,588,1,5,-0.8059848983763381,0,2.2409554884958345,0,2,1,1
9528,535,1,7,-0.9436364663338617,1,2.4626593440598556,1,1,1,1
9529,469,1,1,2.1541050041535454,2,0.9358859593987531,0,0,0,0
9530,661,2,5,0.31129502060402303,2,1.5932524039647074,3,0,0,1
9531,746,1,7,-0.6071926689579513,1,-0.7973997171105615,3,0,0,1
9532,194,0,3,-0.7204730968050248,0,1.0520618398710022,3,0,0,1
9533,380,1,3,-0.7753975856636587,2,0.4354296631701469,0,0,0,0
9534,664,1,5,-0.9631495682192324,0,0.1572580017941931,1,2,0,0
9535,406,1,4,-0.89768165105689,0,1.1631374402040588,1,0,1,0
9536,340,1,6,-0.8974120702760644,2,-0.30630367623038135,4,0,1,1
